"id","breed","sex","age","numberOfCatsInHouse","houseType","zone","timeOutside","timeWithOwner","shy","calm","afraid","clever","vigilant","persevering","affectionate","friendly","lonely","brutal","dominant","aggressive","impulsive","predictable","distracted","greeneryInArea","birdCatcher","mammalCatcher","bonus"
"8","13",2,"1","2","4","3","4","3","2","2","1","4","4","4","4","4","3","2","4","2","4","4","4","3","1","5",""
"9","6",1,"3","6","4","3","1","4","4","4","2","5","2","3","5","2","2","2","1","2","1","1","1","3","1","1","My cats have access to an outdoor enclosure"
"10","6","2","3",1,"4","3","1","3","2","4","1","4","4","4","4","4","2","1","1","1","1","3","1","3","1","1","He only has access to the outdoors on a leash in nice weather."
"11","1","2","1","2","4","3","1","4","3","5","1","5","5","5","5","4","3","1","1","1","1","3","1","3","1","1",""
"12","6","1","1","6","4","3","1","3","2","5","1","4","3","4","5","5","3","1","1","1","1","3","3","3","1","1",""
"13","1","1","3","3","4","3","2","3","5","4","5","5","5","5","4","1","5","1","1","3","1","4","4","3","1","1",""
"14","6","2","3","2","3","2","1","3","4","4","4","5","5","5","5","4","2","1","1","1","1","4","1","3","1","1","Only goes out to the cattery and does not try to chase away birds that come inside"
"16","2","2","3","2","3","3","3","3","4","4","4","5","4","5","5","5","2","1","3","5","4","5","4","3","1","2","clingy"
"18","6","1","3","6","4","2","1","3","1","4","1","4","5","5","4","4","5","3","5","4","5","5","3","3","1","1",""
"19","1","1","3","1","4","3","4","3","4","2","1","5","5","5","5","2","1","4","5","4","3","4","4","3","1","5",""
"20","7","1","3","2","2","1","1","2","2","4","2","4","4","4","3","3","3","1","1","1","3","4","3","3","1","1",""
"21","7","2","3","2","2","1","1","2","4","3","4","4","4","2","4","1","2","1","1","1","1","3","4","3","1","1",""
"22","1","2","2","1","4","2","2","3","2","1","3","5","5","5","5","4","5","1","3","3","5","2","5","3","1","1",""
"23","1","2","1","1","2","2","1","3","1","2","1","4","4","4","4","4","1","3","3","4","4","4","4","3","1","2","He loves water and brings his toys"
"24","10","2","4","2","4","3","1","3","3","4","2","4","4","4","4","3","4","1","1","1","1","3","3","3","1","1",""
"25","3","2","1","3","4","3","1","4","1","1","1","5","3","2","2","3","2","4","3","1","3","5","3","3","1","1",""
"27","3","2","4","2","3","2","3","3","2","5","2","5","2","3","5","4","1","1","3","2","1","4","2","3","1","2",""
"28","3","2","3","3","4","3","1","3","2","5","1","5","5","5","5","5","1","1","1","1","1","5","2","3","1","1",""
"29","13","2","3","1","3","3","1","4","4","5","3","4","5","4","5","4","4","1","3","2","2","4","3","3","1","1","Siberian cat, not used to going out"
"30","3","2","3","1","4","2","1","3","3","5","2","5","4","4","4","4","3","1","3","1","3","4","2","3","1","1",""
"31","3","1","3","1","1","1","3","4","3","2","3","5","3","3","4","2","1","1","3","3","2","3","2","3","1","1","Sleep! She sleeps at least 20 hours a day..."
"33","3","1","1","1","4","3","1","3","1","2","3","2","2","4","4","4","5","2","4","3","4","2","2","3","1","1","British longhair, does not go out at all."
"34","3","1","3","2","4","2","1","3","3","5","4","5","5","5","5","4","4","1","4","4","1","4","1","3","1","1",""
"36","13","2","1","3","4","3","1","4","3","3","3","2","2","2","2","1","3","1","3","3","3","2","2","3","1","1","One of my 3 cats comes from outside but the 3 do not go out because they are not yet neutered and I do not want them to reproduce."
"38","3","2","3","2","4","3","2","3","1","4","4","3","4","3","5","5","1","1","1","1","1","5","5","3","1","1",""
"39","3","1","3","1","3","2","1","3","2","4","3","4","4","4","4","1","2","1","3","3","2","4","4","3","1","1","She loves catching flies and spiders"
"40","3","1","1","1","4","3","1","3","3","3","4","4","2","4","5","4","3","2","3","3","3","3","4","3","1","1",""
"41","3","2","1","2","4","2","1","4","1","4","3","2","2","2","2","4","1","3","3","2","3","3","3","3","1","1","For now it is not coming out"
"42","3","1","3","1","4","3","1","3","1","4","1","3","4","3","4","4","2","1","1","3","2","4","4","3","1","1",""
"44","7","1","2","1","3","3","1","3","2","4","4","5","3","3","5","5","3","1","3","2","3","2","3","3","1","1",""
"45","3","2","1","1","4","1","2","3","2","4","1","4","4","4","4","2","4","2","2","1","1","3","4","3","1","1",""
"47","13","1","3","1","3","3","1","2","3","3","3","4","4","4","3","1","4","4","4","1","4","4","4","3","1","1",""
"49","5","1","1","2","2","1","3","3","5","4","3","3","4","4","4","5","2","1","2","3","3","4","4","3","1","4","She brings back earthworms, dead leaves."
"50","3","1","3","1","2","1","2","3","2","4","5","4","5","4","4","4","4","2","4","5","4","3","4","3","1","1",""
"52","3","2","2","1","3","3","2","2","2","5","3","3","4","2","2","2","1","1","3","3","3","3","5","3","1","1",""
"54","13","1","2","1","3","2","3","2","4","4","4","1","3","3","1","2","3","3","3","2","3","3","3","3","1","1",""
"56","8","1","3","3","4","3","1","3","1","4","3","4","4","4","4","1","4","1","4","3","4","2","4","3","1","1","She drinks water from the tap. She is very capricious."
"58","13","1","3","3","4","3","2","2","4","4","4","4","4","4","4","4","4","1","4","1","2","2","4","3","1","2",""
"60","6","1","1","3","4","3","2","3","1","1","1","4","1","4","3","4","1","2","3","3","4","4","4","3","1","1","She is not afraid of anything or anyone, even the vacuum cleaner, she tries to hit it with her paw ??"
"61","13","1","1","1","4","3","1","3","2","5","3","4","4","4","5","5","1","1","3","3","3","2","1","3","1","1","No outdoor outing, enclosure not yet available, R'Mione is the future 1st mother of a British Longhair cat breeder"
"66","5","2","1","1","3","1","1","3","1","4","1","5","5","5","5","5","1","1","1","1","1","5","3","3","1","1",""
"68","5","1","1","3","4","3","3","4","1","3","1","5","4","4","5","5","1","4","3","1","3","4","4","3","1","1",""
"73","3","1","2","1","4","3","1","3","2","5","3","5","5","5","4","5","4","1","2","3","3","3","3","3","1","1",""
"77","3","2","2","2","4","3","1","4","2","5","1","5","4","5","5","4","2","1","1","1","1","4","1","3","1","1",""
"83","3","1","3","2","3","2","2","3","4","4","4","4","3","3","4","1","4","2","1","2","1","3","3","3","1","1","Tied outdoors with 5m leash"
"84","13","2","1","1","3","3","3","3","2","2","4","3","3","4","1","2","4","4","4","2","5","1","3","3","1","1",""
"88","13","2","1","1","3","3","1","3","4","2","3","5","5","3","4","2","3","3","3","3","4","4","4","3","1","1",""
"89","3","2","3","1","2","2","4","4","5","3","4","3","3","1","4","4","3","1","2","4","2","5","2","3","1","1","Meows all the time"
"93","6","2","3","4","3","2","4","2","5","5","4","4","5","4","5","1","5","1","3","1","1","4","2","3","1","1",""
"95","10","1","4","4","3","3","2","4","4","4","5","5","5","5","5","4","5","3","4","5","5","1","4","3","1","1",""
"98","3","1","3","2","4","3","2","2","3","3","3","3","3","3","3","2","2","1","1","1","1","1","1","3","1","1",""
"101","3","1","2","6","4","3","1","3","2","2","1","2","2","2","2","2","1","1","1","1","1","2","1","3","1","1",""
"102","3","1","1","5","4","3","1","3","1","4","1","5","4","5","5","4","1","3","1","1","2","4","4","3","1","1",""
"104","3","2","1","1","3","2","2","4","3","4","3","5","5","5","3","3","3","1","1","1","1","1","2","3","1","1","Go out on a leash in the garden"
"108","3","1","4","2","4","3","1","3","1","5","2","3","2","4","5","5","1","5","2","2","1","3","4","3","1","1",""
"109","5","1","3","1","4","3","2","3","2","2","5","5","4","5","4","2","4","4","4","4","4","4","4","3","1","1",""
"110","13","2","3","2","3","3","3","2","3","5","1","4","5","3","5","4","3","1","3","5","3","3","2","3","1","1","Neutered and dominant cat with outside cats
 Hunting and prey unknown due to lack of garden but goes out into a backyard park"
"111","13","1","1","1","3","3","2","3","3","4","1","5","5","5","3","3","4","1","1","1","2","4","3","3","1","1",""
"112","12","1","2","3","4","3","1","3","1","5","1","5","5","5","5","5","1","1","1","1","1","5","4","3","1","1","Answer for TUV, my EUR is the opposite"
"116","3","2","1","1","4","3","1","4","1","4","2","5","5","5","5","5","1","1","2","2","2","2","4","3","1","1",""
"117","2","1","2","2","4","3","2","4","4","3","3","4","5","5","5","3","2","2","2","1","3","4","5","3","1","1","This is a cat that only goes out under supervision for 1 hour max per day, so it can't hunt, but it is very curious when it hears a bird, for example."
"118","3","2","3","1","4","3","1","3","5","4","3","3","5","4","3","3","5","1","3","3","1","4","2","3","1","1","Indoor cat, has not seen a mouse yet, but his toy mouse, he uses it like a real one. It's funny."
"119","3","2","2","2","4","3","1","3","1","3","1","3","3","3","3","3","1","2","3","3","3","3","3","3","1","1",""
"120","5","2","1","1","4","3","2","4","4","4","4","5","4","4","4","4","2","2","2","2","4","4","4","3","1","1","He's a little afraid to go outside when I'm not with him."
"121","3","2","3","2","3","3","1","3","1","4","3","3","5","4","5","4","2","2","5","1","2","4","1","3","1","1",""
"122","4","1","1","1","1","1","1","4","3","3","3","4","4","4","5","3","3","2","2","3","3","4","3","3","1","1",""
"124","5","1","4","2","4","3","4","3","4","5","4","3","3","3","5","2","4","1","3","2","3","4","3","3","1","2",""
"125","13","1","1","4","4","1","3","3","1","3","1","4","4","3","5","4","1","1","3","4","3","4","2","3","1","1",""
"129","5","1","3","3","2","2","2","4","4","3","3","5","4","4","5","2","1","3","3","1","3","4","5","3","1","1","Curious"
"130","3","1","3","2","2","1","2","4","5","5","2","4","5","3","2","1","4","1","1","1","2","4","2","3","1","1",""
"131","2","2","2","1","4","3","2","4","4","5","1","5","4","4","5","5","1","1","1","1","1","3","3","3","1","1",""
"132","6","2","2","1","4","3","2","4","3","4","3","5","4","4","4","4","3","3","3","2","2","3","3","3","1","1",""
"133","9","2","3","6","3","1","3","3","1","4","1","5","5","5","5","5","1","1","1","1","1","3","4","3","1","1",""
"134","1","1","1","1","3","1","1","3","2","1","3","5","5","5","3","2","3","4","4","3","3","4","3","3","1","1","Half BEN and Abissan cat."
"135","3","2","4","4","4","3","2","3","2","5","1","5","5","4","5","2","2","1","1","1","1","4","2","3","1","2","Very homebody"
"140","4","2","3","2","4","3","1","3","2","4","1","4","4","3","5","5","3","3","3","1","3","4","3","3","1","1",""
"141","13","1","2","2","4","1","1","4","2","4","2","5","3","3","5","5","2","1","1","2","3","3","3","3","1","1",""
"146","13","2","1","1","4","3","3","3","4","3","4","4","2","4","4","3","4","2","3","1","4","4","4","3","1","5",""
"147","3","2","2","2","4","3","1","2","3","1","1","1","1","1","1","2","3","2","2","2","2","1","1","3","1","1",""
"149","5","1","2","2","2","2","1","3","2","4","2","4","4","4","5","4","2","1","2","2","3","3","2","3","1","1",""
"152","3","2","3","6","4","3","3","2","4","5","1","5","3","3","5","4","2","1","2","1","2","4","2","3","1","1","Cats have access to an outdoor enclosure."
"155","13","2","2","1","4","2","1","3","1","3","3","5","1","4","5","5","1","2","2","3","2","5","5","3","1","2",""
"156","5","1","3","1","4","3","3","3","5","4","5","4","4","4","5","2","3","1","1","1","3","3","3","3","1","3",""
"157","5","1","1","1","2","2","1","2","2","4","3","5","5","5","5","4","2","4","3","3","4","2","4","3","1","1",""
"158","5","1","2","6","4","3","1","4","1","2","1","5","4","1","5","3","2","2","4","3","4","4","5","3","1","1","Door opener"
"162","6","2","1","4","3","3","1","3","1","3","1","5","3","4","5","5","1","1","3","1","4","3","4","3","1","1","He stays inside"
"163","10","2","1","4","4","3","1","3","1","4","1","4","2","4","5","5","2","4","2","2","2","4","4","3","1","1",""
"164","13","1","3","6","3","3","1","3","3","4","5","3","4","4","3","3","4","2","1","4","3","4","1","3","1","1","Where does the cat come from (find where to buy)"
"165","6","1","3","2","4","3","3","4","4","4","4","5","5","4","5","2","2","1","5","5","4","3","2","3","1","1",""
"166","6","2","2","2","4","3","3","4","1","5","1","4","4","5","5","5","2","1","2","3","1","3","4","3","1","1",""
"174","8","2","4","2","4","3","3","4","3","5","4","5","5","1","3","3","4","2","3","3","1","3","1","3","1","2",""
"178","5","1","4","1","4","3","1","3","5","5","4","4","5","3","5","2","2","1","2","5","2","4","4","3","1","1",""
"180","4","1","3","4","3","2","3","3","2","5","4","2","2","2","5","5","4","1","1","3","1","4","2","3","1","1","This is a charter collected in front of my school. She was starved and beaten by the neighborhood children. She is no longer clean as soon as her litter box is a little dirty. Very clingy with me."
"182","4","1","4","4","3","2","3","3","2","4","2","4","4","4","5","4","2","1","3","3","2","4","2","3","1","1","This is my ""granny"". She was born at my house. I bottle-fed her. She lived in an apartment for 9 years and then discovered the house and its exteriors when we moved (1 year after our arrival). She comes back as soon as we call her. She climbs the facade like Spiderman to enter through the balcony (my ground floor is street level and my garden is cellar level. The balcony is ground floor level). Rather discreet during the day and as soon as my baby is in bed she comes to get cuddles. She is starting to show herself more with my little boy (He will be 2 years old, he is less ""brutal"" than when he was younger.
 This is the last one I have left in ""chartreuse"". I had the mother (who died of a stomach tumor at 9 years old and her brother, who died of respiratory cancer at 8 years old)."
"183","5","1","3","1","4","3","1","4","2","4","3","4","4","4","5","5","1","2","2","3","2","4","3","3","1","1",""
"184","3","1","1","1","2","2","1","4","1","2","2","5","3","5","5","4","4","2","3","1","1","1","3","3","1","1",""
"187","9","1","3","1","4","1","1","4","1","1","1","5","5","5","4","5","1","4","4","3","4","4","4","3","1","1",""
"188","13","1","2","2","3","1","3","3","1","4","2","4","4","4","4","4","3","2","2","1","2","3","5","3","1","2","Only goes out on a leash in the garden or access to fresh air on the balcony."
"189","5","2","3","6","4","3","2","2","3","4","2","4","3","3","4","3","4","2","2","2","2","3","3","3","1","1",""
"193","13","1","4","1","3","2","1","4","5","4","5","5","5","5","4","1","5","1","3","1","1","3","1","3","1","1",""
"194","12","1","4","3","4","3","1","2","2","3","2","4","4","4","5","5","3","1","4","3","2","4","2","3","1","1",""
"196","6","2","2","2","3","2","1","3","3","3","3","3","3","3","3","3","3","2","3","1","2","2","3","3","1","1",""
"198","4","2","3","2","4","3","3","3","1","4","4","5","5","4","5","4","2","1","4","4","2","5","2","3","1","3",""
"199","1","2","1","3","2","2","1","4","1","1","1","5","5","5","5","5","1","1","4","1","5","4","1","3","1","1",""
"201","5","2","3","2","4","2","2","4","3","4","3","4","4","2","4","4","2","1","1","1","1","3","1","3","1","1",""
"202","11","2","2","6","4","2","2","4","2","1","1","4","4","4","3","1","4","4","4","3","4","1","4","3","1","1",""
"204","11","2","1","1","4","3","3","3","4","1","3","4","4","4","4","3","1","4","2","2","4","1","3","3","1","1",""
"205","13","2","3","2","3","2","4","2","2","4","1","4","3","3","4","3","4","1","1","1","1","3","3","3","1","1",""
"206","11","2","3","3","4","3","1","3","1","3","3","5","5","5","5","5","1","1","3","1","1","1","1","3","1","1",""
"207","2","1","3","3","4","3","3","4","4","4","3","5","5","4","5","3","2","1","1","1","3","3","3","3","1","2",""
"208","6","2","3","3","4","3","1","3","1","5","1","5","5","5","5","5","5","1","1","1","1","1","1","3","1","1",""
"213","11","2","2","1","2","3","3","3","4","2","1","5","3","2","2","1","4","4","5","3","3","4","4","3","1","1",""
"215","1","2","2","1","4","3","4","3","4","3","2","5","5","5","5","2","5","5","5","1","5","3","3","3","1","5","My cat has a weenect gps so I don't lose him ??"
"218","13","2","1","1","3","2","1","3","3","4","2","5","5","5","5","4","3","1","1","1","1","1","3","3","1","1",""
"220","3","1","3","3","3","1","1","4","3","4","2","5","5","3","4","3","4","1","1","3","1","1","1","3","1","1","My cat doesn't go out so he doesn't hunt but he brings me mice or birds as toys."
"221","12","1","4","3","3","1","4","3","3","5","2","4","4","4","3","3","4","1","1","3","1","3","3","3","1","1",""
"222","3","2","3","2","3","2","1","3","3","4","3","4","5","5","4","4","3","1","4","3","1","5","2","3","1","1",""
"223","5","2","1","1","3","2","1","3","2","4","3","4","4","4","5","4","2","2","2","3","2","4","4","3","1","1",""
"228","10","2","1","1","3","2","3","3","3","2","2","4","3","4","4","4","2","3","3","1","4","4","3","3","1","1","As a kitten he is still discovering, hence his first hunting instinct."
"230","13","2","4","4","3","2","4","4","1","5","1","4","4","4","5","5","2","2","1","2","1","1","3","3","1","1",""
"232","3","1","2","1","3","1","1","2","5","5","3","5","5","4","5","2","5","1","1","3","1","4","1","3","1","1",""
"234","13","2","3","2","4","3","4","3","2","3","2","3","4","4","4","5","3","1","1","2","1","3","2","3","1","1",""
"235","13","1","3","2","4","3","4","2","4","2","2","3","4","4","4","2","5","1","4","4","2","3","1","3","1","2",""
"236","6","1","1","3","3","3","1","3","1","3","1","4","4","4","4","4","1","2","2","1","4","3","4","3","1","1",""
"238","11","2","1","1","2","1","1","2","3","4","3","5","3","4","5","5","4","3","5","3","3","3","2","3","1","1",""
"239","3","2","2","1","4","2","1","3","4","3","4","5","4","4","4","4","3","1","2","1","1","1","1","3","1","1",""
"241","13","1","3","1","2","2","2","3","4","3","4","4","4","4","4","1","4","1","3","4","3","4","2","3","1","1","She only goes out on the terrace. She chases straws, cotton buds and even clean sanitary tampons straight from the drawer. She also chases all objects with feathers and brings them to me as gifts."
"243","4","1","3","1","4","3","1","3","4","5","2","4","4","3","5","2","4","2","2","3","3","4","2","3","1","1",""
"244","8","1","4","1","3","3","2","4","3","5","4","5","5","5","5","2","3","1","5","4","2","4","4","3","1","1","Dominates 2 female dogs at home, she's the mistress of the place!"
"249","11","1","1","3","4","3","2","3","1","3","1","5","4","4","5","4","2","3","4","1","2","4","4","3","1","1",""
"250","5","2","1","2","4","3","1","3","4","2","2","4","5","4","5","2","2","1","1","3","3","4","4","3","1","1",""
"252","6","2","2","3","2","1","1","3","4","4","1","5","3","5","4","4","2","1","1","1","1","2","2","3","1","1",""
"255","3","1","2","2","3","2","1","4","2","5","1","5","5","5","5","4","1","1","5","1","1","5","4","3","1","1",""
"256","13","2","1","2","3","2","1","4","1","4","1","5","5","5","5","5","3","1","1","1","4","5","5","3","1","1",""
"260","13","2","3","1","4","2","4","4","4","5","5","4","4","3","5","5","4","1","1","2","1","4","4","3","1","1",""
"261","13","2","2","2","4","2","4","4","1","2","2","4","4","3","5","4","3","2","4","3","3","4","4","3","1","4","Loves to hunt grasshoppers"
"262","3","2","3","2","3","3","4","3","3","3","1","3","4","3","3","3","4","3","4","3","3","3","4","3","1","2",""
"263","5","1","2","1","4","3","5","3","3","3","3","4","4","4","2","2","4","4","3","3","3","3","3","3","1","1",""
"267","11","1","2","2","3","2","1","3","2","1","1","4","3","4","4","4","1","2","2","1","3","3","4","3","1","1","My cat only goes out for walks on a leash."
"268","13","1","3","2","4","3","1","4","3","3","2","5","5","5","4","4","4","2","4","3","3","4","4","3","1","1",""
"271","1","1","2","4","4","3","1","4","1","4","1","4","4","5","5","4","4","2","2","2","4","4","5","3","1","1",""
"272","13","1","3","2","3","1","1","3","5","3","2","4","2","3","5","1","5","2","5","4","3","3","3","3","1","1",""
"273","1","2","3","4","3","2","1","2","2","4","3","4","5","5","5","1","4","3","5","4","4","4","5","3","1","1",""
"274","5","2","1","2","4","3","4","3","1","4","3","4","4","3","4","4","4","1","1","1","1","4","4","3","1","5",""
"276","1","1","1","2","4","3","1","3","1","2","1","4","2","4","2","4","2","1","4","1","4","2","3","3","1","1","It's a cat dog.
 She comes to see me at the door when I come home from work. She brings back the objects."
"277","1","1","1","3","2","1","1","3","2","1","1","4","4","4","4","4","2","2","2","2","4","4","3","3","1","1",""
"278","6","2","2","3","2","1","1","3","4","4","1","5","4","5","4","4","1","1","1","1","1","3","3","3","1","1",""
"283","5","1","3","3","4","3","3","3","4","4","5","3","3","1","5","2","1","1","2","1","1","5","5","3","1","1","Learned tricks (giving paw, jumping into arms, etc.)"
"284","1","2","1","3","4","3","1","3","4","4","2","4","4","4","4","4","2","2","2","2","2","4","4","3","1","1",""
"286","1","2","3","1","3","1","2","4","1","1","1","5","4","5","4","4","1","4","5","5","5","4","4","3","1","2","Very intelligent, dominant with others but adorable with us adults, children and anyone else who comes to my house."
"287","6","1","3","3","4","2","3","3","4","4","1","5","5","5","3","4","1","1","2","2","2","4","3","3","1","1","she can't go far, harness and very long leash"
"288","5","1","3","2","4","3","1","3","5","4","4","5","5","4","5","2","2","1","1","2","2","4","2","3","1","1","Ultra cuddly"
"290","5","1","3","4","4","3","2","4","4","4","4","4","4","3","4","4","3","1","1","1","1","4","4","3","1","1",""
"291","5","2","3","3","4","3","4","2","4","4","2","4","4","3","4","1","1","1","1","1","3","4","3","3","1","1",""
"293","1","2","3","2","3","2","3","2","1","4","1","3","3","3","4","4","1","1","4","4","2","4","2","3","1","2",""
"294","1","2","1","1","2","1","2","3","1","1","3","5","5","5","5","5","1","4","5","3","5","5","5","3","1","1",""
"297","6","2","3","6","4","3","4","4","1","1","1","4","2","3","5","5","1","2","1","1","1","4","5","3","1","2",""
"298","1","1","2","1","4","3","1","3","3","3","2","4","4","4","4","4","3","3","4","4","4","3","3","3","1","1",""
"299","2","1","4","1","4","3","2","4","1","1","2","5","5","3","5","3","1","2","1","2","2","4","3","3","1","1","She is 11 years old and has always been like this"
"300","1","2","3","3","4","3","2","3","1","4","1","5","5","5","5","4","2","1","5","3","3","5","1","3","1","1","Talkative"
"301","1","2","3","4","4","2","3","3","1","1","1","5","5","5","3","5","5","2","3","1","5","5","3","3","1","1",""
"302","1","1","3","3","3","3","1","3","2","5","2","5","5","5","5","1","5","1","1","1","1","5","3","3","1","1",""
"304","1","1","2","1","4","3","3","3","2","2","1","5","5","5","5","2","2","2","2","1","4","3","3","3","1","1","Very exclusive towards us, does not like strangers. Adorable and cuddly with me, very playful with my companion. Sleeps often or all the time with us. Has borderline canine behaviors."
"305","5","2","3","3","3","1","3","4","2","2","3","4","4","4","4","4","3","1","4","3","1","2","1","3","1","1",""
"307","5","2","3","1","3","1","3","3","3","1","4","5","5","5","4","2","4","2","5","4","5","1","2","3","1","1","Lived in an apartment for the first 3 years so didn't know nature"
"308","13","2","4","1","3","2","3","4","2","4","4","4","4","5","5","4","3","2","2","3","5","1","3","3","1","1",""
"309","6","2","1","5","2","1","3","4","4","4","2","5","5","5","5","5","4","1","5","1","1","1","1","3","1","1",""
"310","5","2","3","3","4","1","2","4","4","4","2","5","5","2","4","4","4","1","3","1","1","5","2","3","1","1",""
"311","7","1","4","6","3","2","3","3","2","4","2","5","5","4","5","5","2","1","1","1","3","4","4","3","1","1",""
"312","6","2","3","2","4","1","1","2","3","4","3","5","5","4","5","3","2","1","1","1","1","3","4","3","1","1",""
"313","1","1","2","3","4","3","3","2","3","2","3","4","4","4","5","3","3","2","4","3","4","3","3","3","1","4",""
"319","5","2","1","2","4","2","3","3","1","4","1","4","4","4","4","4","1","1","3","1","1","2","2","3","1","1","He only hunts earthworms"
"322","3","2","3","2","4","3","2","4","4","5","2","4","5","5","3","1","4","1","1","1","1","4","1","3","1","2",""
"324","13","2","3","3","2","2","2","3","1","4","1","5","5","5","5","5","2","3","4","2","4","5","4","3","1","1","Breed: Egyptian Mau - Special feature: Blind"
"326","13","1","4","2","3","1","2","3","1","2","1","4","4","5","5","2","3","5","4","3","4","4","2","3","1","2",""
"327","13","1","1","2","3","1","3","3","1","2","1","5","5","5","5","5","1","2","2","2","2","3","3","3","1","3","Savage"
"329","1","2","2","1","4","3","3","3","2","2","2","5","2","5","4","3","4","2","3","2","3","3","5","3","1","1",""
"330","6","1","3","3","3","2","1","3","4","4","1","5","4","4","3","2","3","1","4","1","1","2","3","3","1","1",""
"332","7","1","1","1","4","3","1","3","4","4","3","3","5","5","5","5","3","1","1","3","3","5","5","3","1","1",""
"338","9","1","1","2","2","1","1","3","1","3","1","2","3","3","3","3","1","1","1","1","1","2","3","3","1","1",""
"339","7","2","3","2","4","3","1","2","3","5","1","3","4","4","4","3","5","1","5","4","1","4","4","3","1","1",""
"340","5","1","4","1","4","3","1","2","5","5","1","5","5","5","4","1","5","1","3","5","3","4","1","3","1","1","Since our interim move from R to town and then back to R again, she has been fearful and does not go more than 2 m from the living room window."
"341","1","2","1","1","4","1","1","3","2","2","2","5","4","4","4","4","2","2","4","1","4","2","2","3","1","1",""
"342","9","2","3","2","4","2","1","2","1","4","4","4","5","2","5","4","1","1","1","1","2","4","5","3","1","1","My cat has a predatory instinct when he plays (mice, feather dusters, lasers, etc.)"
"345","7","1","3","3","4","3","2","4","1","5","2","5","2","2","5","4","1","1","4","1","1","5","2","3","1","1",""
"346","1","2","2","2","3","2","2","2","1","4","1","5","5","5","4","2","4","2","4","1","1","4","3","3","1","1","They have access to the outside but in an enclosure"
"347","8","2","3","2","4","2","1","2","3","4","1","4","4","3","5","4","2","1","3","1","2","2","3","3","1","1",""
"349","7","1","2","4","4","3","1","4","1","1","1","1","1","1","1","1","3","3","3","3","3","1","1","3","1","1",""
"351","9","2","2","2","3","2","1","3","1","5","4","5","5","3","5","4","1","1","1","1","1","5","3","3","1","1",""
"352","9","2","1","2","3","2","1","3","1","2","1","5","3","3","4","4","1","1","1","1","3","5","4","3","1","1",""
"353","2","2","3","5","4","2","3","2","3","5","1","4","3","3","4","5","3","1","1","1","1","5","3","3","1","1",""
"355","2","1","4","2","3","3","1","4","3","4","2","4","5","5","5","4","4","1","5","5","5","5","5","3","1","1",""
"356","5","2","3","1","3","2","4","3","2","4","3","4","5","5","4","4","3","1","4","3","1","2","2","3","1","1","He only drinks from the tap, likes to go out in the rain and spent the first 3 months of his life in a garden, then 4 years in an apartment and now in a house."
"357","8","2","2","2","4","1","1","4","4","5","3","4","4","4","5","4","1","1","2","2","4","4","4","3","1","1",""
"358","8","1","3","1","4","3","2","3","2","5","3","3","2","1","3","3","4","1","2","3","2","4","2","3","1","1",""
"361","5","2","3","2","4","3","3","2","5","5","3","5","5","1","3","1","5","1","3","3","3","1","1","3","1","2","He comes from the city"
"363","9","1","1","1","3","2","1","4","1","2","3","5","1","5","5","5","1","1","5","3","2","4","5","3","1","1","Indoor cat"
"364","1","1","2","1","3","1","3","3","2","3","2","5","5","4","5","4","1","1","2","1","1","4","4","3","1","1","My cat catches insects and lizards regularly (insects every day and lizards from time to time)."
"366","5","1","4","3","4","3","1","3","5","5","5","5","5","5","5","3","2","1","1","1","1","3","2","3","1","1","She is 17 years old. When she was young, she was a fearsome hunter..."
"367","12","1","3","1","3","3","1","3","1","5","2","5","5","4","4","2","4","1","4","1","1","4","2","3","1","1",""
"368","7","2","3","2","4","3","1","3","3","4","3","4","4","4","5","4","3","1","1","1","2","2","3","3","1","1",""
"369","13","2","3","3","4","3","1","4","2","4","1","4","4","3","5","5","3","1","2","1","2","3","4","3","1","1","My cats don't go outside but love to play with feather dusters and other hanging feathers"
"372","7","1","3","2","3","3","1","3","2","4","2","3","4","1","4","4","4","1","4","3","1","5","1","3","1","1",""
"373","9","2","2","1","4","3","2","3","2","2","4","4","5","4","5","4","1","1","4","5","2","4","4","3","1","1",""
"374","1","1","3","5","3","2","3","3","5","4","5","5","4","4","3","2","2","4","4","5","4","5","1","3","1","2",""
"375","9","2","3","4","4","3","1","3","1","2","1","4","4","4","4","4","1","1","4","1","4","4","4","3","1","1",""
"377","1","2","3","1","2","1","4","2","2","4","1","5","4","5","3","3","4","3","5","5","3","4","1","3","1","4",""
"378","7","2","3","1","4","1","1","2","2","2","3","2","2","2","3","3","2","3","3","3","3","2","3","3","1","1",""
"379","6","2","2","3","4","2","3","3","2","5","1","5","5","5","5","2","2","3","1","1","1","5","5","3","1","1",""
"380","6","2","4","1","3","2","3","4","4","5","2","5","5","2","5","4","2","1","4","3","1","4","1","3","1","3",""
"382","1","1","3","2","3","3","1","3","3","5","3","4","4","4","5","4","3","1","3","1","2","3","2","3","1","1",""
"384","1","2","3","1","2","1","1","3","2","2","2","3","3","4","4","4","1","1","1","1","4","4","4","3","1","1",""
"385","9","1","1","2","2","3","2","3","1","3","1","4","3","5","5","5","1","3","1","1","1","3","3","3","1","1",""
"386","7","1","3","3","4","3","2","3","2","5","2","5","4","4","5","5","2","2","5","2","3","3","3","3","1","2",""
"389","5","1","1","2","4","3","3","3","5","3","5","4","4","4","5","4","4","1","3","4","3","4","4","3","1","3",""
"390","9","2","3","2","4","3","1","3","1","5","1","4","4","5","5","5","1","1","1","1","1","1","3","3","1","1","He is very affectionate. But above all he is always with us no matter where we go."
"391","2","1","1","2","4","3","1","4","1","4","2","4","3","4","5","5","2","1","2","1","3","2","4","3","1","1",""
"394","9","2","3","4","2","3","3","4","1","2","1","4","4","4","4","4","1","2","4","1","4","4","1","3","1","1",""
"395","8","2","3","3","4","3","3","3","3","5","2","5","5","4","5","2","3","1","4","3","2","2","4","3","1","2",""
"396","7","1","4","6","4","3","1","4","1","4","1","5","3","5","5","5","2","1","4","1","1","4","4","3","1","1","She is stubborn when she wants something she gets it from you but also from other cats. No one refuses her anything, otherwise she will come back until she gets what she wants. She is your first mother of my breeding, she is unique, she is miss Flory'ann"
"397","5","2","1","1","4","3","3","3","4","2","3","4","5","3","3","2","3","4","3","2","4","2","1","3","1","1",""
"398","13","2","3","3","4","1","1","4","2","3","1","5","5","5","5","3","1","1","3","1","3","4","3","3","1","1","I have 3 cats, 1 ORI of 14 years and 2 orientals (a gray and a black) of 4 years, as they do not go outside, they chase their toys or chase each other. They are quite active and do not tolerate being alone without their humans. If we ignore them, they do mischief by looking at us hoping to attract our attention for cuddles."
"400","8","1","2","2","4","3","1","2","4","4","1","3","2","4","4","2","2","3","1","2","2","3","3","3","1","1",""
"402","10","1","2","1","4","3","1","3","3","3","3","5","5","5","5","5","3","3","4","3","3","4","4","3","1","1","She is in the process of transitioning to go outside, it's just that she comes from an animal association."
"405","2","1","3","2","2","1","2","4","1","5","5","3","5","3","2","5","5","3","5","5","2","5","3","3","1","1",""
"406","3","2","2","2","2","2","2","3","4","4","4","4","4","4","4","1","4","1","1","1","1","4","4","3","1","1",""
"407","7","1","2","2","2","2","2","3","1","4","1","4","2","2","2","4","1","1","4","1","4","1","4","3","1","1",""
"408","8","1","3","2","1","1","1","3","4","2","3","4","3","2","5","4","1","1","2","1","1","4","3","3","1","1",""
"409","13","2","3","1","3","2","3","3","2","4","1","5","4","4","5","4","4","2","5","4","3","4","3","3","1","1",""
"410","8","2","1","1","4","3","1","4","1","4","3","4","4","4","4","4","1","1","1","3","2","4","3","3","1","1",""
"411","8","1","3","2","1","1","1","3","1","2","1","5","4","4","5","5","1","1","1","1","1","4","3","3","1","1",""
"412","8","1","1","1","4","2","1","3","1","4","3","5","3","3","5","3","1","1","1","3","3","4","1","3","1","1","as she is a 7 month old RAG she does not go outside so no contact with other cats. In the context of the pandemic we do not see anyone but I think she would be friendly."
"413","1","2","1","2","3","3","3","3","2","1","1","5","5","5","5","4","1","5","3","1","1","4","4","3","1","1",""
"415","7","1","3","1","4","3","1","2","4","5","3","5","4","4","5","5","2","1","2","3","1","5","2","3","1","1","His ""protective"" rituals always involve sleeping at the same time as the baby, whether for a nap or in the evening, watching over him without getting into the crib."
"417","12","2","3","2","3","1","3","2","1","2","3","4","3","3","4","4","2","5","1","2","3","4","3","3","1","1","Affectionate but died after 2 minutes of caressing..."
"418","13","1","3","3","3","1","2","3","5","4","3","4","3","3","4","2","1","2","1","1","3","4","3","3","1","2",""
"419","7","1","3","3","4","3","1","3","4","5","2","4","4","2","4","2","4","1","1","1","1","4","4","3","1","1",""
"420","8","1","3","1","3","1","2","2","1","5","3","5","5","5","5","5","2","1","4","3","1","5","5","3","1","1",""
"422","5","2","3","1","3","1","3","4","5","4","4","5","3","2","4","4","4","2","2","2","2","2","2","3","1","1",""
"423","8","1","2","1","4","3","1","2","1","4","4","4","3","3","5","4","2","1","1","3","3","4","4","3","1","1",""
"424","7","2","3","1","4","3","2","3","2","5","3","5","5","5","5","3","1","1","1","1","1","5","3","3","1","1","Includes about sixty words"
"426","9","1","2","1","4","3","1","4","2","5","1","5","5","5","5","5","1","3","2","1","3","5","4","3","1","1","Don't go out because you risk catching a cold/sunburn from being naked. Chase away game from the house: spiders, flies, etc."
"428","8","2","3","1","3","3","1","2","2","5","3","3","2","1","2","3","5","1","3","3","2","4","4","3","1","1",""
"430","1","1","2","6","4","1","1","3","1","2","1","5","5","5","5","3","1","4","3","1","5","3","2","3","1","1",""
"431","7","1","3","6","4","3","3","3","1","4","2","4","4","4","5","4","2","1","1","1","1","4","3","3","1","1","My father has only been out of the house for a few months, I just installed the cat flap so maybe she will go hunting in the summer"
"433","6","2","1","3","4","3","1","3","1","2","1","5","4","5","5","5","1","1","4","1","4","5","5","3","1","1",""
"434","7","1","3","6","4","3","1","3","5","5","2","4","5","2","1","1","5","1","1","1","1","5","4","3","1","1","She doesn't go out, she's afraid"
"435","7","2","3","6","4","3","1","3","2","5","2","4","4","4","4","4","4","1","1","1","1","4","4","3","1","1","He doesn't go out, he's afraid"
"437","13","2","3","2","4","3","2","3","4","4","4","5","4","4","5","2","3","1","1","3","3","3","3","3","1","1",""
"438","13","2","1","1","2","3","1","3","2","3","4","2","3","5","4","4","2","1","2","3","4","3","4","3","1","1","don't go out"
"441","13","2","3","2","3","3","1","4","3","4","4","4","3","3","5","2","4","3","3","2","2","4","3","3","1","1",""
"442","1","1","3","2","3","3","1","4","2","2","2","5","5","5","3","4","4","2","2","2","2","3","2","3","1","1",""
"446","8","2","3","6","3","2","1","3","1","5","1","5","4","4","5","5","2","1","2","1","1","5","2","3","1","1",""
"450","9","1","1","1","4","2","1","3","1","4","3","4","4","4","5","5","2","1","1","1","3","4","4","3","1","1","The SPH cannot go outside or under supervision with a harness. So he does not hunt paw"
"452","8","1","1","2","4","3","1","4","4","2","3","5","4","2","4","4","1","1","1","2","4","5","5","3","1","1","She has been raised by humans since she was two weeks old."
"454","8","2","3","2","4","3","2","4","1","4","1","4","2","2","4","4","1","1","1","1","1","4","1","3","1","2","Reports, follows the human constantly"
"455","7","2","4","2","3","2","1","3","1","5","2","5","4","5","5","5","1","1","1","2","1","4","1","3","1","1",""
"457","7","1","4","2","4","3","2","1","2","5","4","3","3","3","2","4","5","1","1","2","1","5","1","3","1","1",""
"458","7","2","1","1","3","2","2","4","2","3","1","5","4","4","5","4","1","2","3","1","3","3","3","3","1","1",""
"460","13","1","4","1","4","1","1","3","1","4","3","5","3","4","4","4","2","2","1","3","1","4","3","3","1","1",""
"461","1","2","3","4","4","3","1","3","1","3","1","3","3","3","2","2","5","4","4","4","4","2","3","3","1","1","He managed to kill a bird that had come to land on the door ledge."
"462","8","2","3","2","3","1","2","3","5","4","2","3","1","1","3","3","1","1","3","1","1","1","5","3","1","1",""
"463","1","1","2","2","2","2","1","3","1","2","5","5","5","5","5","5","1","4","5","4","4","3","3","3","1","1","Catching insects (flies, ants, spiders, etc.)"
"466","3","2","3","5","4","3","4","3","1","4","1","5","5","5","5","5","4","1","5","1","4","3","1","3","1","5",""
"467","1","1","3","2","1","3","1","3","5","4","5","4","5","4","5","2","5","1","1","1","1","4","4","3","1","1",""
"471","9","1","4","2","4","2","1","4","1","5","2","5","5","5","5","4","1","1","4","1","2","5","2","3","1","1","Needs the company of another cat in addition to its owners"
"472","6","1","3","1","3","1","1","3","4","4","4","5","5","5","5","3","1","1","4","4","3","5","4","3","1","1",""
"473","9","2","2","1","1","3","1","3","1","2","2","3","4","5","4","2","3","4","5","4","5","5","5","3","1","1","My cat doesn't have access to the outdoors"
"474","9","1","2","3","4","2","1","3","1","1","1","5","4","5","5","5","2","4","3","2","5","3","5","3","1","1",""
"475","7","1","2","1","4","3","1","3","1","4","1","3","3","2","4","4","4","1","1","1","1","3","2","3","1","1","Indoor cat so some questions don't suit him"
"477","9","2","2","4","2","3","2","4","2","2","2","1","2","1","1","1","2","1","1","2","2","3","1","3","1","1",""
"478","6","1","1","1","4","3","2","4","4","3","2","5","4","3","5","4","2","1","1","1","1","4","4","3","1","1",""
"479","8","1","1","1","4","3","2","3","2","3","1","5","4","4","4","5","1","1","2","1","3","4","5","3","1","1",""
"480","9","1","2","6","4","2","1","3","1","3","1","5","3","5","5","5","3","3","3","3","4","4","4","3","1","1","Naked cats hardly ever come out!"
"483","8","2","1","1","3","2","1","3","1","5","1","5","4","5","5","5","1","1","1","3","1","4","1","3","1","1",""
"485","1","2","3","2","3","3","1","3","4","1","3","3","5","4","5","4","1","3","5","3","4","4","4","3","1","1",""
"486","7","2","3","1","3","1","2","3","3","5","2","4","5","4","4","4","3","1","4","3","1","3","4","3","1","2","He plays hide and seek with us. And every night he meows in a special way when we are all in bed: and every time we find a stuffed mouse next to him. It looks like an offering."
"487","5","2","3","1","4","3","5","2","5","4","4","5","5","4","3","1","5","1","4","3","3","2","1","3","1","1","It is semi wild"
"488","1","2","1","1","4","3","2","3","1","2","2","5","3","5","2","5","2","4","4","3","4","3","5","3","1","1","It adapts to any situation, easy to live with,"
"490","9","2","3","1","1","2","1","4","2","3","2","5","5","5","5","5","1","1","3","3","2","4","4","3","1","1",""
"495","5","1","3","1","2","1","2","3","4","3","5","4","4","4","2","1","4","4","4","3","4","2","2","3","1","1",""
"496","1","2","2","2","4","3","1","3","1","3","1","2","3","1","1","3","1","1","3","1","2","3","2","3","1","1",""
"497","7","2","3","2","3","3","1","3","4","4","4","4","4","4","5","3","4","1","3","1","3","4","3","3","1","1","He goes out in harness...."
"498","2","1","3","2","3","3","3","3","1","3","1","5","5","5","3","4","1","4","4","4","4","4","2","3","1","2","She is in a harness....too afraid that she will move away...she is a good hunter....very....feline....compared to the PER"
"501","6","2","4","2","4","3","1","3","4","5","2","4","5","5","5","3","2","1","4","3","2","4","2","3","1","1",""
"502","13","2","1","2","4","3","1","3","1","2","2","4","4","4","3","4","1","2","1","3","4","4","4","3","1","1",""
"504","8","1","3","6","4","3","1","3","1","1","1","5","5","5","2","4","5","1","1","1","5","5","3","3","1","1",""
"507","13","2","4","3","3","1","3","4","3","4","2","4","4","4","5","3","2","1","1","2","2","4","4","3","1","2","He is very friendly with people he knows, but very afraid of those he doesn't know."
"508","8","1","2","2","4","3","2","3","3","3","1","1","1","1","3","3","3","1","1","3","1","3","3","3","1","3","He is a moderately cuddly hunter cat."
"509","8","1","2","2","4","3","3","4","2","4","3","4","4","4","4","3","2","1","1","1","1","4","3","3","1","1",""
"510","9","2","4","6","2","1","3","4","1","5","1","5","5","4","5","5","1","1","3","2","1","4","4","3","1","1",""
"511","3","1","3","6","4","3","1","3","1","4","4","4","4","5","5","4","4","3","4","4","4","4","1","3","1","1",""
"512","3","1","3","6","4","3","1","2","1","5","1","4","3","3","5","4","2","1","1","1","1","5","3","3","1","1",""
"513","1","2","3","2","2","1","3","3","1","1","4","4","3","5","5","2","1","3","2","3","2","4","4","3","1","1",""
"515","6","1","2","4","1","3","2","3","1","4","1","5","3","5","5","5","4","1","1","1","1","3","1","3","1","1",""
"516","9","2","2","3","4","3","5","4","1","2","4","4","3","4","4","4","1","1","1","3","1","4","2","3","1","1",""
"520","9","1","1","1","2","2","1","3","1","2","3","4","4","4","4","4","2","2","3","3","4","4","4","3","1","1",""
"521","5","1","2","2","4","3","1","3","4","3","2","2","2","2","2","2","3","2","4","1","4","2","2","3","1","1",""
"522","9","1","2","1","1","3","1","4","1","3","1","5","3","5","5","5","1","4","4","1","3","1","3","3","1","1",""
"523","1","1","2","5","4","3","1","3","3","2","1","4","2","4","2","2","1","1","1","1","1","4","4","3","1","1",""
"530","6","1","3","2","2","3","4","3","2","5","1","2","1","3","5","5","1","1","1","1","2","5","5","3","1","5","My cat very often brings me small mammals and I surprised her once with a pigeon so far. 
 She is very playful and my other cat trains her to hunt (also an F). Both very cuddly and affectionate, they are also very hunters and eat most of the time everything they have caught (and yet their bowls are constantly overflowing with kibble and quality grain-free p�t� etc.).
 They love mice, voles, shrews, field rats and moles."
"531","5","2","1","3","3","3","4","3","1","2","1","2","1","1","2","2","1","2","2","1","2","2","1","3","1","1",""
"533","7","1","1","2","2","1","1","3","3","4","2","4","4","2","5","4","1","1","2","1","1","3","3","3","1","1",""
"534","8","1","2","1","4","3","1","4","5","5","4","4","4","4","5","1","2","1","1","1","1","2","2","3","1","1",""
"537","1","2","3","1","2","2","2","3","1","2","2","5","3","5","5","5","2","1","1","1","1","2","5","3","1","1",""
"538","13","1","3","3","4","3","1","4","4","5","3","5","5","5","4","2","4","1","1","3","3","3","3","3","1","1",""
"539","7","2","2","1","3","2","1","3","4","5","2","5","5","3","5","4","2","1","1","1","1","5","3","3","1","1",""
"540","1","2","3","3","4","3","1","3","1","1","1","5","4","5","5","4","2","3","5","4","5","4","4","3","1","1",""
"541","13","2","4","3","3","1","4","2","4","5","2","4","3","3","5","3","2","1","1","1","1","5","5","3","1","1","Non-hunting cat, unlike the 2 other Fs cats I have."
"542","7","2","3","3","4","3","1","3","1","2","1","5","3","5","4","2","1","1","1","1","1","2","1","3","1","1",""
"544","8","1","3","3","4","3","1","2","2","5","2","5","5","3","4","4","3","2","3","1","2","4","3","3","1","1",""
"545","13","2","4","4","3","2","2","3","5","5","1","5","5","5","5","2","3","2","5","5","3","4","1","3","1","1",""
"548","13","2","4","1","4","3","3","4","4","4","1","5","5","4","5","1","5","1","4","4","1","4","1","3","1","3","He has always lived with other animals such as rodents, birds, fish and chickens and does not try to attack them."
"550","13","2","3","2","1","3","1","4","1","4","1","4","2","3","4","4","2","2","4","1","1","4","1","3","1","1",""
"551","9","1","3","6","3","3","1","4","1","3","1","3","1","3","3","3","1","2","2","1","1","2","3","3","1","1",""
"553","9","1","1","1","4","1","1","3","1","2","1","2","2","1","2","4","2","1","3","1","1","5","1","3","1","1",""
"554","1","1","2","1","4","2","1","4","4","2","3","4","5","5","5","4","1","1","2","3","4","4","3","3","1","1","""Wild"" character revealed by outings only at night and very typical vigilance behaviors before drinking or eating."
"556","1","2","1","2","4","3","3","4","1","1","2","5","4","5","3","5","2","3","4","3","5","3","4","3","1","5",""
"557","5","2","4","3","4","3","3","3","3","4","2","4","4","4","4","4","3","1","1","1","1","4","3","3","1","1",""
"561","8","1","2","5","3","2","1","3","1","3","3","3","3","3","3","3","1","1","1","1","1","2","2","3","1","1",""
"562","9","1","1","1","3","3","1","4","2","5","1","4","3","4","5","5","1","1","1","1","1","4","4","3","1","1","My cat doesn't go out"
"563","10","1","2","1","1","1","2","3","1","2","4","5","3","4","2","3","5","4","3","3","4","2","5","3","1","1",""
"565","9","2","2","6","4","3","1","4","2","2","1","5","5","5","5","5","1","1","1","1","1","2","2","3","1","1",""
"567","1","2","1","1","4","3","1","3","2","2","2","5","4","4","5","4","4","3","3","2","4","4","4","3","1","1",""
"571","13","1","3","1","3","2","4","3","3","4","1","4","4","4","3","2","4","2","4","3","3","3","3","3","1","3",""
"572","5","2","3","1","3","3","2","3","4","3","5","4","4","4","4","3","3","5","5","5","4","3","4","3","1","1","This is a cat that thinks it's a child. Stubborn and powerful in strength. It must have been another animal because it eats fruits and vegetables quite often."
"573","8","1","3","2","4","3","2","2","1","5","4","4","4","4","4","4","3","1","1","1","1","4","3","3","1","1",""
"574","13","1","3","1","3","1","2","3","3","2","1","3","3","3","3","3","3","3","3","4","4","4","2","3","1","1",""
"576","8","1","2","4","4","3","1","4","1","5","2","5","4","3","4","5","2","1","2","2","2","4","3","3","1","1",""
"577","9","2","1","1","1","1","3","4","4","3","1","2","3","3","4","1","1","1","1","1","1","3","3","3","1","1",""
"578","5","2","3","3","3","3","2","2","5","5","5","2","4","3","5","3","2","1","1","1","1","3","2","3","1","1","Very fearful but very kind cat"
"580","13","1","3","6","4","3","3","3","4","4","1","4","2","3","4","3","2","1","2","1","2","4","3","3","1","1",""
"582","4","2","4","6","4","3","2","4","1","3","1","4","2","4","4","4","1","1","3","1","2","3","2","3","1","1",""
"587","13","1","3","1","4","3","2","3","1","4","4","4","2","2","5","5","2","1","1","2","2","4","2","3","1","1",""
"588","10","1","4","6","4","3","2","2","5","5","5","3","5","3","3","1","5","2","2","5","3","5","3","3","1","1",""
"589","5","2","1","6","4","3","3","3","1","3","1","3","4","4","5","5","1","1","1","1","2","2","5","3","1","2",""
"593","7","2","2","3","4","3","1","3","1","5","3","4","4","5","5","5","4","3","2","2","2","3","3","3","1","1",""
"596","13","1","3","1","4","3","1","3","1","1","1","4","2","2","3","1","3","4","4","4","4","1","3","3","1","1","My cat brings back everything I throw at her. For example: a pen cap, a quick-release fastener, ... Her favorite is still the scrunchie (hair tie) as soon as a guest is at home, my cat can rummage in her handbag to take scrunchies from it and bring them to us so that we can throw them to her and she can bring them back"
"597","5","1","3","4","4","1","1","4","2","2","1","5","5","5","5","4","1","1","4","5","5","1","3","3","1","1",""
"598","8","1","1","6","4","3","1","4","1","4","1","3","4","5","5","4","1","1","1","1","1","4","4","3","1","1",""
"600","13","1","3","3","1","3","1","3","2","5","3","5","4","4","5","4","3","3","4","3","4","4","3","3","1","1","It's hard to give correct answers because my animals don't have a way to go out."
"601","5","2","3","1","3","3","3","3","2","5","4","4","4","2","5","2","2","2","4","4","4","4","5","3","1","2",""
"607","13","2","3","1","3","3","1","4","1","2","3","5","3","5","5","3","2","2","3","3","4","4","4","3","1","1",""
"608","9","1","3","1","3","2","1","3","2","3","5","3","4","4","5","4","1","2","3","4","3","4","3","3","1","1",""
"610","13","2","2","1","2","1","1","3","4","3","2","5","3","4","5","3","1","1","2","3","3","4","4","3","1","1",""
"611","5","2","3","1","4","1","1","4","4","3","3","3","5","5","4","2","4","1","1","1","1","4","4","3","1","1",""
"613","8","1","2","5","3","1","1","4","1","2","1","2","2","2","2","2","1","1","1","1","1","1","2","3","1","1",""
"615","8","2","2","1","3","2","1","3","1","4","1","4","2","5","4","5","2","1","4","1","1","5","2","3","1","1",""
"616","13","1","3","1","3","3","1","3","1","5","4","5","5","5","5","4","1","1","1","1","1","4","4","3","1","1",""
"617","8","2","3","2","3","2","3","3","3","4","2","3","3","2","5","4","1","3","3","3","2","4","4","3","1","1",""
"618","8","1","3","1","4","3","1","3","2","4","3","4","4","4","4","4","2","1","1","3","4","4","4","3","1","1",""
"619","8","2","1","1","3","3","2","4","2","4","4","3","1","1","4","4","2","1","1","3","1","3","4","3","1","1",""
"620","8","2","1","3","4","3","1","4","1","5","1","3","3","1","5","5","1","1","1","1","1","4","3","3","1","1",""
"621","8","1","1","3","4","3","1","4","5","5","1","3","4","4","5","5","1","1","1","1","1","4","4","3","1","1",""
"622","8","1","3","2","4","3","3","3","1","5","1","4","3","2","5","5","2","1","1","1","1","3","4","3","1","1",""
"623","13","1","4","1","4","2","2","2","4","5","5","2","4","2","3","2","3","1","1","5","4","2","4","3","1","1",""
"624","8","1","3","1","4","2","1","4","3","5","3","4","4","4","5","4","2","1","1","1","1","1","3","3","1","1",""
"626","8","1","2","2","3","3","2","3","1","3","3","4","4","4","4","4","1","1","2","1","1","4","3","3","1","2",""
"628","3","2","1","1","2","1","1","3","2","4","3","5","5","4","4","5","2","1","1","3","1","4","2","3","1","1",""
"629","8","1","1","1","4","3","1","3","1","5","4","5","5","5","5","5","2","1","1","1","1","4","3","3","1","1",""
"630","8","2","3","4","3","3","2","3","1","5","2","2","2","3","5","5","1","2","3","1","3","4","3","3","1","1",""
"631","8","2","1","3","4","3","1","3","2","4","4","4","2","3","5","5","1","1","4","1","1","4","4","3","1","1",""
"632","8","2","2","2","4","3","1","4","1","5","1","1","4","3","5","5","1","1","4","1","3","5","1","3","1","1",""
"638","8","1","3","6","4","1","1","4","5","5","5","5","4","3","5","4","4","1","1","1","1","4","2","3","1","1",""
"640","5","2","3","6","4","1","1","4","3","1","1","4","5","5","5","4","2","3","3","4","4","2","5","3","1","1",""
"641","8","2","3","6","4","1","1","4","3","4","1","5","5","5","5","5","1","1","5","4","4","4","4","3","1","1",""
"642","8","1","3","6","4","1","1","4","3","5","1","5","5","4","5","4","3","1","2","2","3","4","4","3","1","1",""
"643","8","1","3","6","4","1","1","4","2","5","1","5","5","4","5","5","1","1","3","3","2","3","3","3","1","1",""
"645","8","2","3","2","3","2","3","4","1","5","3","5","3","3","5","4","3","1","4","4","1","1","1","3","1","1",""
"648","6","2","2","2","4","3","2","3","4","4","2","3","3","3","1","2","4","3","3","2","4","2","4","2","5","5",""
"649","3","2","3","2","4","3","4","4","4","3","4","4","4","3","4","2","3","1","4","3","1","4","4","2","5","5",""
"651","13","1","3","2","3","3","4","3","5","5","4","3","5","5","2","1","3","1","1","5","5","5","5","2","5","5",""
"652","7","2","3","2","3","2","4","2","2","4","2","4","4","4","1","1","5","2","4","4","4","3","3","2","5","4",""
"654","13","2","3","6","3","2","3","3","1","2","2","4","4","5","5","5","1","1","4","2","2","4","1","2","4","4",""
"657","3","1","3","2","4","3","4","4","1","2","2","4","4","4","2","4","1","1","3","3","2","4","1","2","4","2",""
"660","13","2","3","2","3","3","3","4","1","1","3","4","5","5","5","4","2","3","4","4","1","4","4","2","4","2","Jealous of my cat who is a neutered kitten who was at home"
"662","10","1","1","1","2","1","1","3","4","4","5","3","4","4","4","3","3","3","2","1","3","3","3","2","4","5",""
"665","13","1","3","3","2","2","3","4","2","2","2","4","4","4","4","4","4","3","3","3","4","4","4","2","4","4",""
"668","5","2","3","3","3","1","4","3","2","3","3","4","4","4","5","4","2","3","2","3","3","4","4","2","4","3","Sneaky with other cats to try to challenge the hierarchy"
"671","7","1","3","6","4","3","3","3","1","5","3","4","4","4","4","3","4","1","3","3","2","4","2","2","4","4",""
"672","10","2","3","2","2","1","5","2","1","2","1","5","5","5","3","5","5","2","5","1","3","3","3","2","4","5","I am in intensive care and there is a children's park with animals (goats, rabbits, chickens...) next to my house. He spends his life there. He is the mascot of the park and cuddles people who come there all day long. He comes home every other day and even if he is adorable with everyone, he is very dominant and does not accept my other little cat."
"674","5","2","2","1","3","2","4","3","4","4","4","4","4","4","5","4","4","4","4","2","3","3","3","2","4","2",""
"675","2","2","3","1","4","3","2","3","2","4","2","4","4","3","3","3","1","4","2","1","1","1","3","2","3","5",""
"682","6","2","2","1","3","1","3","3","2","2","3","5","5","5","3","4","3","4","5","2","4","3","3","2","3","2","The garden is completely enclosed. He cannot go out"
"689","12","1","4","5","3","1","3","3","4","4","1","5","5","4","5","3","1","1","1","1","1","4","1","2","3","2",""
"690","13","2","3","1","4","3","3","2","3","4","5","4","4","2","3","2","4","1","2","1","1","1","1","2","3","4",""
"696","9","1","3","1","4","1","1","4","2","5","3","5","4","5","3","4","3","1","3","3","2","4","2","2","3","1",""
"702","5","2","3","2","3","1","3","3","4","2","2","4","4","4","4","3","2","3","4","4","4","3","4","2","3","4",""
"713","5","2","3","6","3","3","3","3","4","4","3","4","4","4","4","2","4","3","3","3","3","3","3","2","2","2",""
"715","11","1","3","1","4","3","1","3","5","4","2","4","5","2","5","1","4","1","5","5","5","3","4","2","2","3",""
"716","5","2","3","2","3","1","3","4","3","4","4","5","5","5","5","4","3","1","1","1","3","3","3","2","2","1",""
"717","2","1","3","1","2","1","3","3","1","4","4","5","4","4","5","4","4","1","1","2","3","3","1","2","2","2","I have a garden but the cat goes out a little less in winter"
"718","2","2","3","1","3","3","3","4","2","2","1","2","2","2","2","2","2","1","1","1","1","1","1","2","2","2","He is adorable"
"719","2","2","4","1","4","3","3","3","3","4","2","4","4","4","4","2","3","3","3","4","3","3","3","2","2","3",""
"720","3","2","3","2","4","3","2","2","1","4","3","4","4","3","2","3","4","2","2","3","2","4","4","2","2","2","Likes to be petted on the head, under the jaw, ears. Doesn't like to be petted on the back, gets annoyed quickly."
"721","7","2","1","1","3","1","2","3","4","4","5","3","3","4","4","4","4","3","4","3","3","4","4","2","2","1",""
"722","6","2","3","6","3","1","3","4","2","2","1","4","4","3","4","4","2","1","1","1","1","1","4","2","2","1",""
"724","6","1","3","1","3","2","2","3","4","4","3","4","4","4","4","2","4","3","4","3","3","4","5","2","2","2",""
"726","2","1","3","2","3","2","3","4","4","5","3","5","4","4","5","3","4","1","1","1","1","5","1","2","2","1",""
"727","2","2","2","2","3","2","3","4","1","3","3","5","5","5","5","5","1","2","5","1","1","3","2","2","2","1",""
"728","4","2","3","1","3","3","3","3","1","1","2","1","1","1","1","1","2","2","2","1","2","2","2","2","2","2",""
"729","6","2","3","2","4","3","3","3","1","4","2","5","5","5","5","5","4","1","2","3","2","4","3","2","2","2",""
"730","2","1","3","6","3","3","1","4","2","3","2","3","2","3","4","4","2","2","5","4","3","3","3","2","2","1",""
"731","1","2","3","2","2","1","4","3","2","2","1","5","4","4","4","3","2","2","5","3","4","3","2","2","2","2","Also catches large insects (has already brought back a large cricket), nice with some neighborhood cats but quarrelsome with others, very cuddly with us, loves to sleep with us"
"732","3","1","3","1","3","1","3","3","2","3","1","4","4","4","3","2","4","3","4","4","4","3","3","2","2","2",""
"733","3","1","3","1","3","1","3","3","3","4","3","5","5","5","3","2","3","1","1","2","3","4","3","2","2","2",""
"734","3","2","3","1","3","3","2","3","1","5","2","4","3","3","5","4","1","1","1","1","1","5","4","2","2","5","Super clingy and won't stay in a room without us even to sleep"
"735","3","1","3","1","3","1","3","2","4","5","5","4","3","2","3","4","1","1","1","1","1","4","2","2","2","1","Ritualized"
"739","5","2","3","1","2","2","4","4","4","2","2","4","4","2","4","4","1","1","2","2","3","4","4","2","2","3","On the other hand, he very often catches butterflies, moths, grasshoppers, lizards almost every day during the summer period..."
"740","10","1","3","1","2","1","3","3","4","3","4","4","4","4","4","4","5","1","3","3","3","3","3","2","2","1","This is an ORI/TUV"
"746","5","2","2","1","3","2","1","3","2","3","3","4","4","3","5","4","3","1","1","2","1","4","3","2","2","2",""
"749","2","1","3","1","4","3","3","4","4","5","1","4","3","4","5","2","4","5","5","2","3","3","4","2","2","4",""
"750","5","2","3","2","3","1","3","3","5","4","3","5","4","4","5","3","3","1","3","4","3","4","2","2","2","2","He hunts whenever he sees a creature, but there are few in town."
"751","13","2","3","2","3","1","4","2","2","4","2","4","4","4","2","4","4","3","3","3","4","4","3","2","2","2",""
"752","2","1","3","2","2","2","3","4","5","4","4","5","4","4","5","1","1","1","5","4","2","4","3","2","2","2",""
"754","13","2","3","4","3","3","3","3","4","4","1","4","4","4","4","4","2","1","4","1","1","1","4","2","2","3",""
"755","3","1","3","1","4","2","5","2","4","4","3","4","4","4","2","2","4","1","1","3","1","4","2","2","2","2",""
"757","13","2","3","2","4","2","2","3","2","3","1","2","2","2","2","2","1","1","2","3","1","2","3","2","2","2",""
"760","5","2","4","1","4","2","2","3","1","5","2","5","4","5","5","5","1","1","3","3","1","5","2","2","2","2","Very talkative ??"
"762","4","2","3","2","2","1","2","3","3","5","2","5","5","5","5","3","3","1","4","1","2","3","2","2","2","1","Likes to have things thrown at him (hair scrunchies) to bring them back"
"763","3","2","3","1","4","3","3","3","4","5","4","5","5","5","4","4","5","1","1","1","1","1","4","2","2","2",""
"765","5","1","4","3","2","1","3","4","2","4","2","3","3","2","4","4","2","2","1","1","2","3","3","2","2","2",""
"766","11","2","3","4","2","3","3","3","1","1","1","4","4","3","4","2","1","4","4","4","4","1","1","2","2","2",""
"770","6","2","3","2","4","3","2","3","5","4","3","2","5","1","5","4","3","1","2","2","1","4","3","2","2","1","he goes out into an outdoor enclosure"
"771","4","1","3","1","3","2","3","3","1","4","1","4","4","4","4","4","2","4","1","4","2","1","2","2","2","2",""
"773","13","2","3","2","3","2","4","3","4","4","2","4","5","4","5","4","2","1","4","2","2","4","5","2","2","2",""
"774","5","1","3","4","3","3","2","4","2","3","2","5","4","4","5","5","1","1","1","1","1","3","3","2","2","2",""
"777","1","1","3","3","2","3","3","3","2","2","1","4","3","4","4","4","1","2","2","1","3","4","4","2","2","1",""
"778","1","2","3","3","2","3","3","3","1","2","1","4","2","4","5","5","1","2","4","1","3","5","2","2","2","1",""
"779","13","1","4","6","4","2","3","2","4","3","2","4","4","4","4","4","4","2","4","2","2","2","2","2","2","2",""
"782","5","2","3","1","4","3","3","3","1","5","3","5","4","5","5","5","1","1","1","1","1","2","1","2","2","4",""
"783","5","1","3","2","3","2","4","3","2","5","1","5","5","5","4","2","4","1","3","1","2","4","2","2","2","2",""
"786","5","2","3","1","2","2","3","4","2","1","4","3","3","5","5","4","1","2","3","5","3","4","3","2","2","5","This is an extremely playful cat. And very protective of its territory and of us, can become aggressive towards a guest if a member of our family shows signs of sadness: crying or giggling that resembles sobs (for him)."
"788","1","1","4","6","4","3","4","4","1","3","1","5","5","4","5","4","2","2","4","3","4","4","3","2","2","2",""
"791","3","1","2","2","3","3","3","3","4","4","2","5","5","4","4","3","4","1","2","1","2","2","1","2","2","2","Of great presence."
"796","1","2","1","4","2","1","3","3","1","4","1","4","4","4","4","4","4","1","1","1","4","2","2","2","2","1",""
"797","5","2","3","1","4","1","3","3","1","5","4","3","3","3","5","4","4","2","4","4","3","3","3","2","2","2",""
"800","5","1","4","2","3","2","3","4","2","2","2","4","4","4","4","2","2","1","2","2","2","4","3","2","2","2",""
"802","7","1","4","1","3","3","3","3","4","5","1","4","4","3","5","3","4","1","5","5","1","2","4","2","2","1",""
"804","7","2","3","2","3","1","2","4","1","5","1","5","5","5","5","5","1","1","2","5","4","5","1","2","2","2","Predator since the arrival of a baby cat in order to establish its dominance"
"805","7","2","3","1","4","2","3","4","4","4","3","5","5","5","4","4","3","4","4","4","2","4","2","2","2","2","My cat bites me every day 1 to 2 times a day more or less affectionately"
"810","13","1","3","2","3","1","3","3","3","5","3","2","4","5","4","4","4","3","3","3","3","4","4","2","2","3",""
"813","5","1","4","1","1","3","2","4","3","4","3","4","3","4","4","3","4","1","3","3","4","4","3","2","2","2","Homemade cat"
"815","5","1","2","2","3","1","4","2","1","3","2","4","4","4","3","2","4","1","3","2","3","3","3","2","2","5",""
"816","13","2","3","2","4","3","2","3","2","4","4","4","5","4","5","5","1","1","1","3","2","4","4","2","2","1",""
"817","10","2","3","1","3","2","3","3","4","4","3","5","4","4","4","3","2","1","1","1","1","4","3","2","2","2",""
"820","5","1","3","1","3","2","4","4","5","5","2","3","5","3","4","3","3","3","3","4","3","3","4","2","2","2",""
"823","7","2","3","1","3","2","2","3","1","2","4","5","3","5","5","5","4","4","4","5","5","4","5","2","2","2","Hates all animals in his home, he is territorial"
"824","5","2","3","2","3","1","2","3","4","4","3","4","4","5","2","2","4","5","5","5","4","4","3","2","2","2",""
"827","13","2","3","6","4","2","4","4","4","2","1","4","3","4","4","1","1","1","1","1","1","1","1","2","2","3",""
"828","10","1","3","1","2","1","3","4","2","2","3","3","3","3","3","2","1","1","1","1","1","3","2","2","2","1",""
"829","7","2","1","6","2","1","4","3","1","1","1","1","1","1","1","5","4","1","3","1","3","4","3","2","2","2",""
"830","13","2","3","2","3","1","3","4","3","4","1","5","5","3","5","3","1","1","4","1","2","4","4","2","2","2",""
"832","5","2","3","1","3","3","3","3","4","4","4","5","5","5","4","4","4","1","1","3","3","1","2","2","2","3",""
"833","13","1","4","1","4","1","3","3","4","5","2","5","5","4","3","2","5","1","3","5","2","4","3","2","2","2",""
"835","6","1","4","1","3","3","3","3","4","4","2","4","4","4","4","2","2","2","4","4","2","3","4","2","2","1",""
"837","7","2","3","1","2","1","3","3","5","5","3","5","5","4","4","4","4","1","1","3","1","5","4","2","2","1",""
"840","13","1","3","1","4","3","3","3","5","5","5","4","4","4","3","4","4","1","1","1","1","1","1","2","2","2","fearful"
"842","2","2","3","1","2","1","2","3","2","5","4","4","4","3","4","2","3","1","1","3","1","5","5","2","2","1",""
"843","4","2","3","2","4","1","2","3","1","4","4","4","4","4","5","5","2","1","2","2","1","4","1","2","2","1",""
"846","13","2","3","3","4","3","3","3","4","4","1","4","5","3","5","3","3","1","1","2","1","4","4","2","2","2",""
"848","12","2","4","2","2","2","2","4","2","4","2","4","4","4","5","4","1","1","2","2","2","4","2","2","2","1","It's a cat that has the character of a dog"
"852","13","1","2","2","2","2","2","3","3","4","2","4","3","4","4","3","3","2","2","3","3","3","3","2","2","2",""
"853","8","2","3","1","3","3","3","3","2","4","2","4","3","4","3","4","4","2","3","2","3","4","2","2","2","4",""
"854","8","1","1","1","3","2","2","3","1","4","2","5","2","5","4","5","1","2","2","1","4","4","4","2","2","1",""
"857","2","1","3","4","3","3","2","4","1","4","2","5","5","5","5","4","2","1","1","1","1","3","2","2","1","1",""
"859","2","2","2","2","4","2","1","3","2","4","2","4","4","4","4","4","1","2","2","2","2","3","4","2","1","1",""
"860","2","1","1","1","2","1","1","3","1","4","3","5","5","5","5","5","3","1","3","3","2","4","3","2","1","1",""
"862","2","2","3","2","4","2","2","3","4","5","2","5","5","5","5","3","2","1","1","1","1","3","2","2","1","2",""
"863","2","1","2","3","2","2","3","3","2","2","2","5","5","5","2","3","2","4","3","2","4","4","1","2","1","1",""
"865","2","2","1","1","3","2","1","3","1","4","3","4","4","4","4","5","1","1","1","1","1","4","4","2","1","1",""
"866","2","2","1","2","3","2","1","3","2","3","2","5","2","5","4","5","1","2","1","1","1","5","4","2","1","1",""
"867","2","2","4","6","3","3","1","4","4","4","4","4","4","1","4","3","4","1","1","1","1","4","1","2","1","1",""
"870","2","1","3","1","2","1","2","3","2","4","3","5","4","4","5","4","2","1","3","2","2","4","4","2","1","1","Hunt insects"
"872","13","2","1","1","1","1","1","3","1","2","1","4","5","5","4","4","1","3","2","2","3","3","4","2","1","1",""
"873","2","1","1","1","1","1","1","3","3","4","3","5","5","5","5","3","3","2","3","3","2","2","3","2","1","1",""
"874","2","1","1","2","4","3","1","4","4","4","4","5","5","5","5","5","1","1","1","1","3","5","5","2","1","1",""
"875","2","1","3","1","3","1","2","4","3","4","3","5","4","4","5","4","1","1","1","1","1","5","5","2","1","1",""
"876","7","2","2","3","3","1","1","3","1","2","1","5","5","2","4","5","1","2","1","1","5","1","4","2","1","1",""
"877","2","1","3","3","3","1","2","3","1","5","1","5","4","4","4","4","1","3","1","1","1","4","1","2","1","1",""
"878","7","2","3","3","3","1","3","3","5","4","5","2","4","2","4","2","2","2","3","3","2","1","3","2","1","1",""
"879","2","2","1","3","4","3","2","4","1","5","1","4","4","3","5","5","1","1","1","1","1","3","1","2","1","1","Secure enclosed exterior"
"881","2","1","1","3","4","3","2","4","1","5","1","3","3","3","4","4","5","1","1","1","2","3","3","2","1","1",""
"883","5","2","2","3","3","3","1","4","2","5","1","5","5","4","5","5","1","1","1","1","1","3","1","2","1","1",""
"887","5","1","1","1","3","1","1","3","1","3","3","5","4","4","5","5","1","1","1","3","3","3","3","2","1","1","6 months old, not yet taken outside. Co-lives with a Malinois female dog, they are very close, very playful"
"888","2","2","1","1","3","2","1","3","2","4","2","4","4","4","5","5","2","1","2","2","2","3","3","2","1","1","He is still a baby, so he has not been outside, very playful and cuddly, true SBI character, very talkative"
"893","13","2","3","2","2","3","1","4","2","2","2","4","4","4","4","4","2","1","1","1","1","1","1","2","1","1",""
"894","13","2","3","3","2","1","2","4","2","4","4","5","5","5","5","2","1","1","2","3","5","1","5","2","1","1",""
"895","2","2","3","2","3","2","2","3","2","5","3","5","4","5","5","5","1","1","2","2","2","4","4","2","1","2",""
"896","11","2","3","1","2","1","1","4","3","4","4","5","5","4","5","3","3","2","2","3","2","4","3","2","1","1",""
"897","5","2","3","2","3","1","3","4","3","4","2","4","4","4","4","3","4","1","3","3","3","4","3","2","1","1",""
"899","13","1","3","1","2","1","3","3","2","2","3","5","4","4","5","4","2","1","3","3","2","4","4","2","1","1","She is a Burmese cat, she has access to 2 large terraces which are protected by nets, she can observe but not escape."
"902","5","2","4","1","2","1","2","3","3","4","2","4","4","4","4","4","4","2","4","1","3","4","4","2","1","1",""
"904","1","2","3","6","3","2","1","3","1","1","1","5","4","5","5","4","3","1","5","4","3","5","1","2","1","1",""
"905","1","1","2","4","4","3","1","4","1","1","2","5","5","4","5","3","1","3","4","3","3","3","1","2","1","1",""
"906","2","1","3","1","3","2","1","4","4","3","5","5","5","5","5","3","4","1","3","4","4","5","3","2","1","2",""
"907","2","2","1","1","4","3","1","3","1","4","3","5","4","4","5","5","1","1","1","3","2","3","4","2","1","1",""
"908","2","2","2","1","2","1","1","3","1","4","3","4","4","4","4","4","1","1","2","3","2","1","2","2","1","1",""
"909","2","1","1","2","4","3","1","3","4","5","3","5","3","5","5","4","2","1","3","1","2","4","4","2","1","1",""
"910","2","1","1","1","4","2","1","2","5","4","4","5","5","3","5","4","4","1","1","1","1","4","3","2","1","1",""
"911","2","1","1","4","4","1","1","3","1","5","3","5","5","5","5","4","2","1","1","1","1","1","1","2","1","1",""
"912","2","1","1","2","3","3","1","3","1","4","3","3","1","3","5","4","1","2","2","1","3","3","3","2","1","1",""
"913","2","2","1","1","3","3","4","3","1","2","2","3","2","4","4","4","3","2","2","2","3","3","3","2","1","1",""
"915","2","1","3","1","4","2","1","4","4","5","3","5","3","5","5","2","1","1","3","3","1","5","3","2","1","1","Very possessive cat with his master, sociable with our annoying and dominant towards him. Very expressive cat, it is a breed that likes to be spoken to"
"916","1","2","3","3","2","1","2","3","1","2","1","4","3","3","2","4","1","2","2","1","2","4","4","2","1","1",""
"917","2","1","1","1","1","1","1","3","4","5","2","4","5","5","5","5","2","1","3","1","3","5","5","2","1","1","She has not yet been released freely, her predatory sense has not yet been put to the test!"
"918","2","1","2","2","2","2","1","3","1","4","1","4","3","3","4","4","2","1","1","1","1","3","2","2","1","1",""
"919","2","1","3","1","4","2","3","4","5","5","2","5","5","5","5","1","1","1","4","3","4","4","4","2","1","1",""
"920","2","1","2","1","2","1","2","4","1","4","2","3","2","2","5","5","1","1","1","1","1","4","3","2","1","1",""
"921","2","1","3","2","2","1","3","3","1","3","1","3","3","3","3","3","3","3","3","3","3","3","3","2","1","1",""
"922","2","1","3","2","3","1","1","4","2","3","1","5","5","4","5","4","2","2","4","2","2","3","2","2","1","1","She can go out in a harness in the garden on sunny days when I am there...1 to 3 hours 5 meters of lead"
"923","13","2","4","2","4","1","4","3","2","5","1","3","2","4","4","2","4","1","2","3","1","5","1","2","1","4",""
"924","8","1","3","5","3","3","1","4","2","1","2","1","1","1","1","2","2","2","1","1","2","2","1","2","1","1",""
"926","2","1","3","2","2","1","2","3","4","4","2","4","3","3","4","2","3","1","1","1","1","1","3","2","1","1",""
"927","7","1","2","1","4","1","1","3","2","5","1","4","4","3","5","4","4","1","1","1","1","3","4","2","1","1","she doesn't go out"
"928","7","2","2","6","4","3","4","3","2","2","2","2","2","2","2","2","1","1","1","2","1","2","2","2","1","2","0 cat is not the same I have 10 cats all breeds combined, some are sorts others not"
"930","7","2","2","2","3","1","2","3","4","4","3","4","5","3","5","3","2","1","4","5","3","3","2","2","1","1",""
"931","7","2","1","1","4","3","1","4","1","4","3","4","3","3","5","3","2","2","2","3","4","4","4","2","1","1",""
"932","7","1","3","1","3","1","1","4","5","5","1","5","5","5","5","4","5","1","1","4","1","1","5","2","1","1",""
"933","6","2","1","4","2","2","1","4","2","3","2","4","4","4","5","5","1","3","2","3","4","4","5","2","1","1",""
"934","7","1","4","1","2","1","2","3","3","4","3","5","5","5","5","5","3","1","2","3","3","4","3","2","1","1",""
"935","7","2","3","1","4","2","1","3","2","4","2","5","4","5","5","5","2","2","2","1","1","5","5","2","1","1",""
"937","3","1","3","6","4","2","3","3","2","5","3","4","4","2","4","5","2","1","1","1","1","4","4","2","1","2","She goes out into the enclosed garden"
"938","2","2","3","2","3","2","1","3","1","2","2","3","3","5","4","5","1","3","2","2","3","4","2","2","1","1","plays with flies"
"939","3","2","2","2","3","2","1","3","4","4","3","4","4","4","4","2","3","2","2","2","2","3","2","2","1","1","It chases away flies and gnats"
"940","7","2","2","2","3","1","1","3","2","5","2","4","2","3","4","5","2","1","2","1","3","4","4","2","1","1",""
"941","2","1","3","3","4","3","1","4","4","5","4","3","4","3","5","4","3","1","2","4","4","5","2","2","1","1",""
"942","6","2","3","1","3","1","1","4","4","4","3","4","4","4","3","2","1","2","2","3","3","2","3","2","1","1",""
"943","1","1","2","2","3","3","1","3","4","2","4","2","2","2","2","2","4","2","2","4","4","2","5","2","1","1",""
"944","6","1","1","1","4","3","1","3","1","1","3","3","1","3","3","2","1","3","2","2","3","2","3","2","1","1",""
"946","1","1","3","1","3","2","2","3","4","1","5","5","5","3","3","3","4","4","1","5","4","2","5","2","1","1",""
"948","7","2","3","2","4","3","3","3","4","4","1","5","5","5","2","2","2","1","4","2","2","3","3","2","1","1",""
"949","7","1","1","1","3","3","1","3","3","2","4","5","5","4","5","4","3","1","1","4","2","2","4","2","1","1",""
"950","1","1","1","1","2","1","1","3","2","3","3","5","4","5","5","4","4","1","5","3","4","5","1","2","1","1",""
"951","1","2","2","1","1","1","2","3","1","2","1","5","2","5","5","4","1","4","4","2","4","4","5","2","1","1",""
"952","1","1","1","2","3","1","2","3","1","1","1","2","2","4","4","4","1","3","1","1","2","4","4","2","1","1",""
"953","1","1","1","1","1","1","1","3","1","3","3","5","4","5","5","5","2","3","3","3","3","3","4","2","1","1",""
"954","1","2","3","1","2","1","1","3","2","5","2","5","5","5","5","5","4","1","1","2","5","5","4","2","1","1",""
"955","10","1","3","4","3","3","1","3","2","2","1","3","4","3","5","1","3","1","3","1","1","4","4","2","1","1",""
"956","1","1","1","1","4","3","2","4","1","2","1","5","3","5","5","5","1","3","1","1","1","4","5","2","1","1","Thief"
"957","1","2","1","1","3","1","1","4","2","1","2","5","2","5","4","5","1","4","3","3","5","1","3","2","1","1",""
"959","6","1","1","1","4","3","1","4","1","5","5","5","5","5","5","2","3","1","1","3","3","5","3","2","1","1","can't stand being alone..."
"960","12","1","4","1","2","1","3","4","3","3","4","5","5","5","4","4","3","2","3","3","4","2","4","2","1","2",""
"961","6","2","2","2","4","3","3","3","1","1","4","5","4","5","5","4","1","4","4","2","3","2","4","2","1","1",""
"962","6","2","3","4","4","3","3","4","3","4","1","5","5","5","5","1","1","1","1","1","1","5","1","2","1","1","My cat goes out into a secure and demarcated garden"
"963","6","1","3","6","3","2","3","3","2","4","2","4","4","4","5","5","1","1","2","1","2","4","2","2","1","1",""
"964","6","1","1","6","2","1","1","4","1","2","1","5","3","4","5","5","1","1","1","1","1","3","1","2","1","1",""
"965","6","2","3","2","3","2","3","3","3","2","2","4","2","2","4","4","2","3","4","2","4","2","4","2","1","1",""
"967","6","2","3","3","4","2","1","4","2","5","1","4","2","3","5","4","2","1","1","1","1","5","3","2","1","1",""
"968","6","2","3","3","4","2","1","4","1","4","1","2","4","5","5","5","1","1","1","1","1","4","4","2","1","1",""
"970","2","2","3","1","3","2","2","3","2","3","2","4","3","4","4","4","3","1","2","2","2","3","4","2","1","1","Player"
"971","6","2","3","3","2","2","3","3","4","2","1","5","5","5","3","1","4","4","5","1","3","5","1","2","1","1","MCO is a cat dog ??"
"972","7","2","2","1","4","3","1","3","4","4","3","5","4","4","5","4","2","1","2","3","1","4","4","2","1","1",""
"974","6","2","1","1","2","1","3","2","1","2","1","3","2","3","3","3","2","3","3","2","3","3","3","2","1","1","Close to the master 
 If I change rooms and he sleeps in another room he will come he has to see me"
"975","6","1","3","6","4","3","3","3","1","2","1","4","4","4","4","4","2","4","2","1","4","3","4","2","1","2",""
"976","6","1","3","6","4","3","4","3","2","2","1","5","3","4","5","5","2","3","5","3","3","3","5","2","1","1","I have a fenced exterior, sheltered, in short a cattery equipped and safe"
"977","6","2","2","1","4","3","1","4","1","2","2","5","2","3","5","5","1","2","2","1","3","4","3","2","1","1",""
"978","13","2","3","1","2","1","1","3","3","4","4","3","2","2","2","4","2","1","1","1","1","3","3","2","1","1",""
"979","6","2","1","1","3","2","1","3","4","4","3","4","4","5","4","3","4","3","2","3","3","3","3","2","1","1",""
"981","1","2","2","1","1","1","2","3","1","4","1","5","2","5","5","4","1","3","3","1","5","4","4","2","1","1","He doesn't catch animals because I keep him in a harness. Otherwise he climbs trees and screams until we come and get him!!"
"982","6","2","3","2","3","1","2","3","2","4","2","5","4","3","5","4","1","2","4","2","3","4","3","2","1","1","He is a cat-dog, cat-cat"
"983","6","1","3","6","4","3","3","3","1","4","1","5","4","5","5","5","2","3","4","2","2","5","2","2","1","1",""
"984","6","2","1","6","3","3","1","2","1","1","1","3","1","1","5","5","3","1","1","1","1","3","3","2","1","1",""
"985","2","1","1","1","3","3","1","3","3","4","3","4","4","5","4","4","3","3","3","3","3","4","4","2","1","1",""
"986","7","2","3","3","2","2","1","4","4","5","1","5","5","5","5","2","1","1","3","1","1","3","1","2","1","1",""
"987","6","2","3","5","4","2","2","4","1","2","1","2","2","2","2","2","1","1","2","3","1","2","3","2","1","1",""
"988","13","1","3","6","2","2","2","4","1","5","1","4","4","5","5","5","1","2","1","1","4","3","4","2","1","1","Exotic shorthair breed"
"989","6","1","3","5","3","3","2","3","1","2","3","5","5","5","4","5","1","4","5","2","5","4","5","2","1","1",""
"990","1","1","2","2","4","1","1","2","1","5","1","4","3","4","3","3","5","1","4","1","1","2","1","2","1","1",""
"992","1","1","2","1","3","2","1","3","1","3","1","3","3","3","1","3","3","1","1","1","1","3","2","2","1","1",""
"993","1","1","2","1","1","2","1","3","2","3","2","3","4","4","3","4","3","1","2","1","3","3","3","2","1","1",""
"994","13","2","3","3","4","3","3","3","1","4","1","4","4","2","5","5","1","1","5","5","5","5","5","2","1","3","His first passion is to be able to fight with other cats."
"996","2","2","1","2","2","2","1","3","4","4","2","4","4","4","3","3","2","1","1","1","1","2","3","2","1","1",""
"997","1","2","2","2","3","3","1","3","1","5","3","5","4","5","1","5","1","1","4","3","1","4","1","2","1","1",""
"998","11","2","1","4","2","3","3","4","2","1","1","4","4","4","4","4","1","2","2","4","3","2","2","2","1","1","For the moment, he only has access to the balcony and has not yet found out how to go down, unlike my oldest who not only goes down like the neighbors but manages to go back up while the others cannot."
"999","2","2","1","2","3","1","1","3","1","2","1","4","2","4","5","5","2","1","2","2","2","5","4","2","1","1",""
"1000","1","1","2","2","2","3","3","3","4","4","2","5","5","5","5","4","1","2","4","1","2","4","4","2","1","4",""
"1001","1","2","3","2","2","3","3","3","4","4","1","5","5","5","5","3","2","1","4","1","4","4","4","2","1","4",""
"1004","2","2","3","3","3","3","3","3","3","4","2","3","4","4","5","4","1","1","4","2","3","4","4","2","1","1",""
"1005","1","1","3","3","4","3","1","3","3","4","1","4","4","4","2","2","1","1","3","1","1","1","1","2","1","1",""
"1006","2","2","3","1","3","2","1","3","1","2","2","5","5","5","4","5","2","1","4","2","3","4","3","2","1","2",""
"1007","2","1","3","1","2","1","2","2","1","5","1","4","5","3","4","5","2","1","4","1","1","5","5","2","1","1",""
"1008","1","1","3","2","2","2","3","3","2","1","1","2","2","1","2","3","2","3","2","2","3","3","4","2","1","1",""
"1009","1","2","3","5","3","3","3","4","4","4","4","5","5","4","5","3","5","2","2","1","3","3","3","2","1","1","He goes out in the enclosure and only sometimes when the weather permits."
"1010","1","1","3","5","3","2","2","4","2","4","2","5","5","5","5","4","3","2","2","2","3","3","3","2","1","1","Only goes out in enclosures and when the weather permits."
"1011","13","1","1","1","2","2","2","4","2","2","2","4","3","4","4","4","3","4","4","3","2","4","4","2","1","1",""
"1012","1","1","1","1","2","3","1","3","1","1","3","2","1","1","1","4","4","4","4","3","4","3","4","2","1","1","This is my first BEN so I am discovering this baby cat. Often comes out with its claws, jumps everywhere and has a very fragile digestive system."
"1013","7","1","3","4","3","2","2","3","2","3","2","5","3","4","3","4","2","2","4","2","3","4","2","2","1","1","Cat with access to the outdoors but in an enclosure attached to the house. No hunting possible except for flying insects"
"1015","7","2","1","4","3","2","2","3","2","4","3","3","4","2","5","4","2","3","2","2","4","4","4","2","1","1","Cat with access to the outdoors but in an enclosure attached to the house. No hunting possible except for flying insects"
"1016","7","1","1","4","3","2","2","3","1","2","1","4","4","3","4","4","2","1","2","1","2","3","3","2","1","1","Cat with access to the outdoors but in an enclosure attached to the house. No hunting possible except for flying insects"
"1017","1","2","2","1","3","3","1","3","1","3","2","4","4","4","3","4","3","2","2","2","3","3","4","2","1","1",""
"1018","10","2","4","2","2","1","3","4","2","4","2","5","4","4","5","5","1","1","3","1","2","2","4","2","1","1",""
"1019","6","2","3","6","4","3","3","4","2","5","2","5","3","4","5","5","3","3","1","1","1","3","4","2","1","1",""
"1021","2","1","1","4","3","2","1","3","1","5","1","4","2","4","5","5","1","1","1","1","1","4","3","2","1","1",""
"1024","2","1","2","2","4","3","3","4","1","3","1","4","3","4","4","4","1","1","1","1","1","3","3","2","1","1",""
"1026","6","1","2","1","3","3","1","3","4","4","3","5","5","4","5","4","3","1","3","3","1","3","2","2","1","1",""
"1027","6","2","2","2","4","3","1","3","1","4","1","5","3","5","4","5","1","1","1","1","1","4","4","2","1","1",""
"1028","1","2","1","1","3","2","2","4","3","3","4","4","4","4","4","4","2","1","1","3","1","3","3","2","1","1",""
"1029","6","1","2","6","4","3","3","3","1","4","1","4","4","5","4","5","4","1","1","1","3","3","3","2","1","2","My cat has an outdoor enclosure and the other cats bring him the mice so that Mrs. can play."
"1030","1","1","4","2","2","2","1","3","4","5","3","5","5","5","4","4","3","1","4","2","2","5","5","2","1","1",""
"1031","6","2","3","2","2","2","1","3","1","5","2","3","3","4","5","5","2","2","2","1","1","5","5","2","1","1",""
"1032","2","2","3","3","3","3","1","4","2","5","2","5","5","5","4","2","5","1","1","1","1","3","3","2","1","1",""
"1033","3","1","3","1","2","2","3","2","4","4","3","4","4","2","2","2","4","3","3","3","3","3","3","2","1","1",""
"1034","3","2","1","1","3","1","1","3","4","5","3","4","5","4","4","4","1","1","1","1","1","4","4","2","1","1",""
"1035","3","2","1","1","2","2","2","3","2","2","2","5","5","5","4","4","4","1","3","3","4","4","3","2","1","1",""
"1037","3","2","1","1","4","3","1","4","2","4","3","4","3","3","4","4","4","1","3","3","3","4","3","2","1","1","for the moment too young 5 months.... I intend to set up a secure enclosure for him because we have space 2000m2 of land next to fields. concerning the predatory instincts we see the manifestations in the morning, in the evening and sometimes at night he jumps everywhere, runs across the whole house, he skids, etc....."
"1038","3","1","3","2","1","3","1","3","1","4","4","5","5","5","5","5","2","1","2","2","1","4","2","2","1","1",""
"1039","3","2","2","2","1","3","1","3","1","2","1","4","2","5","3","3","2","5","5","4","5","2","4","2","1","1",""
"1040","3","1","2","1","3","1","2","4","1","4","4","5","5","4","2","5","4","2","2","5","3","3","4","2","1","1",""
"1041","8","1","3","2","3","2","2","3","5","4","3","3","4","2","4","2","3","1","1","1","3","4","1","2","1","1","Environmental stress: my RAG does not like the company of my children, she is afraid of them"
"1042","3","2","2","1","2","1","1","3","4","5","3","5","5","5","5","3","2","1","3","3","1","3","3","2","1","1",""
"1043","3","2","1","1","3","1","1","4","2","4","2","4","4","3","3","4","1","2","3","3","4","4","4","2","1","1",""
"1044","3","2","3","1","2","3","3","3","3","5","3","4","4","2","4","2","4","1","3","4","3","4","2","2","1","1",""
"1045","3","2","3","1","2","1","2","3","4","3","4","5","4","5","4","4","2","1","3","4","4","4","5","2","1","1",""
"1046","3","1","2","1","2","2","2","3","4","5","4","4","4","2","5","2","3","1","2","2","1","2","4","2","1","1","Frequently catches insects"
"1048","3","1","2","2","3","3","1","3","4","5","5","5","5","5","5","3","1","1","1","1","1","5","5","2","1","1",""
"1049","3","1","2","1","3","2","2","4","4","4","4","5","4","5","5","2","4","1","1","1","1","1","4","2","1","1","Very affectionate, very playful, behaves like a small dog."
"1050","3","2","1","1","4","3","2","3","1","3","3","4","4","2","4","4","1","1","1","1","1","1","4","2","1","1",""
"1051","3","2","4","2","3","3","3","3","4","5","2","5","5","5","5","5","3","1","4","3","2","3","2","2","1","3","Super clingy because it is adopted"
"1052","7","2","4","1","3","3","1","3","4","4","2","5","5","4","4","5","2","2","2","2","2","4","2","2","1","1",""
"1053","7","1","4","1","2","1","2","3","1","5","1","4","4","3","5","5","1","1","2","4","3","5","3","2","1","1","Loves catching insects"
"1054","13","1","3","3","4","1","1","3","2","4","2","3","4","3","4","4","4","2","2","2","1","4","2","2","1","1",""
"1055","3","1","2","1","2","1","1","3","2","4","2","5","5","5","4","4","2","1","1","1","2","4","5","2","1","1",""
"1059","6","2","3","1","2","1","2","3","5","5","5","5","5","3","5","3","4","1","1","4","1","1","1","2","1","1",""
"1060","5","2","3","2","2","2","1","3","1","3","2","5","3","3","4","5","1","1","1","3","1","5","5","2","1","1",""
"1061","13","2","1","1","2","3","3","3","2","4","3","4","4","3","5","4","2","1","3","2","1","3","4","2","1","1",""
"1062","13","2","1","2","1","2","1","4","4","4","3","5","3","4","5","4","3","2","4","3","2","4","4","2","1","1","The only outdoor space my cats have is a loggia where they like to watch birds."
"1064","13","1","3","1","2","3","1","3","4","3","3","5","5","3","4","2","4","3","1","3","3","3","5","2","1","1","My cat only goes out in a harness and only a few times a year"
"1065","13","1","3","3","1","1","1","3","3","3","1","3","3","3","3","3","1","3","2","3","3","3","3","2","1","1",""
"1067","6","2","3","3","2","1","2","3","1","2","1","4","5","5","3","2","1","3","1","1","4","2","5","2","1","1",""
"1068","13","2","3","1","4","3","1","2","1","3","2","5","5","5","4","5","2","1","2","1","1","5","2","2","1","1",""
"1073","13","2","3","3","4","3","1","2","4","5","1","4","4","4","5","5","1","1","3","3","1","5","3","2","1","1",""
"1074","10","2","4","2","3","3","1","4","1","2","2","5","5","4","5","4","1","3","5","4","4","4","5","2","1","1",""
"1076","10","1","2","2","3","3","1","1","5","2","4","5","2","4","4","4","1","3","3","4","4","5","5","2","1","1",""
"1077","10","2","3","3","3","2","2","3","3","4","4","4","4","1","5","3","1","1","1","3","3","4","1","2","1","1",""
"1083","5","2","3","4","4","3","1","4","3","3","2","3","3","1","3","1","2","3","3","1","3","3","3","2","1","1",""
"1084","6","2","2","1","4","3","1","3","3","3","3","3","3","3","3","3","3","3","3","3","3","3","3","2","1","1",""
"1088","1","1","3","1","4","2","1","3","4","2","3","4","4","3","2","4","3","1","3","3","1","4","3","2","1","1",""
"1093","5","1","1","1","3","2","1","3","3","2","1","3","3","3","3","2","1","2","3","3","1","3","1","2","1","1",""
"1099","3","2","3","2","3","2","1","3","2","4","1","5","4","5","5","2","4","2","1","1","1","4","4","2","1","1",""
"1104","5","1","1","1","3","3","1","4","5","5","4","5","5","4","4","2","5","1","3","1","1","3","3","2","1","1",""
"1105","13","1","1","3","4","2","1","3","1","5","3","5","5","5","5","4","1","1","1","1","1","2","1","2","1","1","It's a British longhair, you only put the shorthair in the breed list"
"1106","3","1","1","2","3","2","1","3","2","2","3","4","3","5","4","3","2","4","4","2","4","2","4","2","1","1",""
"1108","6","1","1","1","1","2","1","3","2","3","3","3","2","3","4","3","3","3","1","1","1","4","5","2","1","1","Underweight cat, does not go out without a harness, so no effective hunting"
"1109","3","1","3","1","4","3","2","2","2","4","3","4","4","4","2","4","4","1","1","3","2","4","4","2","1","3",""
"1110","12","1","3","1","3","1","1","3","5","4","4","4","5","4","5","1","2","1","1","2","2","3","3","2","1","1","Don't go out alone. She's not interested in the outdoors if there's no one outside with her."
"1112","13","2","1","1","2","3","1","3","1","3","1","2","1","3","5","4","2","4","3","3","4","3","3","2","1","1",""
"1116","3","1","3","6","2","2","1","4","1","3","1","5","5","5","5","4","1","1","1","1","1","3","1","2","1","1",""
"1117","5","1","3","2","3","2","2","3","1","2","4","4","4","4","4","4","2","1","1","3","2","3","3","2","1","1","No"
"1119","5","2","1","1","2","1","2","3","2","4","2","4","4","3","4","4","3","1","1","1","1","4","4","2","1","1",""
"1120","13","1","1","1","2","2","1","4","4","3","5","5","4","4","5","2","3","3","2","3","3","3","3","2","1","1",""
"1124","5","2","2","1","1","1","1","4","2","2","2","2","2","2","2","2","1","1","1","1","1","3","3","2","1","1",""
"1127","5","2","1","1","2","2","2","4","1","2","3","4","3","4","5","4","2","2","2","3","3","3","3","2","1","1",""
"1128","3","2","4","3","3","3","1","4","1","5","1","4","1","1","5","3","4","1","3","1","1","4","1","2","1","1","Only comes out in harness."
"1129","3","1","3","1","3","1","2","3","2","5","2","3","5","3","3","4","3","1","3","3","2","5","2","2","1","1",""
"1130","3","2","2","1","2","1","1","4","1","2","3","5","4","4","4","5","2","2","2","1","2","3","4","2","1","1",""
"1131","3","1","3","1","3","1","1","3","2","5","2","5","3","4","5","5","1","1","1","4","5","1","3","2","1","1",""
"1133","5","1","3","1","3","2","3","3","4","5","5","4","5","4","4","3","4","1","2","4","1","4","3","2","1","1",""
"1134","3","2","1","1","1","1","1","2","1","2","2","4","4","3","5","4","2","3","2","2","3","3","3","2","1","1",""
"1136","3","2","3","1","4","1","1","3","2","4","4","3","4","4","5","4","4","1","1","2","2","4","3","2","1","1",""
"1138","6","2","2","2","2","1","5","3","1","1","2","4","4","3","4","4","1","1","3","1","1","3","4","2","1","1",""
"1139","3","2","2","2","2","2","3","4","4","4","2","4","3","4","4","2","3","4","2","2","2","4","2","2","1","1",""
"1140","12","2","1","4","2","1","1","4","4","4","4","5","5","5","5","4","2","1","4","3","3","4","2","2","1","1","My cat has expensive tastes in wet food: he prefers mousse to jelly. I have taught him to sit and follow me."
"1141","5","1","4","1","3","3","1","3","5","5","3","5","5","4","5","1","5","1","1","3","1","4","5","2","1","1",""
"1143","3","1","3","6","4","2","3","3","1","5","1","5","5","5","5","3","4","1","1","1","1","1","5","2","1","1","Quiet and very very gentle calm not at all hyperactive"
"1144","7","2","2","1","2","2","4","3","5","4","4","5","4","4","5","1","3","1","3","3","1","1","3","2","1","1","Very fearful but attracted to children"
"1145","3","1","2","3","2","1","2","3","3","3","3","3","2","2","3","3","3","1","3","1","1","1","3","2","1","1",""
"1147","5","1","3","2","2","1","1","3","1","2","4","4","4","3","4","4","3","3","3","3","3","3","2","2","1","1",""
"1149","7","1","3","1","4","1","1","3","1","5","3","4","4","3","5","4","1","1","1","1","1","4","2","2","1","2","Cat very very attached to his master"
"1150","13","2","2","2","1","1","1","3","3","4","1","5","5","5","5","5","2","3","4","3","3","2","2","2","1","1",""
"1151","13","1","2","1","3","3","1","3","1","5","1","5","4","4","5","5","1","1","1","1","1","1","1","2","1","1",""
"1152","9","1","2","5","3","2","1","3","1","2","2","4","4","4","4","5","1","3","1","1","3","3","1","2","1","1","He is an indoor cat."
"1156","7","1","3","2","3","1","3","3","1","3","2","4","4","5","5","5","1","1","5","5","5","3","3","2","1","1",""
"1158","13","1","3","4","4","2","1","3","3","3","1","4","3","5","4","5","3","1","3","3","4","3","2","2","1","1",""
"1161","5","1","3","2","2","3","1","3","5","5","3","5","5","5","5","3","4","1","1","1","3","4","4","2","1","1",""
"1162","5","2","3","2","2","3","1","3","1","4","1","4","4","4","4","5","2","4","5","3","4","4","4","2","1","1",""
"1164","13","1","3","1","1","1","1","3","4","4","4","4","5","4","5","4","4","2","2","3","3","4","2","2","1","1",""
"1166","8","2","1","1","3","1","2","3","1","5","2","4","4","4","5","5","1","1","3","2","1","3","4","2","1","1",""
"1167","5","1","3","3","4","3","1","3","4","4","4","5","5","5","5","4","3","3","3","3","3","4","4","2","1","1",""
"1169","10","2","3","2","3","2","3","3","2","2","2","4","4","3","5","1","3","1","3","5","3","5","3","2","1","1",""
"1174","3","1","1","2","4","3","1","3","1","2","3","3","3","4","4","4","1","2","2","1","5","4","4","2","1","1","She hasn't gone outside yet"
"1175","10","1","4","2","2","2","3","3","1","1","1","5","5","5","4","3","2","1","2","1","5","4","4","2","1","2",""
"1176","13","2","2","2","3","2","1","3","2","2","1","4","3","4","5","5","1","2","1","1","3","4","4","2","1","1",""
"1177","10","2","4","2","2","2","3","3","1","4","1","5","4","3","4","4","1","1","5","5","3","4","3","2","1","2",""
"1182","3","2","3","6","3","2","1","4","4","5","1","3","4","4","3","1","2","1","5","3","1","5","5","2","1","1","Uncastrated breeding cat"
"1183","5","2","1","1","3","2","2","3","2","2","2","5","4","5","4","4","2","2","4","4","5","4","3","2","1","1","He is adorable"
"1186","3","2","3","1","3","2","1","3","1","5","4","5","5","5","5","5","1","1","1","1","1","5","1","2","1","1",""
"1188","3","1","3","4","2","1","2","4","3","5","4","5","5","3","5","2","1","1","3","1","3","5","3","2","1","1",""
"1189","8","1","1","2","3","1","1","3","4","3","3","5","5","5","4","5","1","1","2","3","3","4","4","2","1","1",""
"1190","8","2","1","2","3","1","1","3","4","5","3","4","5","4","5","5","2","1","1","3","2","4","4","2","1","1",""
"1191","5","1","1","1","3","2","3","4","4","2","3","3","4","4","4","4","3","4","2","3","3","2","2","2","1","1",""
"1195","3","2","2","3","3","1","2","3","1","5","1","5","1","1","4","4","5","4","1","1","1","1","1","2","1","1",""
"1197","13","2","3","1","2","3","1","3","4","4","2","4","4","4","5","4","2","2","2","3","2","4","4","2","1","1",""
"1199","6","2","3","1","4","3","3","3","4","2","4","4","4","3","3","3","4","2","2","2","3","4","3","2","1","2",""
"1200","11","2","3","1","2","1","1","3","4","2","3","5","5","5","5","3","1","2","2","3","3","4","4","2","1","1",""
"1201","1","2","3","2","2","2","3","3","2","3","2","4","4","5","5","4","2","4","3","5","5","5","2","2","1","1",""
"1202","1","1","1","2","4","3","1","3","1","1","1","5","4","4","5","5","1","3","3","1","2","3","3","2","1","1",""
"1204","13","1","3","2","4","2","1","3","4","5","2","5","5","4","4","3","4","1","3","2","2","4","4","2","1","1","This is an Egyptian Mau, a rather calm and indoor breed."
"1205","11","2","3","6","3","2","1","3","2","3","1","5","5","5","5","3","2","4","3","3","4","4","3","2","1","1",""
"1207","6","2","3","2","3","2","1","3","2","4","2","2","4","3","4","4","1","1","1","1","2","4","4","2","1","1","This is an indoor cat with an outdoor cattery."
"1208","10","1","4","1","2","1","1","3","1","4","1","4","4","4","3","1","4","3","4","4","3","3","1","2","1","1",""
"1211","5","2","4","2","3","2","2","3","4","3","4","4","4","4","4","4","3","4","4","3","3","4","3","2","1","1",""
"1216","12","2","1","1","1","1","1","3","1","4","1","5","4","5","5","5","3","2","2","1","3","4","2","2","1","3","So cute, kind, active, playful"
"1217","1","1","1","4","1","1","1","3","1","2","2","2","2","2","2","1","2","1","1","2","1","2","2","2","1","1","Can't hunt because in an apartment, nature will be for in 3 months ??"
"1218","3","2","1","1","2","2","1","3","4","4","5","4","4","4","3","4","4","2","2","4","2","4","4","2","1","1",""
"1219","6","1","3","3","4","3","1","3","1","5","1","5","5","5","4","4","2","1","4","4","4","4","3","2","1","1",""
"1221","6","1","3","3","3","2","1","3","4","4","3","3","4","4","3","4","2","1","1","1","1","3","1","2","1","1",""
"1222","11","2","2","1","2","1","2","3","3","2","1","4","5","5","4","3","2","2","3","2","4","3","4","2","1","1",""
"1227","6","2","3","5","3","1","4","4","1","4","1","4","4","3","4","5","2","4","4","1","1","4","2","2","1","1",""
"1229","13","1","3","2","3","1","3","3","2","4","2","5","4","4","5","4","2","1","1","1","2","2","4","2","1","1",""
"1230","11","2","1","1","2","1","3","4","1","1","1","5","4","3","5","3","1","4","5","2","3","1","2","2","1","1","My cat's predatory behavior is much higher than it seems in my last answers: 
 
 Indeed, I had a fence installed on my terrace so that pigeons and other birds cannot enter and he cannot capture them."
"1233","5","2","1","2","1","2","1","3","4","2","3","3","4","3","4","3","2","1","4","1","1","4","2","2","1","1",""
"1235","5","2","2","2","2","3","1","2","1","3","3","4","4","4","5","4","2","3","3","1","1","1","4","2","1","1",""
"1236","3","1","3","6","4","3","1","4","1","5","1","4","3","3","5","5","3","1","1","1","1","5","4","2","1","1",""
"1238","1","2","2","1","2","1","2","4","4","1","3","4","4","3","4","2","1","2","4","4","4","1","4","2","1","1",""
"1239","5","1","3","1","2","3","2","3","1","5","4","4","4","5","5","4","3","1","1","2","1","4","5","2","1","1",""
"1241","1","2","1","1","2","1","2","4","1","3","1","4","4","4","4","4","2","1","1","1","1","3","3","2","1","1",""
"1242","1","2","2","1","3","3","2","3","1","2","4","5","5","4","5","5","4","3","3","3","3","4","4","2","1","1",""
"1244","1","2","1","1","3","2","1","3","2","3","3","4","4","4","4","4","2","2","2","3","3","4","4","2","1","1",""
"1245","1","1","2","3","2","3","3","3","1","2","1","5","3","4","5","5","1","2","2","1","2","4","4","2","1","1",""
"1246","1","1","1","1","4","3","1","3","3","1","3","5","5","5","5","3","2","3","2","3","3","3","3","2","1","1",""
"1247","1","1","3","3","4","1","1","3","2","2","4","5","5","5","4","4","4","1","1","1","1","4","4","2","1","1",""
"1251","6","2","2","2","3","2","1","3","4","3","3","4","4","1","4","1","4","3","4","3","3","3","3","2","1","1",""
"1254","6","1","3","1","2","1","2","3","3","4","2","5","4","5","4","4","2","3","4","4","2","3","5","2","1","1","Madam talks a lot and at all hours ????"
"1255","1","2","3","1","2","1","3","3","1","2","1","4","4","4","3","4","2","2","3","2","1","3","1","2","1","1",""
"1256","5","2","2","1","2","1","2","4","3","5","4","5","5","4","5","3","1","1","1","3","1","4","1","2","1","1",""
"1257","5","2","1","1","1","1","1","4","5","4","5","5","4","4","3","1","5","1","2","1","2","3","3","2","1","2","He is very interested in birds and insects."
"1260","13","1","3","4","1","2","1","3","1","4","1","5","4","5","5","3","1","2","3","1","3","5","3","2","1","1","My 2 black cats were abandoned near a stream. My partner and I saved them and cared for them. Some things are harder to see; because the other 2 cats arrived later."
"1261","1","1","2","2","4","3","3","3","1","2","1","5","5","5","4","4","3","1","1","1","1","1","1","2","1","3",""
"1262","1","1","1","2","3","2","1","4","1","1","1","5","2","4","5","5","2","4","4","2","4","3","4","2","1","1",""
"1263","6","1","3","1","3","3","1","4","4","2","4","4","5","4","5","4","1","2","2","2","4","4","2","2","1","1",""
"1267","1","1","3","2","2","2","4","4","1","5","1","5","5","5","5","5","1","3","5","1","1","1","1","2","1","1","Very ""talkative"""
"1268","13","1","3","6","4","3","1","3","3","3","1","4","4","4","4","3","1","1","4","1","1","1","3","2","1","1",""
"1271","1","2","2","1","2","1","3","3","1","1","3","5","4","5","4","4","2","2","5","3","4","4","4","2","1","1",""
"1272","1","2","3","5","3","2","2","4","3","3","2","3","3","2","3","3","3","1","2","2","2","3","3","2","1","1",""
"1274","1","2","3","2","2","2","1","4","2","1","1","5","4","5","5","4","2","5","4","1","5","4","4","2","1","1",""
"1275","1","2","1","1","3","1","1","3","1","3","1","1","3","4","4","4","2","2","2","1","2","3","3","2","1","1",""
"1277","13","1","3","1","2","1","3","4","1","3","3","2","1","5","3","3","3","3","2","3","5","5","5","2","1","2",""
"1282","1","2","2","1","3","2","3","4","1","2","5","5","5","5","4","4","1","3","1","2","2","3","4","2","1","1","Cat that is walked on a leash and harness and that stays at home outside also on a leash and harness all day"
"1285","1","1","3","2","3","3","1","4","2","3","3","5","4","5","5","3","1","3","3","1","1","4","3","2","1","1",""
"1286","1","2","3","1","2","2","4","3","1","4","3","5","5","5","5","5","2","1","3","3","2","4","4","2","1","1",""
"1287","4","1","3","2","1","1","1","3","1","2","1","2","2","2","2","2","1","1","1","1","1","2","1","2","1","1","I have 2 CHAs, the mother and the daughter, they are very affectionate"
"1288","1","2","2","2","3","2","1","4","1","3","1","4","4","3","4","5","1","3","1","1","4","4","5","2","1","1",""
"1291","3","2","2","2","3","2","1","4","3","5","1","5","4","3","4","3","2","1","2","1","1","3","2","2","1","1",""
"1293","10","1","3","5","2","2","4","3","3","2","2","2","2","2","2","2","1","1","2","2","3","3","3","2","1","1",""
"1294","1","1","1","2","2","1","2","4","4","3","1","4","4","4","2","3","3","1","3","1","4","4","3","2","1","1",""
"1295","6","1","2","6","3","3","1","3","1","4","1","5","4","4","5","5","1","1","1","1","1","1","1","2","1","1",""
"1297","1","1","2","2","4","1","2","3","2","2","2","5","4","5","3","5","2","3","4","2","4","3","4","2","1","1",""
"1298","1","2","3","6","3","3","1","4","4","5","2","5","5","5","5","4","2","1","1","1","1","4","4","2","1","1",""
"1299","9","2","3","1","2","1","1","3","3","4","3","4","3","4","4","4","3","2","2","1","2","3","4","2","1","2",""
"1300","9","1","1","1","4","3","1","3","1","4","1","5","4","4","5","5","2","1","3","1","1","4","3","2","1","1",""
"1302","7","1","3","3","2","2","2","3","4","4","4","5","5","4","5","2","3","1","3","1","2","4","1","2","1","1","A cat that smells everything and knows everything that happens and takes care of our worries....."
"1304","8","2","2","2","3","1","1","4","1","3","1","4","5","5","5","5","1","1","5","4","3","4","3","2","1","1",""
"1305","8","1","3","1","4","3","3","3","3","5","3","5","5","5","5","4","2","1","3","1","3","4","3","2","1","1","My cat goes out, but only on a leash, which doesn't allow her to hunt. But her instinct is there."
"1306","7","2","4","2","3","3","1","3","4","4","3","4","4","4","4","3","2","1","1","3","3","4","3","2","1","1",""
"1307","12","1","1","1","1","1","1","4","2","4","5","5","5","5","5","4","1","1","2","2","3","5","3","2","1","1","She plays very long and very often"
"1308","7","2","3","3","2","2","2","3","4","4","2","4","4","4","4","4","1","1","1","1","1","3","1","2","1","1",""
"1309","8","2","1","1","4","3","1","3","2","4","3","5","4","5","5","2","2","1","2","3","2","4","5","2","1","1",""
"1311","1","2","1","1","3","2","3","3","1","3","3","5","5","5","5","5","1","3","3","3","1","4","3","2","1","1","My kitten doesn't bring back any prey yet because he hasn't really been confronted with them. On the other hand, we hunt insects"
"1312","13","1","4","2","3","1","1","3","3","3","1","4","4","3","4","3","3","2","4","3","3","3","2","2","1","1",""
"1313","8","1","3","2","4","3","1","3","4","4","3","5","4","1","2","3","2","1","4","1","1","5","4","2","1","1",""
"1315","6","2","2","2","3","3","1","4","4","5","1","1","5","4","5","2","4","4","4","1","3","5","5","2","1","1",""
"1316","8","2","3","2","4","3","1","3","1","5","1","5","2","5","5","5","1","1","3","1","1","5","5","2","1","1",""
"1317","6","2","2","2","3","1","1","2","2","4","3","4","4","3","5","5","2","2","2","1","3","4","4","2","1","1",""
"1318","9","1","3","2","4","3","1","4","2","5","1","5","3","4","4","5","5","5","4","2","2","2","3","2","1","1",""
"1320","8","1","1","1","3","3","1","2","1","3","3","4","4","4","5","2","2","1","1","3","2","3","5","2","1","1",""
"1321","1","1","3","1","2","3","1","3","1","1","2","4","3","4","4","2","3","4","4","1","1","4","1","2","1","1","Capture all insects"
"1322","8","2","3","1","2","1","1","4","1","4","3","5","4","2","4","4","3","2","1","3","1","3","4","2","1","1",""
"1324","5","1","3","4","2","1","2","3","3","3","3","4","4","3","4","4","4","1","2","2","1","2","1","2","1","1",""
"1326","6","1","3","1","2","1","2","3","4","4","2","5","5","5","5","2","2","1","4","2","2","4","2","2","1","1","Although on a terrace, it has no access to birds or mice. But only asks to chase away anything that could land on the balcony"
"1327","1","1","2","1","2","2","2","2","2","3","2","4","4","3","4","4","1","2","2","2","3","4","3","2","1","1",""
"1328","8","1","2","1","2","2","2","3","2","5","2","5","4","5","5","4","4","1","1","1","1","5","3","2","1","1",""
"1329","8","1","2","1","1","2","1","3","4","5","3","4","3","2","4","3","1","1","2","2","1","5","4","2","1","1","1- When I check the MIdle box, it's more that Orpheus doesn't care or it doesn't concern her (and not No opinion)
 2- Since she lives in an apartment, even if there is nature around, she doesn't go there 0 and therefore, there is no possibility for her to capture birds or mammals... (I specify this so that your survey is not distorted...)
 3- When you estimate the duration of play, observation, cuddles, etc. it seems to me that between 20mn and 1h would be more like 2 / Between 1h and 2h would be more like 3 / and over 2h would be more like Very high
 4- You have omitted the whole Health aspect (illnesses, minor ailments, recurring or not...) and the whole Food aspect (what they eat, how, frequency, place, etc.)
 5- I would have -personally- asked one last open question: what is your cat's main fault / what is its main quality
 6- Good luck! And lots of fun!"
"1330","6","2","3","3","2","1","3","3","3","5","2","4","5","3","3","3","2","1","3","1","1","4","3","2","1","1",""
"1332","5","2","2","3","2","2","4","2","2","4","2","4","3","3","5","4","1","1","1","1","1","4","3","2","1","1","He was born at my house so he got used to toddlers, dogs etc. very quickly and had access to the outdoors quickly. He has always been healthy and is not neutered."
"1333","8","2","2","2","3","3","1","3","1","5","1","4","4","5","1","1","5","1","4","1","1","3","3","2","1","1",""
"1334","8","1","1","1","2","1","2","3","1","5","3","3","1","4","4","5","1","5","3","3","1","5","5","2","1","1","Clumsy"
"1335","6","1","2","2","3","2","1","3","4","3","2","5","5","5","5","4","1","1","3","2","4","3","4","2","1","1","I don't want our cats to go outside for two reasons: theft and the protection of the birds in the garden, which I also feed."
"1338","8","2","3","2","3","3","2","3","2","5","4","5","4","3","5","5","1","1","2","2","3","4","3","2","1","1","He keeps talking and follows me like my shadow"
"1340","8","1","3","2","2","1","3","2","3","3","2","3","2","2","3","3","1","1","3","3","3","3","2","2","1","1",""
"1343","10","2","1","1","2","1","3","2","2","4","1","5","4","4","3","3","4","1","3","1","3","3","4","2","1","1",""
"1344","5","2","3","2","3","1","1","3","4","3","4","4","4","5","5","3","4","2","2","2","1","4","5","2","1","1",""
"1347","7","2","4","2","4","1","1","3","5","5","4","4","2","2","2","1","5","5","1","2","1","4","1","2","1","1",""
"1349","8","2","3","2","3","2","3","3","3","2","2","4","3","4","3","4","4","2","4","3","4","4","4","2","1","4",""
"1350","1","2","3","2","3","3","3","4","1","4","1","5","2","5","5","5","1","2","2","1","4","4","4","2","1","1","He goes outside but is not free thanks to an anti-escape system. (Collar and buried perimeter wire)"
"1352","7","1","3","1","3","2","1","3","1","4","1","4","2","4","3","4","4","4","1","1","1","3","3","2","1","1",""
"1353","6","2","2","2","2","2","1","4","1","5","1","5","4","3","5","5","1","1","1","1","1","3","3","2","1","1",""
"1354","7","2","3","1","1","1","1","3","3","3","3","5","5","5","3","4","4","1","1","1","1","4","4","2","1","1",""
"1356","8","2","2","3","4","2","3","3","1","4","1","4","2","4","4","4","1","1","1","1","1","4","4","2","1","1","My cats don't hunt much because they have a large enclosure in the garden."
"1358","8","1","1","1","2","1","1","3","1","4","1","5","4","3","5","5","1","1","1","1","1","4","5","2","1","1",""
"1360","6","2","4","6","4","2","1","4","3","4","1","4","4","4","5","4","4","3","4","3","3","4","3","2","1","1",""
"1361","6","1","3","6","4","2","1","4","4","5","4","4","4","4","4","3","4","2","2","2","2","4","4","2","1","1",""
"1362","1","2","1","1","1","1","2","3","1","3","3","5","5","4","5","4","1","2","2","2","4","3","5","2","1","1",""
"1363","8","1","1","1","2","1","2","3","1","4","3","3","3","4","3","5","1","1","1","1","2","4","4","2","1","1",""
"1365","6","2","2","2","4","1","3","4","4","5","2","4","5","4","4","3","2","1","2","1","1","4","4","2","1","1","He is a real cat-dog who follows me everywhere. When the weather is nice, can spend most of the day in the garden (but 0 beyond) watching the leaves, insects and birds flying. But likes to go back and forth between the house and the garden a lot. Does not go out in the evening."
"1366","3","2","4","2","3","2","2","2","4","5","1","4","3","5","5","3","4","1","1","1","1","4","3","2","1","1","0 interest in food other than kibble and always have"
"1367","7","2","3","4","3","2","3","3","5","5","1","5","2","1","5","5","4","1","5","1","1","1","1","2","1","1","My cats have a protected exit so they don't have access to the birds"
"1368","5","2","4","1","2","2","3","4","4","2","5","4","4","3","4","1","4","1","1","1","3","3","1","2","1","1",""
"1369","10","2","2","2","3","1","3","3","5","5","2","5","3","3","4","3","3","1","3","1","1","1","1","2","1","1","He goes hunting but catches nothing."
"1371","5","2","3","4","2","1","1","3","3","2","3","2","3","3","3","3","2","1","1","2","2","2","3","2","1","1",""
"1372","10","2","2","2","3","1","3","3","1","3","1","5","5","3","5","5","2","1","1","1","1","3","1","2","1","1",""
"1373","8","2","3","2","4","2","1","3","2","4","4","4","4","3","4","4","4","1","1","1","1","3","3","2","1","1",""
"1374","13","2","3","5","2","2","1","3","2","1","3","4","4","5","4","4","3","4","5","4","3","4","4","2","1","1","With 5 cats, it's not easy to answer all the questions so I chose one to do it. He's quite playful and also very very talkative!"
"1375","7","1","2","2","3","2","3","3","3","4","2","3","4","3","2","2","4","2","2","2","2","3","3","2","1","1",""
"1376","8","2","3","4","3","1","3","3","1","5","1","2","2","4","4","2","2","1","4","5","3","3","1","2","1","1",""
"1378","8","1","2","1","2","1","1","3","1","3","3","4","4","3","3","3","2","1","1","1","2","3","3","2","1","1",""
"1380","7","2","3","2","2","1","1","3","4","3","4","4","3","4","4","1","3","1","1","2","2","3","4","2","1","1",""
"1383","7","2","1","4","3","3","1","3","1","2","1","1","1","1","1","5","1","1","1","1","1","1","1","2","1","1","Deafness, that's why he doesn't go outside and to the side of the road"
"1384","13","2","3","1","2","1","2","4","1","4","3","4","4","5","4","5","2","1","2","3","2","4","2","2","1","1",""
"1385","9","1","1","6","3","3","1","3","1","3","1","4","1","2","4","4","2","1","1","1","2","3","3","2","1","1",""
"1386","7","1","2","1","3","2","1","2","2","2","1","2","2","2","2","3","2","1","1","1","1","3","1","2","1","1",""
"1387","5","1","3","1","2","1","1","3","5","3","1","5","3","5","5","3","1","1","1","1","1","1","1","2","1","1","My cat doesn't have access to the outdoors."
"1389","7","1","2","2","4","2","1","4","4","5","3","5","4","5","4","4","2","1","1","1","1","3","3","2","1","1",""
"1394","6","2","1","2","3","3","2","3","1","2","1","5","3","5","5","5","1","3","3","1","2","3","5","2","1","1","He catches insects"
"1395","7","1","1","1","4","1","1","4","2","3","2","2","3","2","1","4","2","2","2","3","4","3","3","2","1","1","This is actually an exotic short hair F, not mentioned in the list"
"1397","1","1","2","1","3","2","2","3","1","1","2","4","4","4","3","4","3","3","3","3","4","4","3","2","1","1","She goes out in a harness"
"1399","1","2","2","1","2","1","3","3","1","4","3","4","1","4","3","3","4","4","4","3","4","4","4","2","1","1",""
"1400","5","2","2","1","3","2","1","3","4","2","2","3","4","4","4","4","3","2","4","3","2","4","4","2","1","1",""
"1401","1","1","1","1","2","1","2","3","4","2","1","5","5","3","4","4","2","1","3","1","3","3","5","2","1","1","Our cat only goes out on a leash at least once a week outside the house (we take the car and go into nature)"
"1402","1","1","3","1","3","3","1","3","2","4","2","5","4","3","5","5","2","1","2","2","1","3","4","2","1","1",""
"1404","5","2","3","2","3","1","3","4","3","5","3","4","4","2","5","4","4","1","3","3","2","5","5","2","1","2",""
"1405","1","1","3","1","4","3","1","4","3","5","1","5","5","5","5","3","3","1","3","1","4","4","3","2","1","1","Stay inside and don't want to go out"
"1406","7","2","3","1","3","3","2","2","2","5","3","4","5","3","4","5","3","2","5","4","3","4","3","2","1","2","Epileptic cat"
"1407","8","1","2","1","1","2","1","3","3","4","2","5","4","4","5","4","2","3","2","3","4","4","4","2","1","1","She talks and coos"
"1409","5","2","2","2","2","1","1","4","2","4","1","5","3","4","4","5","2","1","3","2","3","4","3","2","1","1",""
"1411","6","1","3","5","3","2","1","2","1","2","1","4","4","5","3","3","4","1","3","3","2","4","3","2","1","1","Drink only fresh water... :-D"
"1412","13","1","2","1","1","1","1","3","4","5","2","5","5","3","5","3","2","1","1","1","3","3","4","2","1","1",""
"1413","10","2","4","1","3","2","3","4","4","5","2","4","5","4","5","5","2","1","1","1","1","5","2","2","1","2","Loss of taste for hunting with age. Hardly goes out in winter but stays outside for hours as soon as the good weather arrives."
"1415","1","2","3","2","3","2","2","3","1","3","2","4","3","4","4","2","1","3","4","4","4","3","2","2","1","1",""
"1416","9","2","3","3","2","2","1","3","1","1","1","5","5","5","5","5","5","5","5","2","4","4","1","2","1","1",""
"1417","3","1","3","3","2","1","1","3","4","4","3","4","4","4","4","2","1","1","3","2","4","2","3","2","1","1",""
"1418","1","2","3","2","4","3","1","3","1","3","4","4","4","4","4","3","3","1","3","3","1","4","3","2","1","1",""
"1422","7","1","4","4","4","3","2","4","4","5","4","5","4","5","5","4","2","2","2","2","1","4","5","2","1","1",""
"1426","8","1","4","1","1","3","1","3","4","2","4","2","4","4","2","3","2","1","1","4","4","3","4","2","1","1",""
"1427","9","2","3","2","4","3","1","3","1","2","1","4","3","3","4","4","1","2","4","4","4","3","2","2","1","1",""
"1430","1","1","2","4","1","1","1","3","1","1","1","5","4","5","3","4","1","3","4","1","5","4","4","2","1","1",""
"1431","9","2","3","3","3","1","1","3","1","4","1","5","5","4","5","5","1","1","2","1","1","3","3","2","1","1","It's a cat dog"
"1432","1","1","3","2","2","2","3","3","4","1","4","4","3","4","3","1","2","2","4","4","1","4","4","2","1","1",""
"1433","9","1","2","1","3","1","1","3","1","2","3","4","2","4","2","4","4","4","5","3","1","4","1","2","1","1",""
"1434","10","2","2","6","4","1","3","2","4","2","1","3","4","3","2","2","4","1","4","4","4","3","4","2","1","1",""
"1435","7","1","1","1","1","1","1","4","2","4","3","5","4","4","4","3","1","2","3","3","2","4","4","2","1","1","Very playful cat"
"1437","7","1","2","2","3","3","1","3","1","4","2","4","4","3","4","5","1","1","1","1","1","4","4","2","1","1",""
"1438","1","1","2","2","1","3","1","3","1","2","1","4","4","4","3","4","3","1","4","1","2","3","1","2","1","1",""
"1439","7","2","3","2","3","3","1","3","5","5","4","5","5","3","5","2","4","1","5","5","4","4","2","2","1","1","Fearful"
"1441","9","2","2","1","1","2","1","4","1","3","1","4","3","4","4","4","1","3","3","1","3","4","4","2","1","1",""
"1442","7","2","3","2","3","3","1","3","5","5","5","4","5","5","5","5","4","1","1","1","1","5","4","2","1","2",""
"1444","8","1","1","1","3","2","2","3","4","4","2","5","4","4","4","3","2","1","1","1","1","4","4","2","1","1","Very close to us, she is never alone in a room, she joins us wherever we go in the house."
"1445","5","1","3","6","2","1","1","4","4","4","1","5","5","5","5","4","4","1","1","1","1","4","4","2","1","1",""
"1446","13","2","3","2","3","3","1","3","2","2","5","5","4","5","3","5","4","4","1","3","4","4","2","2","1","1",""
"1449","7","2","3","2","3","1","2","3","2","5","2","5","3","3","5","4","1","1","4","3","2","4","3","2","1","2",""
"1450","12","2","2","2","1","1","3","3","1","4","2","4","3","4","5","5","3","1","3","1","2","4","4","2","1","1",""
"1451","3","2","1","1","3","1","1","4","4","4","3","4","4","3","3","1","2","1","1","3","2","5","3","2","1","1",""
"1453","2","2","4","1","2","1","1","3","1","5","3","3","1","5","5","5","1","1","1","3","1","5","1","2","1","1","He is a very indoor cat, he does not want to go outside 
 He is very attached to humans and is very dependent on them, he is a clingy"
"1454","9","2","3","6","2","1","2","4","1","1","1","5","2","5","5","5","1","1","3","4","1","1","3","2","1","1","I am a breeder with a special SPH license. I have 3 Ms. They have access to a secure balcony and the house is adapted to their needs, but apart from flies, they cannot hunt."
"1455","4","2","3","2","3","2","3","2","5","4","5","4","5","3","4","5","2","4","4","4","4","2","4","2","1","1",""
"1456","7","2","2","1","3","2","1","3","2","5","3","4","4","2","5","5","5","1","5","3","3","4","1","2","1","1","He captures small polystyrene birds as if they were real."
"1458","1","2","3","2","3","3","1","3","2","2","1","5","4","3","2","2","1","1","2","2","2","2","1","2","1","1","My cat goes out on a leash in our garden."
"1460","2","2","2","2","3","1","1","3","2","5","1","5","4","3","5","2","1","1","1","1","1","1","1","2","1","1",""
"1461","7","1","3","4","3","2","1","3","4","5","2","5","4","4","5","4","2","1","3","2","1","4","2","2","1","1",""
"1462","7","2","3","1","2","2","1","3","2","4","3","3","5","5","5","3","4","3","4","3","4","4","4","2","1","1",""
"1463","9","1","4","5","4","3","2","3","1","5","3","5","5","5","5","5","1","1","1","3","1","5","1","2","1","1",""
"1465","1","2","3","1","2","2","3","3","4","5","3","5","3","5","3","3","3","1","3","3","1","5","4","2","1","1",""
"1466","8","2","1","1","3","1","1","3","1","5","3","5","5","5","5","5","3","1","1","1","1","1","3","2","1","1","We chose this breed for its gentle nature and we take it out in a harness, it is too gentle to let it go free, they would take it from us or it would let itself be attacked by other animals"
"1468","5","2","1","1","4","1","1","4","5","4","5","5","4","3","5","1","1","1","1","3","3","3","3","2","1","1","Purrs constantly"
"1469","7","1","3","4","3","1","2","4","3","4","3","4","4","2","4","4","4","1","1","2","1","1","2","2","1","1",""
"1471","5","2","4","2","3","3","3","3","1","5","1","5","4","3","5","5","4","1","1","5","4","5","4","2","1","1",""
"1472","1","2","3","1","4","2","2","3","3","4","3","5","5","5","5","1","4","2","2","2","2","4","4","2","1","3",""
"1473","5","2","3","2","3","3","1","4","2","2","2","4","4","4","4","4","1","1","2","1","1","4","3","2","1","1",""
"1475","8","1","1","3","3","1","1","3","1","2","1","4","4","5","5","5","1","1","4","1","1","3","4","2","1","1",""
"1476","7","1","3","3","2","2","3","3","2","3","1","3","2","3","3","2","1","1","1","1","2","1","3","2","1","1","Indoor cat who loves going to the terrace"
"1477","8","2","3","1","4","3","2","4","1","5","3","5","3","3","5","5","1","1","1","1","1","3","3","2","1","1","He never goes out alone and always under high surveillance."
"1480","9","2","3","6","1","1","1","4","1","2","1","5","3","4","5","5","2","1","1","1","1","4","5","2","1","1","Goes for walks following his master without a leash"
"1482","9","1","2","2","3","2","1","4","1","4","1","5","2","5","5","5","1","1","1","1","3","5","5","2","1","1",""
"1484","13","2","3","3","2","1","3","3","1","2","2","5","4","5","5","5","4","4","4","4","4","2","4","2","1","1",""
"1485","13","2","3","3","2","1","3","3","4","5","1","5","5","4","5","4","4","2","4","2","1","2","4","2","1","1",""
"1487","13","1","3","1","3","3","3","4","2","2","4","1","3","2","1","4","3","2","3","4","4","4","3","2","1","2","My cat is an ""American Short Hair"", in short an alley cat from Canada =)"
"1488","13","2","2","1","3","2","3","3","2","4","3","5","5","3","4","5","2","2","2","1","3","4","4","2","1","1","Cat goes out into the garden only under supervision."
"1489","5","1","4","4","3","3","1","3","1","5","3","4","2","5","5","5","2","1","1","3","4","4","3","2","1","1","I live in an apartment on the 1st floor with a large garden but my cats don't go out, I find it too dangerous (road, malicious people, dog, etc.)"
"1490","3","2","3","2","2","3","1","4","2","2","3","5","4","4","4","3","2","1","1","1","1","3","3","2","1","1","I have a PER and a British, their character is similar but the PER is more solitary."
"1493","6","1","3","6","4","1","1","4","1","2","1","4","4","5","5","5","3","1","1","1","1","1","3","2","1","1","Very observant, and knows how to communicate"
"1494","8","2","3","2","4","3","1","4","1","4","2","4","4","4","4","4","1","4","4","3","2","4","2","2","1","1","Very good at catching flies, butterflies and spiders"
"1495","9","2","1","1","2","1","2","3","1","4","3","4","3","4","4","4","1","3","3","3","3","4","2","2","1","1",""
"1496","1","2","1","1","2","1","3","3","2","2","1","4","4","5","5","4","2","3","4","3","5","2","2","2","1","2",""
"1497","1","1","2","1","3","2","3","4","1","4","1","4","4","4","4","4","2","1","4","4","2","4","2","2","1","1","Loves playing hide and seek with me around the house"
"1499","8","1","2","1","3","1","2","4","1","4","4","5","4","4","4","4","1","1","5","4","4","3","4","2","1","1",""
"1501","13","2","1","1","1","1","1","3","1","3","3","4","4","4","3","4","3","1","4","3","4","4","4","2","1","1",""
"1502","13","2","3","1","1","2","1","4","4","4","2","3","4","3","5","4","3","3","1","2","3","4","4","2","1","1",""
"1505","7","1","3","1","4","3","1","3","1","4","5","5","4","3","4","5","3","1","1","3","1","4","5","2","1","1","My cat goes into the garden as soon as we open the veranda but she doesn't leave the garden and comes back every evening."
"1507","8","1","3","2","3","2","3","3","4","5","4","4","4","4","5","3","3","1","1","3","3","4","3","2","1","2",""
"1508","13","1","2","2","2","1","3","3","3","5","4","5","5","3","5","5","2","1","1","1","1","2","3","2","1","2",""
"1509","12","1","4","1","2","1","2","3","2","5","5","5","5","5","5","3","4","1","1","5","1","3","3","2","1","1",""
"1510","1","1","2","6","4","3","3","3","1","1","3","3","1","3","3","3","3","3","3","3","3","3","3","2","1","2",""
"1511","7","1","3","2","3","2","1","4","1","5","1","4","2","4","5","5","1","1","1","1","1","2","3","2","1","1",""
"1512","7","2","4","2","3","2","1","4","2","5","3","4","2","1","3","2","4","1","1","1","1","5","3","2","1","1",""
"1513","5","2","4","1","4","1","3","3","2","4","1","5","4","4","5","4","1","1","1","1","1","4","1","2","1","1",""
"1516","7","1","2","2","4","3","2","3","2","2","2","2","2","2","2","2","2","1","1","1","1","2","2","2","1","1",""
"1517","10","1","3","1","3","2","3","3","3","4","4","4","3","2","4","2","3","1","1","2","2","4","3","2","1","2",""
"1518","8","1","3","2","3","2","1","2","3","4","5","5","5","4","4","2","4","1","3","5","5","4","5","2","1","1",""
"1520","2","1","3","1","3","1","2","4","1","3","1","5","4","5","3","3","3","3","3","4","3","4","1","2","1","1",""
"1521","8","2","3","1","1","1","1","2","2","3","5","4","4","4","4","4","2","3","3","2","4","4","3","2","1","1",""
"1523","6","2","2","3","3","2","1","3","1","2","1","5","3","5","5","3","3","2","5","1","3","5","5","2","1","1",""
"1526","6","2","3","1","2","1","3","4","1","1","4","4","4","5","4","2","3","5","5","4","4","4","3","2","1","1",""
"1528","2","1","3","3","3","2","2","3","1","4","1","4","3","4","5","5","1","1","4","1","2","3","3","2","1","1","My Burmese does not hunt outside but has cuddly toys (Ikea rat) that he walks, dips in his kibble and his water bowl and with which he plays: licking, predatory games (like with a mouse)... 
 She also plays a lot with her BENs and shares moments of tenderness."
"1531","7","2","2","1","1","1","1","4","2","4","1","5","5","3","5","3","1","1","1","2","1","5","4","2","1","1",""
"1532","13","2","2","1","3","2","3","2","1","4","1","5","5","4","3","5","4","1","1","1","1","3","3","2","1","1",""
"1533","8","2","3","5","3","3","2","3","1","2","1","3","2","3","3","3","3","2","3","2","3","3","2","2","1","1",""
"1537","2","2","1","1","3","3","1","3","2","3","1","4","4","3","4","3","1","1","1","1","1","1","4","2","1","1","He doesn't go out"
"1539","13","2","3","1","1","3","1","3","3","4","3","4","4","5","3","2","4","3","3","3","3","4","3","2","1","1","My cat is 2 and a half years old and for the past month he has been scratching at the front door of my apartment (I have an indoor cat) and I don't know the cause and he meows a lot and does this at night 
 He didn't do this before"
"1540","8","2","3","2","4","3","2","3","1","4","3","5","4","5","5","4","3","2","2","1","5","1","4","2","1","1",""
"1545","9","1","2","1","3","3","1","4","1","2","1","5","5","5","5","4","1","1","2","1","1","4","4","2","1","1","She calls and watches the birds through the bay window, her hunting instinct is still there."
"1546","5","1","1","2","3","3","1","3","4","3","2","4","3","4","5","2","3","1","1","1","3","4","3","2","1","1",""
"1548","5","1","3","1","3","1","2","3","2","3","3","5","5","5","5","4","3","1","2","3","3","4","3","2","1","1","My cat goes out on a leash, she would attack the birds if I didn't stop her."
"1549","13","2","2","2","3","1","1","3","4","5","4","4","2","2","5","4","2","1","2","2","2","4","5","2","1","2",""
"1550","1","1","3","1","1","1","2","3","3","4","2","3","4","5","2","4","4","1","3","1","4","4","5","2","1","1","Super sporty!"
"1551","5","1","3","2","3","3","3","3","2","5","4","4","5","5","4","2","4","1","2","1","2","4","2","2","1","5",""
"1553","12","2","1","2","1","1","1","3","1","4","1","4","4","4","4","4","2","4","4","3","4","4","3","2","1","1",""
"1556","7","1","3","2","3","3","3","3","4","4","3","3","5","3","2","2","4","1","1","3","2","4","2","2","1","1","she makes a peculiar meow when she sees a spider ""spider detector"""
"1560","8","2","1","2","4","3","1","4","1","4","1","5","3","4","5","5","1","1","1","1","2","5","3","2","1","2","It's not a cat, it's a RAG!"
"1563","13","1","1","6","3","3","1","1","1","2","1","5","5","5","5","5","1","1","2","1","2","2","5","2","1","1","Cat that doesn't go out, but catches all the insects that pass by and watches the birds outside at the corner of the veranda with great interest!"
"1568","5","2","3","6","2","3","3","4","2","2","1","2","3","2","2","2","1","1","1","1","1","2","2","2","1","1","He brings back tree leaves"
"1572","8","1","3","6","4","2","1","4","1","4","1","4","4","3","4","4","1","1","1","1","1","3","1","2","1","1",""
"1573","8","2","1","1","2","1","1","3","2","4","2","4","5","5","5","5","1","2","2","3","4","4","5","2","1","1",""
"1574","8","2","1","2","4","1","1","3","1","3","1","5","2","4","5","5","1","1","1","1","1","3","3","2","1","1",""
"1575","8","1","2","2","4","1","1","3","4","5","3","2","3","3","2","3","4","1","1","1","1","3","3","2","1","1",""
"1576","8","2","3","2","3","3","3","4","1","5","2","5","2","3","5","5","1","1","2","1","1","5","2","2","1","2",""
"1577","8","2","3","2","3","2","1","3","2","5","3","5","3","5","4","5","1","1","4","1","2","5","4","2","1","1",""
"1578","13","1","3","2","2","2","1","4","1","4","1","4","4","5","5","4","2","1","1","1","3","2","2","2","1","1",""
"1579","6","2","3","2","2","1","2","3","1","2","1","4","4","4","5","4","2","2","4","2","1","3","1","2","1","1",""
"1580","8","1","1","1","2","1","1","4","3","2","3","5","3","5","4","3","3","2","2","3","4","4","5","2","1","1",""
"1582","8","1","3","3","3","2","1","3","1","4","1","3","2","4","5","4","2","2","3","2","2","4","4","2","1","1",""
"1584","8","2","1","1","2","1","1","3","1","2","3","4","2","2","5","5","3","2","2","3","2","2","4","2","1","1",""
"1585","8","2","3","1","3","1","3","3","3","4","3","4","5","3","5","5","2","1","1","1","1","4","3","2","1","1",""
"1586","8","1","1","1","4","3","2","3","1","5","1","5","4","5","5","5","1","1","2","1","1","3","4","2","1","1",""
"1587","8","2","1","1","2","2","1","4","4","3","1","4","1","3","5","4","1","1","1","1","4","4","3","2","1","1",""
"1588","4","1","3","1","3","1","2","3","1","5","2","4","5","5","3","3","4","1","4","3","3","4","4","2","1","1",""
"1589","8","1","2","1","3","2","1","3","2","3","2","3","2","4","3","4","2","1","2","2","2","4","4","2","1","1",""
"1590","8","1","1","1","3","2","2","4","1","5","3","5","4","4","5","4","1","1","1","3","1","5","5","2","1","1",""
"1591","13","1","3","1","3","3","3","3","2","5","4","3","4","2","4","4","4","2","1","2","1","4","2","2","1","2","She's a lazy bum, she pesters us to open the door for her even though she has a cat flap... modern slavery."
"1592","2","2","2","3","4","3","4","3","4","5","2","5","5","5","4","1","4","1","4","2","4","2","1","3","5","5",""
"1594","13","1","2","1","2","3","5","3","5","5","2","5","5","5","5","5","1","1","2","3","1","3","1","1","4","5",""
"1596","9","2","2","1","2","1","2","3","1","2","3","5","4","4","5","5","5","1","1","1","1","1","4","1","4","1",""
"1597","2","1","2","3","2","1","3","3","2","4","5","4","4","4","5","4","5","4","3","4","3","4","3","1","4","5",""
"1598","6","2","2","1","3","3","3","3","4","4","2","3","4","4","4","4","2","3","2","2","2","3","2","1","3","3",""
"1601","12","2","2","1","1","2","1","3","3","4","2","3","4","2","4","3","1","1","2","2","1","3","3","1","2","2",""
"1602","10","1","1","1","3","1","1","4","1","1","3","4","3","3","2","1","2","3","1","3","3","3","2","1","2","1",""
"1605","7","2","3","1","2","2","2","3","3","5","2","4","4","4","4","1","2","1","1","1","1","1","1","1","2","1",""
"1606","13","1","3","5","3","3","2","4","3","5","3","5","5","5","5","3","2","1","1","2","1","2","4","1","2","3",""
"1608","2","1","3","4","3","3","1","3","2","5","2","4","3","1","4","3","4","1","1","1","1","3","2","1","2","2",""
"1609","6","1","2","2","4","1","2","3","3","1","1","4","3","4","2","3","1","2","4","1","2","4","4","1","2","2",""
"1610","6","2","3","1","3","2","3","4","5","4","3","5","5","4","2","1","4","3","3","3","2","2","4","1","2","3","His outdoor environment: secure enclosure, he cannot go far even though we are in a house."
"1611","3","2","3","1","3","2","2","3","1","4","1","5","5","5","4","2","2","4","4","4","4","4","2","1","2","2","Stubborn"
"1613","13","2","3","2","3","2","2","3","1","3","1","4","2","5","5","4","2","3","3","1","2","3","4","1","2","1",""
"1615","6","2","1","4","2","1","1","3","3","4","1","4","4","3","4","2","4","3","3","1","3","3","4","1","2","1",""
"1621","11","2","3","1","2","1","3","4","3","3","3","5","4","5","5","5","2","1","2","3","3","4","2","1","2","1",""
"1623","1","2","2","2","2","2","2","3","2","1","3","5","3","3","5","4","1","3","3","1","3","5","3","1","2","1",""
"1626","13","2","3","1","3","2","1","2","2","4","5","3","3","4","2","2","4","4","4","4","4","4","3","1","2","1","Our cat only goes out into our garden and only during the 3 summer months."
"1631","13","2","3","3","4","3","3","3","1","2","1","4","3","3","4","2","1","2","2","1","2","1","2","1","2","4",""
"1632","13","2","3","4","3","3","1","3","5","3","1","3","4","3","2","1","2","2","3","1","4","4","4","1","2","1","He was born and lived at the animal protection society until he was 3 months old when we adopted him."
"1634","13","2","4","1","2","1","3","4","1","4","1","5","2","3","5","5","1","1","1","1","1","4","1","1","2","1",""
"1636","1","2","3","3","2","2","4","2","4","4","1","5","5","4","2","3","5","3","5","1","1","3","2","3","5","5",""
"1638","8","1","3","6","4","3","2","4","1","5","1","5","5","5","5","5","1","1","3","4","3","4","3","1","2","1","The exterior to which she has access is only a secure terrace"
"1639","13","2","3","2","2","1","2","4","3","4","3","5","4","5","5","3","1","1","3","2","3","4","3","1","2","1",""
"1642","13","2","1","1","4","1","2","4","1","4","2","4","4","4","4","4","1","4","2","2","4","4","4","1","2","5",""
"1643","5","2","3","4","2","1","3","4","1","1","1","5","5","5","3","4","1","3","5","3","5","5","1","1","2","1",""
"1645","6","2","2","2","3","3","1","4","1","3","2","4","5","3","5","5","1","1","3","3","5","4","4","1","2","2","My cat goes outside under our supervision only"
"1646","12","1","1","1","1","1","1","1","1","1","1","1","1","1","1","1","1","1","1","1","1","1","1","1","1","1",""
"1649","2","1","2","2","2","3","1","2","1","1","1","4","5","5","2","4","1","4","4","1","1","1","3","1","1","1",""
"1650","2","2","3","2","3","1","2","3","1","4","2","4","4","4","2","4","4","1","4","2","2","4","2","1","1","1","My sacred is rather easygoing and only goes out under human supervision or on a leash! He's a real prince!"
"1652","2","2","3","2","4","3","2","3","1","3","2","3","3","4","3","2","3","3","4","4","4","2","3","1","1","1",""
"1653","2","2","3","2","2","2","2","3","1","4","5","5","5","5","5","5","4","1","2","1","2","4","5","1","1","1","Very possessive"
"1655","2","2","3","3","2","2","1","4","1","5","2","4","4","4","5","5","1","2","1","1","1","4","4","1","1","1","He jumps at the slightest thing and justifies himself when he is challenged after something stupid. He communicates by looking us in the eye but not for anything in particular..."
"1657","2","2","1","1","1","1","1","3","2","4","2","5","5","4","5","4","1","3","4","3","2","2","4","1","1","1","My cat doesn't go outside at all but his hunting instinct is very present, especially with all his toys that he ""drowns"" in his water bowl."
"1659","5","2","2","1","1","2","1","3","3","4","5","3","1","5","5","4","4","5","1","1","1","4","5","1","1","1","Cat who was abandoned in a shelter. Who cannot be in contact with 0 other felines due to his illness (feline leukemia). Knows little outside except when we take him out on sunny days: very willing to go exploring but easily frightened by the slightest noise"
"1660","2","2","3","2","2","2","2","3","2","4","3","4","4","4","4","4","2","1","1","1","3","4","3","1","1","1",""
"1662","2","1","3","1","3","2","2","4","1","3","3","5","5","4","5","5","1","3","5","1","4","4","4","1","1","1",""
"1663","2","1","1","1","4","2","1","4","1","3","2","4","4","3","4","4","1","2","2","3","1","4","3","1","1","1",""
"1664","2","2","2","3","4","2","1","3","1","2","2","4","4","5","4","4","3","2","2","1","1","3","1","1","1","1",""
"1665","3","2","4","1","2","1","2","3","4","5","3","4","4","2","5","3","4","1","1","1","1","5","3","1","1","1",""
"1666","2","2","3","1","2","1","2","3","1","4","3","5","5","5","5","5","1","1","3","3","3","3","3","1","1","1",""
"1668","6","2","1","2","3","1","1","3","1","1","1","2","1","1","1","2","1","4","3","1","1","3","2","1","1","1",""
"1670","3","2","2","3","4","2","4","2","2","2","2","3","1","2","2","2","2","1","1","1","1","2","1","3","5","5","Rural area did not want to be selected"
"1672","2","2","1","2","2","2","1","3","1","2","1","4","4","4","4","4","1","1","4","1","4","4","2","1","1","1","Aged 10 months, he lives peacefully with a 17-year-old kitten."
"1673","3","1","3","2","2","2","3","3","3","2","3","4","4","3","2","1","4","1","4","1","1","3","3","1","1","1",""
"1677","5","1","1","3","3","3","1","3","3","2","1","5","2","5","5","4","1","1","2","1","1","1","5","1","1","1",""
"1679","2","2","3","1","3","2","1","3","2","4","5","3","4","3","4","4","2","1","1","3","2","3","3","1","1","1",""
"1682","5","2","4","1","2","1","2","3","4","5","3","5","3","3","5","2","2","1","1","3","1","5","3","1","1","1",""
"1684","2","1","3","1","3","3","1","3","3","1","2","3","3","3","3","3","2","1","2","2","2","2","2","1","1","1","Very clingy and always sleeps with me"
"1686","9","1","3","3","1","1","1","4","1","5","1","5","5","5","5","5","1","1","1","1","1","5","3","1","1","1",""
"1688","3","2","3","1","2","1","1","3","3","2","1","4","4","4","3","3","4","3","4","3","4","4","1","1","1","1",""
"1693","11","2","3","2","1","1","1","3","3","3","1","3","2","2","3","1","3","1","3","1","1","1","1","1","1","1","Player"
"1694","13","2","3","2","1","1","1","4","4","3","1","5","4","4","3","4","4","1","3","2","4","2","1","1","1","1",""
"1695","1","1","2","2","2","3","3","3","2","4","1","5","5","5","5","3","2","1","4","1","1","4","4","1","1","3",""
"1696","1","2","4","1","2","1","2","4","4","2","3","4","4","5","4","2","4","3","3","3","4","3","4","1","1","1",""
"1699","2","2","3","6","4","3","1","3","4","3","2","5","3","5","4","3","2","2","3","1","1","4","2","1","1","1",""
"1700","7","1","3","6","4","3","1","4","1","5","1","5","5","5","5","5","1","1","1","1","1","5","1","1","1","3",""
"1702","2","2","2","2","2","2","2","3","3","4","2","5","4","3","4","4","5","3","3","1","2","3","3","1","1","1",""
"1703","12","2","3","3","4","2","4","3","5","4","5","5","5","4","5","1","5","1","1","1","1","5","3","3","5","5",""
"1704","2","2","3","3","2","2","2","4","1","5","2","5","2","5","5","5","1","1","4","2","1","5","3","1","1","1","Exclusive cat that has only one owner"
"1705","2","2","3","1","2","2","1","4","2","4","1","5","1","3","5","4","1","1","1","4","4","4","4","1","1","1",""
"1706","2","2","3","2","2","1","2","3","3","4","4","4","4","3","3","3","3","2","4","3","3","4","2","1","1","1",""
"1707","2","1","1","3","3","3","1","4","1","3","1","5","1","4","4","3","1","1","3","4","1","3","4","1","1","1","But she loves to watch and talk to the birds she observes through the window."
"1708","2","2","2","1","1","1","1","3","1","5","2","4","4","4","4","5","3","1","1","2","1","4","4","1","1","1",""
"1709","7","1","1","1","2","1","1","3","1","4","3","4","1","3","5","5","3","1","1","3","1","4","4","1","1","1",""
"1710","7","2","2","1","2","2","2","3","3","5","3","4","4","5","4","3","5","1","1","3","3","3","4","1","1","1",""
"1711","7","2","1","1","4","1","1","3","1","3","1","4","2","1","3","4","1","1","3","1","1","1","5","1","1","1",""
"1712","7","2","3","1","2","1","2","3","2","4","2","4","4","4","5","4","3","2","3","3","4","4","4","1","1","1","My cat has rituals, he's like clockwork"
"1713","7","1","1","1","3","1","1","3","1","5","1","5","3","5","5","5","1","1","1","1","1","1","5","1","1","1",""
"1715","7","2","2","1","2","3","2","3","4","4","5","4","2","1","4","4","4","1","3","1","1","4","5","1","1","1",""
"1716","7","1","1","1","2","2","1","4","4","4","3","4","3","4","4","4","2","1","3","3","2","4","2","1","1","1",""
"1717","2","1","4","1","2","2","2","4","2","4","2","4","4","3","4","3","3","1","3","3","1","4","1","1","1","1","Very calm cat who goes outside with a harness."
"1718","7","2","3","2","2","3","3","3","2","4","2","5","4","4","4","4","3","3","3","2","2","3","2","1","1","1","Balcony with vest! On the other hand it catches a lot of insects!"
"1719","7","2","4","1","2","1","2","3","2","5","3","5","5","4","5","2","4","1","1","1","1","3","4","1","1","1",""
"1720","1","1","3","2","2","1","1","4","1","1","1","5","5","5","5","5","1","3","3","4","4","5","1","1","1","1",""
"1721","2","2","2","1","2","1","2","3","4","5","4","2","2","2","2","1","4","1","1","1","1","4","5","1","1","1",""
"1722","13","1","3","3","2","3","1","4","1","3","1","5","4","4","5","4","2","1","3","2","4","4","4","1","1","1",""
"1723","1","1","3","1","1","1","1","3","2","5","3","5","5","5","5","5","1","1","1","3","1","3","1","1","1","1","Meows to us often"
"1724","1","1","3","1","1","1","1","3","2","5","3","5","5","5","5","5","1","1","1","3","1","3","1","1","1","1","Meows to us often"
"1726","6","2","2","2","3","3","1","3","3","5","3","2","5","1","3","4","3","2","5","2","4","2","2","1","1","1",""
"1727","6","2","2","2","3","3","1","3","1","2","1","4","2","4","2","5","4","1","1","1","1","2","5","1","1","1",""
"1728","6","2","1","4","2","1","2","3","1","4","1","4","5","4","5","4","3","3","4","1","4","4","2","1","1","1",""
"1729","1","1","3","2","2","1","2","3","4","2","1","5","3","4","5","4","1","2","2","4","4","4","4","1","1","1",""
"1730","8","2","2","6","4","3","2","4","1","1","1","3","1","3","1","1","3","1","3","1","3","3","3","1","1","1","Exclusive cat who has only one master and loves only him. All other humans annoy him."
"1731","1","1","1","1","2","1","1","3","4","3","1","5","4","5","4","3","3","3","3","1","2","2","5","1","1","1",""
"1732","13","2","3","4","2","1","2","3","1","3","1","3","3","3","3","2","1","3","3","2","3","1","3","1","1","1","They run all four after flies or spiders, mosquitoes, etc. They only go out onto the balcony."
"1733","2","2","3","2","2","1","1","4","1","4","3","4","2","4","4","4","3","1","4","4","3","4","3","1","1","1",""
"1734","6","2","2","2","2","1","1","3","4","4","1","5","4","2","5","4","1","4","4","3","4","3","4","1","1","1",""
"1735","6","2","3","3","2","3","1","3","1","2","1","5","5","5","5","5","1","1","4","1","1","1","1","1","1","1",""
"1736","6","2","1","6","4","3","3","4","1","3","3","5","5","5","5","4","1","2","4","3","3","3","3","3","5","4",""
"1738","7","2","2","2","3","2","1","2","3","5","3","5","5","2","4","4","3","1","3","2","1","2","2","1","1","1","Indoor cat that never goes out at all, not used to staying in front of an open window"
"1739","6","1","2","2","3","2","1","2","2","2","3","4","3","4","3","4","3","4","4","4","4","4","5","1","1","1","Indoor cat that doesn't go out"
"1740","1","1","3","1","2","1","2","3","2","3","3","5","4","5","5","2","1","4","4","3","3","4","3","1","1","1","He is fabulous"
"1741","6","1","4","2","2","1","1","4","1","4","1","5","4","4","5","3","4","1","3","1","1","4","2","1","1","1","It is impossible to hunt real prey but I play a lot with my cats (balls, mice, etc.) and they play together or alone."
"1742","6","2","3","2","2","1","1","4","2","3","2","5","4","5","4","4","2","1","3","1","4","4","4","1","1","1","Catching prey is impossible but I play a lot with them (toys), they play together too. They spend time on the terrace but, as it is part of the accommodation, I put ""do not go out"""
"1743","2","2","1","1","1","1","1","2","1","4","1","4","2","2","4","5","2","2","2","1","2","5","4","1","1","1","he doesn't have access to the outside but through the window he tries to chase away the birds"
"1744","2","2","1","1","2","2","2","3","1","4","3","4","3","4","4","5","2","5","2","3","3","4","4","1","1","1","Observer and clingy"
"1745","2","2","1","1","2","3","1","3","2","4","3","4","4","4","5","4","2","4","3","3","3","3","4","1","1","1",""
"1746","6","2","3","4","3","1","3","4","1","4","1","5","5","5","5","4","1","1","1","1","1","4","5","1","1","1",""
"1749","1","2","2","4","3","1","2","4","1","1","1","4","2","4","3","4","1","1","1","1","4","3","4","1","1","1",""
"1750","7","2","3","1","2","1","1","4","2","4","2","3","3","1","4","4","1","1","1","1","1","4","4","1","1","1",""
"1751","7","1","3","1","2","1","4","3","4","4","3","4","3","4","4","1","3","1","1","1","1","1","4","1","1","1",""
"1752","6","1","2","1","1","3","1","3","2","2","3","3","2","5","4","5","4","4","3","3","4","5","4","1","1","4",""
"1753","6","2","1","1","4","2","3","4","1","2","1","1","2","2","2","3","1","1","3","1","1","2","3","1","1","1",""
"1755","7","2","3","1","1","1","1","3","3","4","3","3","3","3","5","3","2","1","3","3","3","5","4","1","1","1",""
"1756","7","2","4","4","3","3","1","3","2","4","1","4","3","3","4","4","4","2","5","3","4","2","2","1","1","2","Dominant oppressive"
"1757","7","1","3","2","3","2","2","3","3","4","4","2","3","3","4","4","1","2","1","2","3","3","2","1","1","1",""
"1759","1","1","3","2","2","1","2","3","1","4","2","4","4","4","4","4","1","1","1","1","1","4","1","1","1","1",""
"1760","13","1","4","2","2","1","2","2","5","5","5","4","4","1","5","4","4","1","1","1","1","4","4","1","1","1","Very fearful"
"1761","2","2","3","3","2","1","1","3","1","4","1","5","3","4","5","5","2","1","3","1","2","5","5","1","1","1",""
"1762","5","1","3","2","3","1","3","3","1","4","5","5","4","2","5","1","4","1","4","2","1","1","1","1","1","1",""
"1763","1","2","3","6","1","2","1","4","1","2","1","2","3","2","2","4","3","4","4","4","4","3","3","1","1","1",""
"1764","7","1","2","1","2","1","1","3","5","4","3","5","5","3","3","1","2","1","1","3","2","5","5","1","1","1",""
"1765","7","1","3","2","4","3","2","3","4","4","3","4","2","3","5","2","3","1","1","1","1","4","4","1","1","1",""
"1766","7","2","3","1","3","1","2","3","1","2","2","5","4","5","2","2","4","2","3","2","4","4","4","1","1","1",""
"1767","1","2","2","2","2","1","1","3","1","2","3","5","3","5","4","5","3","5","3","2","5","5","5","1","1","1",""
"1768","5","1","1","1","3","1","1","3","2","5","2","4","4","4","5","5","3","1","2","2","2","3","3","1","1","1","Our cat doesn't go out 0 and therefore doesn't know how to hunt as he pleases."
"1770","13","1","3","2","2","1","1","3","2","2","5","3","4","3","4","5","4","1","3","4","4","3","2","1","1","1","Chases flies 
 Chatters her teeth when she sees a bird outside 
 No going outside on the balcony or going out in a harness in winter 
 She goes out on the balcony when it's warm/good with sun 
 I have two cats so I answered in relation to the little unsterilized F who is 3 years old"
"1771","2","1","3","1","2","2","2","3","2","4","3","5","4","5","5","4","1","1","1","1","4","3","5","1","1","1","She watches the sparrows and pigeons on the terrace, making little excited cries with her mouth! It's frustrating for her!"
"1772","7","1","1","2","1","1","1","4","5","4","5","5","5","5","4","1","4","1","1","1","1","1","4","1","1","1",""
"1774","6","1","2","5","2","3","1","3","2","5","1","5","5","5","5","5","1","4","1","1","1","4","1","1","1","1",""
"1775","1","1","2","2","2","1","3","3","3","2","3","5","4","5","4","4","1","4","4","3","4","1","5","1","1","1",""
"1776","2","1","2","1","2","2","3","3","3","4","3","5","5","5","3","2","1","2","4","3","4","5","2","1","1","1","She doesn't catch animals since we live in an apartment (in the attic) but she has a real hunting instinct. Reacts a lot to birds that pass by. Asks to go out as soon as she sees one and tries to catch them from the terrace."
"1777","2","1","3","2","1","1","1","2","4","5","4","4","5","4","5","2","4","1","2","4","1","5","3","1","1","1",""
"1778","13","1","3","2","1","1","1","3","1","2","1","5","1","5","5","5","1","1","1","1","4","4","5","1","1","1",""
"1779","6","2","3","1","1","1","1","4","3","3","5","5","5","3","5","4","1","4","5","1","4","4","5","1","1","1",""
"1782","1","1","2","3","3","2","3","3","2","4","2","5","4","4","2","4","4","2","2","2","2","2","4","1","1","2",""
"1783","6","2","3","4","2","1","1","3","4","5","1","4","4","1","5","1","3","1","1","1","1","5","3","1","1","1",""
"1785","2","1","3","1","1","1","1","2","4","4","3","4","4","4","4","4","4","2","3","3","2","4","3","1","1","1",""
"1786","6","2","2","2","3","1","3","3","1","4","1","5","5","4","5","5","2","2","1","1","1","3","1","1","1","1",""
"1787","6","2","1","1","1","2","1","3","2","3","3","4","4","5","5","5","1","1","2","2","2","4","4","1","1","1",""
"1788","13","1","3","2","3","1","3","2","1","3","1","4","1","3","1","1","5","4","5","5","3","4","3","1","1","1",""
"1789","6","2","1","6","3","1","2","3","1","4","1","5","3","4","5","4","1","2","3","1","2","3","2","1","1","1",""
"1791","6","2","2","1","3","1","1","3","1","4","2","4","3","4","3","4","2","1","1","1","1","3","3","1","1","1",""
"1793","6","2","3","1","2","2","2","3","1","5","2","5","4","5","5","4","3","1","3","2","2","3","2","1","1","3",""
"1795","7","2","3","1","1","1","1","3","2","4","2","4","3","3","5","4","2","3","3","2","3","3","4","1","1","1",""
"1796","7","2","3","4","3","2","2","3","4","4","2","4","5","3","5","3","2","1","1","1","1","3","4","1","1","1","Cat with access to the outdoors but only in an enclosure attached to the house. So no hunting possible except for flying insects"
"1797","6","2","3","3","3","3","1","3","1","4","1","5","5","5","5","5","4","1","2","3","2","2","2","1","1","2",""
"1798","1","1","1","1","2","1","2","3","1","2","3","4","4","4","5","5","1","3","3","3","4","3","4","1","1","1",""
"1799","6","2","2","2","2","2","1","3","2","4","2","4","3","2","5","4","1","2","2","2","1","2","4","1","1","1",""
"1800","6","1","3","2","2","2","1","3","1","4","2","5","4","4","4","2","2","2","4","4","2","2","4","1","1","1",""
"1801","3","2","1","1","3","1","1","4","4","4","3","5","4","5","5","2","1","1","1","1","1","4","4","1","1","1",""
"1802","3","1","3","1","2","1","2","4","1","4","1","5","5","5","5","5","2","1","3","1","1","5","3","1","1","1",""
"1804","5","1","3","6","2","2","1","3","2","4","1","5","5","5","5","4","2","1","5","1","1","4","3","1","1","1",""
"1805","3","1","2","1","3","3","1","2","1","2","2","4","4","4","4","1","1","1","1","1","1","1","1","1","1","1",""
"1806","3","2","3","2","3","1","1","3","1","4","1","4","3","5","5","5","2","3","5","4","4","4","3","1","1","1",""
"1807","3","1","3","3","4","3","1","2","3","5","3","3","2","3","5","4","2","1","2","2","1","4","4","1","1","1",""
"1808","13","1","1","1","2","1","2","3","1","3","4","5","3","5","5","5","2","1","1","1","4","3","4","1","1","1",""
"1809","3","1","3","1","1","1","1","4","4","5","2","3","4","2","5","2","2","1","2","2","2","4","4","1","1","1",""
"1810","3","2","2","1","1","1","1","3","5","3","4","5","5","5","5","3","3","1","3","1","4","4","5","1","1","1",""
"1811","13","1","3","1","2","1","1","3","4","4","3","4","4","3","4","3","4","3","3","3","3","3","3","1","1","1",""
"1813","3","2","1","1","2","1","2","4","1","3","2","4","3","3","4","5","2","3","3","2","3","3","4","1","1","1",""
"1814","5","1","3","2","4","2","3","2","4","4","4","3","4","2","3","1","3","1","1","1","1","3","3","3","5","2","I let my cats decide when to pet them and the 2 I have at the moment are pretty independent."
"1815","3","1","2","2","2","2","1","3","2","3","4","4","3","4","3","3","2","3","3","2","3","2","4","1","1","1",""
"1816","3","1","1","1","2","2","2","3","2","4","4","3","4","4","3","4","4","4","3","2","4","2","4","1","1","1",""
"1817","3","1","1","1","2","2","2","4","1","5","5","4","4","4","5","4","3","1","1","1","1","1","4","1","1","1",""
"1818","3","2","3","1","2","1","2","3","4","5","3","4","5","4","4","4","3","1","1","3","1","4","3","1","1","1",""
"1819","3","2","2","1","2","1","1","3","4","4","4","5","5","5","4","1","4","1","1","1","2","4","2","1","1","1","Sweet and kind"
"1821","3","2","3","1","1","1","1","2","4","4","3","4","2","3","4","3","4","1","1","3","2","4","2","1","1","1",""
"1822","3","1","3","1","2","2","1","3","4","4","3","4","5","5","2","2","4","1","3","3","4","5","3","1","1","1",""
"1823","13","2","4","6","2","3","1","3","4","4","2","4","4","3","5","3","2","3","3","2","4","4","2","1","1","1",""
"1824","3","1","2","2","2","1","2","2","1","3","1","1","2","2","2","3","1","1","1","1","1","2","2","1","1","1",""
"1826","3","2","2","1","2","2","2","3","4","3","4","5","2","5","5","4","4","2","1","3","2","4","5","1","1","1","My cat is trained: sit, lie down, NO, come, and lift the dough are words that he has understood over time."
"1827","8","2","3","6","4","3","2","3","2","4","1","4","4","4","4","4","1","1","2","1","1","4","2","1","1","1",""
"1828","3","1","3","1","2","1","2","3","1","4","3","4","4","2","2","4","4","2","3","3","2","4","4","1","1","1","Hunter of small animals (insects)"
"1830","3","2","3","2","1","1","1","3","4","5","2","4","4","4","3","3","4","2","4","5","1","5","1","1","1","1",""
"1835","5","2","2","1","2","1","3","3","1","5","5","5","4","4","5","4","3","1","3","5","4","4","4","1","1","1",""
"1838","13","1","1","1","2","3","1","4","3","2","3","3","4","3","4","3","1","1","1","1","2","3","4","1","1","1",""
"1839","5","1","1","1","1","1","2","3","1","1","1","5","5","5","5","5","1","5","1","1","1","1","3","1","1","1",""
"1841","5","2","3","2","1","1","1","3","3","4","3","5","4","5","5","2","2","2","5","3","4","5","5","1","1","1",""
"1845","5","1","3","2","2","1","1","4","4","4","3","3","4","4","5","2","4","3","4","2","2","3","3","1","1","1",""
"1850","13","1","4","1","1","1","1","3","4","4","1","5","5","3","4","1","4","1","1","1","3","3","3","1","1","1",""
"1851","10","2","2","1","2","1","2","4","1","3","4","4","3","4","3","4","4","3","4","4","3","3","4","1","1","2",""
"1854","5","2","1","1","2","2","2","3","1","4","1","3","4","4","5","5","2","1","2","1","2","4","5","1","1","1",""
"1856","13","1","3","1","3","3","3","3","4","4","4","4","4","3","4","4","3","1","2","3","2","4","4","1","1","1",""
"1857","13","2","2","2","1","1","1","3","4","3","4","4","5","5","3","2","2","2","2","2","2","2","4","1","1","1",""
"1860","13","1","3","6","1","1","1","4","4","4","4","5","5","5","5","2","3","1","1","3","2","3","2","1","1","1",""
"1862","3","1","1","1","2","3","3","2","4","4","4","5","4","4","5","3","3","2","2","3","2","4","3","1","1","1",""
"1863","3","2","1","1","2","1","2","3","1","3","1","4","2","3","5","4","2","1","2","2","4","4","4","1","1","1",""
"1866","3","2","3","1","3","1","1","3","4","4","5","5","5","5","5","2","3","1","5","5","3","3","3","1","1","1",""
"1870","5","2","1","2","2","1","3","3","1","1","1","5","3","4","5","5","1","1","1","1","4","4","4","1","1","1","Player"
"1876","5","2","2","1","3","3","3","4","4","3","4","5","4","3","4","3","5","2","3","2","4","2","4","1","1","1",""
"1877","3","2","1","1","3","2","2","3","2","4","3","3","3","3","4","4","2","2","4","3","3","3","4","1","1","1",""
"1878","13","1","3","1","2","2","2","3","5","5","4","5","4","3","4","1","5","1","4","3","4","2","3","1","1","1","Does not fit in boxes"
"1879","5","1","1","1","3","1","2","4","3","4","4","4","5","3","4","2","5","1","3","1","1","3","4","1","1","1",""
"1884","5","1","3","2","2","2","3","3","2","3","4","2","3","3","3","4","2","2","1","4","2","3","2","1","1","1",""
"1885","2","1","3","4","3","2","2","4","2","2","1","1","1","2","3","2","2","1","1","2","1","2","2","1","1","1","She goes out into an enclosure on my terrace"
"1887","1","1","2","4","3","2","2","4","1","1","2","4","4","4","3","4","1","3","1","1","4","4","4","1","1","1","She goes out in the pen on my terrace"
"1888","3","1","1","4","3","2","2","4","4","4","3","1","1","1","4","4","1","1","1","1","1","4","4","1","1","1","She goes out in the pen on the terrace"
"1889","5","1","2","1","3","1","3","4","4","4","1","4","4","4","2","2","3","2","4","3","4","4","3","1","1","2",""
"1890","6","1","2","6","4","3","2","3","1","3","4","5","3","5","4","4","3","5","2","4","4","3","5","1","1","1",""
"1892","5","2","2","1","3","3","4","3","4","2","3","4","4","4","5","2","2","1","2","2","2","4","3","3","5","5",""
"1897","3","2","1","1","3","1","3","3","2","5","2","3","3","4","4","4","4","1","2","2","2","4","4","1","1","1",""
"1899","13","2","3","1","2","1","1","3","3","5","3","4","4","3","4","3","4","2","3","3","2","4","4","1","1","1",""
"1901","5","2","3","1","4","1","3","2","4","2","5","4","2","2","4","4","4","1","3","1","3","2","2","1","1","1",""
"1904","3","2","1","2","3","1","1","4","1","2","2","5","3","4","5","5","1","2","2","1","4","4","3","1","1","1",""
"1905","6","1","3","3","1","1","1","3","2","5","2","4","3","4","4","3","2","1","2","2","1","3","3","1","1","1",""
"1909","13","2","4","1","1","3","1","4","2","1","4","5","5","5","4","2","3","4","3","4","4","2","4","1","1","1",""
"1911","13","1","3","1","2","1","3","2","4","2","3","5","5","4","5","4","1","1","4","3","2","4","3","1","1","1",""
"1912","5","2","3","4","2","3","3","4","2","5","1","5","5","5","5","4","5","1","3","1","3","3","3","1","1","1",""
"1914","13","2","2","2","4","3","3","3","2","4","1","5","5","5","5","5","2","1","3","1","1","3","3","3","5","5",""
"1916","5","2","3","1","2","1","3","3","3","2","2","4","4","4","4","4","4","2","4","2","2","4","4","1","1","1",""
"1919","7","2","2","2","3","2","2","3","1","3","4","5","5","5","5","5","1","1","1","1","1","4","4","1","1","1",""
"1921","13","2","3","2","2","1","3","3","5","3","4","4","5","2","3","1","3","4","5","4","3","4","3","1","1","1",""
"1922","5","1","3","1","2","1","3","4","2","5","3","5","5","5","5","4","2","1","1","3","2","4","2","1","1","1",""
"1933","3","2","2","1","2","1","1","3","2","3","1","4","4","5","4","3","2","3","4","1","5","4","4","1","1","1","His ability to come when called, or at least know when he is being addressed: High"
"1934","3","1","2","1","2","1","2","3","4","4","4","4","4","4","4","4","3","3","4","5","3","5","3","1","1","1",""
"1935","13","2","1","1","2","1","3","3","3","2","1","4","4","2","4","5","1","3","1","1","1","1","1","1","1","1",""
"1936","13","1","3","1","3","3","4","4","4","5","4","5","5","5","5","3","1","1","1","1","2","4","3","3","5","5",""
"1937","6","1","2","1","3","1","3","3","1","5","3","4","4","4","4","3","1","2","5","3","2","4","4","1","1","2",""
"1940","1","2","3","6","1","1","1","4","1","3","1","3","1","1","1","1","1","2","3","1","1","1","3","1","1","1",""
"1946","3","2","3","2","2","1","2","3","4","4","3","4","3","3","5","5","3","2","2","2","3","4","3","1","1","1",""
"1951","5","2","1","1","1","1","1","4","2","4","5","4","4","4","5","5","2","2","2","4","4","3","5","1","1","1","He loves cuddles and kisses, he is always glued to us, a real love"
"1954","5","1","3","1","2","1","3","4","4","4","1","4","4","3","4","1","1","1","1","1","1","4","4","1","1","1","He lives with a free-range rabbit"
"1955","13","1","4","2","2","1","3","4","1","4","1","5","4","5","5","5","2","1","1","1","1","4","4","1","1","1",""
"1956","5","1","1","1","3","1","1","3","1","4","3","5","3","2","5","5","3","1","1","3","1","4","4","1","1","1",""
"1957","10","2","3","3","3","1","1","3","5","5","3","5","5","4","5","3","4","1","1","2","1","3","3","1","1","1","Cat with an anxious character"
"1958","7","2","3","2","3","2","4","3","1","5","1","4","4","4","2","1","4","1","2","1","1","4","3","3","5","5","We live in Mayotte"
"1960","11","1","2","3","3","3","2","3","2","2","1","1","1","1","1","2","2","2","2","2","2","1","2","1","1","1","My purebred cats have an outdoor enclosure and this prevents birds or small mammals from getting in!"
"1961","10","1","3","2","1","1","1","3","1","2","2","2","2","3","1","5","2","1","4","2","4","4","3","1","1","1",""
"1962","10","1","3","1","2","1","2","3","4","5","3","5","5","5","5","2","2","1","2","3","2","4","2","1","1","1",""
"1963","6","2","2","2","2","1","2","4","1","4","1","5","4","4","4","4","2","1","3","2","2","4","4","1","1","1","Dominance does not exist in cats!!"
"1964","5","1","3","2","1","3","1","3","1","2","2","4","4","4","4","4","1","1","3","1","1","4","4","1","1","2","Very communicative cat!! She talks to me a lot"
"1966","10","1","3","1","2","1","2","3","5","4","3","5","5","4","4","4","2","1","1","3","2","4","2","1","1","1",""
"1967","1","2","3","2","3","3","1","4","4","4","3","4","3","3","5","2","3","2","2","3","2","2","2","1","1","3",""
"1969","4","1","3","2","3","3","3","3","1","3","1","4","4","4","5","4","3","1","4","2","3","2","4","3","5","5",""
"1970","11","1","3","1","2","1","2","3","1","1","3","4","4","4","4","1","4","2","3","1","1","4","3","1","1","1",""
"1971","5","1","4","1","3","1","1","4","5","5","4","5","3","4","2","1","4","1","3","3","3","1","2","1","1","1",""
"1972","11","1","3","4","4","2","1","3","1","1","1","5","5","4","4","5","2","4","5","5","5","5","3","1","1","1",""
"1975","2","1","2","1","2","3","2","3","1","2","3","3","2","2","4","5","3","1","3","3","1","4","4","1","1","1",""
"1976","6","1","3","1","2","1","1","4","2","2","2","5","3","4","5","3","3","2","3","2","3","4","4","1","1","1",""
"1978","3","2","3","3","3","1","2","4","1","4","1","5","4","5","5","5","1","1","1","1","1","4","3","1","1","1",""
"1979","3","2","3","4","2","1","2","3","1","3","1","4","4","4","5","5","3","4","5","2","1","4","2","1","1","1","Only goes out on the balcony under supervision. He does not hunt, even toys."
"1980","7","2","2","1","4","3","3","4","2","2","1","4","4","4","4","3","4","2","4","2","2","1","1","3","5","5","He has a hard time trusting, he waits to see people at least 7 times before approaching them. He even runs away from home so as not to be touched by them."
"1985","12","2","4","2","2","1","2","3","4","4","2","4","4","4","4","4","2","2","3","2","2","4","2","1","1","1",""
"1986","13","1","4","1","2","2","2","3","3","3","2","5","5","4","5","1","1","2","3","3","2","3","2","1","1","1",""
"1987","5","2","4","1","2","3","1","3","1","5","1","5","4","5","5","4","4","1","3","2","1","4","3","1","1","1",""
"1988","3","2","1","1","2","1","2","3","2","5","3","5","4","4","5","4","2","3","3","3","3","2","4","1","1","1",""
"1993","13","1","4","3","1","1","1","4","5","5","5","3","5","5","5","1","1","4","3","3","1","5","3","1","1","1",""
"1997","13","2","4","2","2","1","1","3","1","5","3","5","4","5","5","5","5","1","1","1","1","5","5","1","1","1",""
"1998","6","2","1","3","3","3","1","3","2","2","1","2","1","2","2","3","1","2","2","1","1","2","1","1","1","1",""
"2001","3","2","2","1","1","1","2","3","5","5","2","4","5","1","1","1","1","1","1","1","1","3","1","1","1","4","He is a cat that was abandoned and raised for the sole purpose of procreation. I took him in and for the past year I have been trying to make him become a balanced and less fearful cat. However, he has developed a fear of abandonment."
"2004","3","2","1","1","2","1","1","3","4","4","3","5","4","4","3","5","3","2","2","3","1","4","3","1","1","1",""
"2005","4","2","2","1","2","2","3","3","4","4","3","4","5","2","3","4","5","1","3","3","2","4","4","1","1","1",""
"2006","5","2","2","1","1","1","1","3","2","4","3","4","4","4","5","5","3","2","3","3","3","4","4","1","1","1",""
"2007","3","1","2","2","3","2","3","4","4","5","3","5","5","5","5","5","4","1","1","1","1","5","4","1","1","1",""
"2009","3","1","3","1","2","1","2","2","4","4","4","4","4","4","4","4","2","1","1","2","2","4","4","1","1","1",""
"2010","6","1","2","2","2","1","1","3","1","5","1","5","4","4","4","4","1","1","1","1","1","3","4","1","1","1",""
"2016","13","2","4","2","3","3","1","4","5","5","3","5","5","5","5","3","4","1","1","1","1","2","5","1","1","1",""
"2017","8","2","2","1","2","1","1","3","2","5","2","4","2","2","5","4","1","1","1","1","1","4","5","1","1","1",""
"2018","6","2","3","2","2","1","3","3","2","2","2","1","1","1","1","2","3","3","3","3","2","3","3","1","1","1",""
"2019","1","2","3","1","2","3","2","3","1","4","2","5","3","4","3","3","4","2","2","1","4","3","2","1","1","1",""
"2020","1","1","2","2","4","3","1","3","1","2","1","5","5","5","5","5","1","1","1","1","1","2","1","1","1","1","My cats don't go out 0"
"2021","4","2","4","2","2","3","2","3","1","4","2","5","4","5","5","5","4","1","3","2","2","4","2","1","1","1",""
"2023","1","2","3","1","2","2","2","3","5","4","2","2","4","4","4","3","2","4","3","2","2","4","2","1","1","2","Playful and fearful of unfamiliar humans"
"2024","1","2","3","2","4","3","1","3","1","2","1","5","5","5","5","4","2","1","2","2","2","3","4","1","1","1",""
"2027","13","2","3","1","2","2","1","2","3","3","3","3","3","1","3","3","1","1","1","1","1","3","3","1","1","1",""
"2028","5","1","3","2","1","1","1","3","5","4","3","4","5","4","5","4","4","1","1","4","3","4","5","1","1","1",""
"2031","6","2","1","3","3","2","1","3","5","4","1","5","5","4","5","2","2","1","1","1","1","4","4","1","1","1",""
"2034","5","1","3","2","3","2","1","3","4","4","3","4","4","3","3","1","1","2","2","3","1","2","4","1","1","1",""
"2035","2","1","3","2","1","3","1","2","4","5","5","4","4","3","4","4","5","3","3","4","3","3","3","1","1","1",""
"2036","13","2","3","3","4","3","3","3","3","4","4","5","5","5","5","4","2","1","2","3","3","4","4","3","5","5","A ball of love"
"2037","1","2","4","1","2","1","2","4","4","3","3","5","5","5","4","2","4","1","3","3","2","4","5","1","1","1",""
"2039","5","1","3","2","3","2","1","3","1","3","4","4","4","4","3","4","2","1","1","2","4","3","4","1","1","1",""
"2041","1","2","3","3","2","1","1","3","1","4","1","4","1","4","4","4","2","1","3","1","1","4","5","1","1","1",""
"2044","1","1","2","5","3","3","3","3","4","4","4","4","4","4","2","1","4","4","4","4","4","4","4","1","1","1",""
"2045","1","1","1","2","2","1","2","3","1","2","4","4","4","4","4","4","1","3","3","4","4","2","4","1","1","1",""
"2046","1","2","3","5","3","3","3","3","4","1","1","4","4","4","2","2","1","4","4","4","4","4","1","1","1","1",""
"2048","5","1","4","4","2","1","2","4","5","3","4","5","4","5","5","4","5","1","2","1","4","3","5","1","1","1","She eats like a glutton"
"2049","1","1","3","2","1","1","1","3","4","4","1","4","4","4","2","4","4","1","2","4","4","2","2","1","1","1",""
"2050","1","2","1","1","2","3","3","4","1","3","3","5","5","5","5","2","2","3","4","2","4","3","4","1","1","1",""
"2051","5","1","2","3","2","3","1","3","3","3","2","4","4","4","4","4","4","3","4","2","4","4","4","1","1","1",""
"2052","1","1","2","1","2","1","3","3","3","2","3","4","4","4","4","4","2","1","2","2","2","3","3","1","1","1",""
"2053","13","2","3","1","2","1","2","3","4","3","2","5","5","5","5","4","2","1","5","2","2","4","4","1","1","1",""
"2057","13","1","3","1","2","1","3","2","4","4","3","4","4","5","2","4","1","3","4","3","4","4","4","1","1","1","She tries to catch birds on the terrace. And fell twice from the 3rd floor."
"2060","13","1","3","2","1","2","1","4","1","4","1","5","5","5","4","5","3","2","5","3","3","3","1","1","1","1",""
"2061","10","2","3","1","2","1","2","4","2","4","2","3","3","3","4","4","2","1","3","2","1","3","2","1","1","1",""
"2065","1","2","1","1","2","1","1","4","3","2","3","4","5","4","5","4","1","2","3","2","3","4","4","1","1","1","My cat goes out in a harness + leash which allows monitoring of his actions outside."
"2066","1","2","3","2","2","1","3","3","4","3","4","4","2","5","3","3","3","1","1","2","3","4","5","1","1","1",""
"2067","7","2","3","1","2","2","3","3","3","2","1","5","4","5","5","4","3","2","2","2","2","3","3","1","1","1",""
"2068","1","2","1","1","1","1","1","3","1","2","3","5","5","4","4","5","2","4","4","3","2","4","4","1","1","1",""
"2070","5","2","1","1","1","1","1","3","1","1","1","4","2","5","4","5","2","4","4","4","5","4","5","1","1","1",""
"2071","13","1","3","2","1","3","1","3","1","5","2","5","4","3","5","4","3","1","1","5","3","3","5","1","1","1",""
"2072","13","1","2","4","2","3","2","4","3","4","2","5","5","5","5","3","2","1","4","2","1","5","4","1","1","1","She was raised by my hands, my cat and an extension of me."
"2073","1","1","3","6","4","2","1","3","1","1","1","5","5","5","5","5","1","3","3","2","1","4","2","1","1","1",""
"2075","13","2","2","1","1","1","2","3","3","2","2","5","4","5","5","5","4","1","3","3","5","5","5","1","1","1",""
"2078","1","1","3","2","4","3","1","3","4","2","3","4","5","5","3","1","3","1","1","1","1","3","2","1","1","1",""
"2081","7","2","2","1","2","1","1","3","4","4","3","4","4","4","4","4","1","2","1","2","2","4","4","1","1","1",""
"2082","13","1","4","3","4","2","1","3","3","5","3","5","4","2","5","4","2","1","1","1","1","4","4","1","1","1",""
"2083","9","2","2","2","3","1","1","3","1","5","1","5","4","3","5","4","1","1","1","1","1","1","1","1","1","1",""
"2085","9","1","1","2","3","1","2","3","5","1","1","5","5","1","1","1","5","5","5","3","5","1","5","1","1","1",""
"2088","13","1","3","3","1","3","1","3","1","1","2","4","4","2","4","4","1","2","2","3","2","2","2","1","1","1",""
"2089","1","2","1","1","1","1","1","2","4","2","4","4","3","5","3","4","3","3","4","3","4","4","3","1","1","1",""
"2090","8","2","3","2","2","2","2","2","1","3","1","4","1","4","3","4","3","1","2","1","1","4","4","1","1","1",""
"2091","2","2","3","1","4","3","4","3","3","2","1","5","4","5","4","3","2","2","3","4","4","4","4","3","5","5",""
"2092","8","2","2","1","2","1","2","3","1","4","3","4","2","3","4","4","2","1","2","3","2","4","3","1","1","1",""
"2094","8","2","3","2","2","3","1","3","2","5","3","4","3","5","5","5","1","1","1","3","2","5","5","1","1","1","My cat only goes out on the balcony under my supervision, which is why it is difficult to talk about his 'predatory' side."
"2095","6","2","2","2","2","2","2","2","1","5","3","5","5","5","4","3","3","1","4","1","2","4","3","1","1","1",""
"2096","1","1","2","1","2","1","1","4","2","4","2","5","4","3","4","4","1","1","1","2","2","4","5","1","1","1",""
"2097","8","2","1","2","2","2","2","2","3","5","1","4","1","3","3","3","4","1","2","1","1","2","1","1","1","1",""
"2098","8","2","1","1","2","1","3","3","5","5","3","5","5","4","4","1","2","1","1","1","1","3","2","1","1","1",""
"2099","1","2","2","1","1","2","2","3","1","1","2","3","2","3","2","3","2","2","2","3","2","2","2","1","1","1",""
"2100","8","2","3","2","2","1","1","2","1","5","3","1","1","1","5","5","1","2","3","3","3","5","5","1","1","1","He's stupid and annoying but I'm attached to him."
"2101","8","2","3","1","2","1","3","3","4","4","3","4","4","4","4","4","2","3","3","3","3","2","3","1","1","1",""
"2102","4","2","3","2","4","1","4","3","1","5","1","5","4","4","4","4","2","1","5","3","4","1","1","3","5","5",""
"2103","7","1","1","2","1","1","1","3","2","5","3","4","4","4","5","5","1","1","1","1","3","4","4","1","1","1",""
"2104","9","2","2","1","2","1","2","3","1","4","1","5","4","4","5","5","2","1","1","1","3","4","4","1","1","1",""
"2106","8","1","3","2","2","3","2","4","2","2","1","2","1","2","2","2","1","1","2","1","1","2","2","1","1","1",""
"2107","8","2","1","2","2","1","3","3","1","4","1","4","4","4","4","3","1","1","4","2","2","3","4","1","1","1",""
"2108","8","1","2","2","1","1","1","3","3","5","3","4","2","4","4","5","2","1","3","1","1","4","4","1","1","1",""
"2110","4","1","4","6","2","3","1","3","3","5","1","5","4","4","5","5","2","1","1","1","1","5","3","1","1","1","My cat is an indoor cat"
"2111","7","2","2","1","3","1","1","4","4","4","3","4","4","4","4","1","1","1","1","1","1","1","3","1","1","1","He doesn't hunt, he plays with insects"
"2112","13","2","3","6","2","3","1","3","1","3","1","5","4","5","5","5","3","1","3","1","1","5","3","1","1","1","Very affectionate cat"
"2114","13","1","4","4","3","1","3","3","1","4","4","5","5","4","2","1","1","3","1","1","1","3","1","3","4","4",""
"2115","7","2","1","2","1","1","1","3","4","4","4","5","4","4","5","4","2","1","1","1","1","3","3","1","1","1",""
"2116","10","1","3","6","2","3","1","3","1","2","1","5","5","5","5","5","2","1","3","1","3","5","3","1","1","1",""
"2117","9","1","2","3","3","3","1","3","3","3","3","5","5","5","5","4","1","2","2","2","3","4","4","1","1","1",""
"2118","7","1","2","1","3","3","1","3","4","4","3","4","4","4","5","2","4","1","1","3","2","3","4","1","1","1","Intelligent and very curious"
"2119","8","2","3","1","3","2","1","4","1","4","3","4","1","5","5","4","1","2","4","3","2","4","4","1","1","1",""
"2121","9","1","2","1","3","1","1","3","1","3","3","5","5","3","4","5","1","3","4","3","2","4","2","1","1","1","She doesn't go outside so she hasn't brought anything back, however, she spends hours looking out the window that overlooks the garden and makes little noises when she sees birds.
 There is no question about her interaction with other animals that are not cats. Ours plays a lot with our dog."
"2122","1","2","3","2","1","3","1","3","1","3","3","5","4","4","5","5","2","1","4","1","1","4","4","1","1","1","Very beautiful"
"2123","1","1","1","1","2","2","3","3","1","2","3","5","3","5","5","5","2","1","1","3","4","2","4","1","1","1",""
"2126","8","1","4","2","2","1","2","3","3","5","4","4","3","3","3","3","4","1","2","2","1","4","2","1","1","1",""
"2127","8","1","1","1","3","2","1","4","2","4","3","4","3","4","5","5","2","2","3","3","2","4","2","1","1","1",""
"2128","1","1","2","6","3","3","1","4","1","2","3","5","5","5","5","5","1","1","4","2","3","4","2","1","1","1",""
"2129","7","2","1","1","2","1","1","3","1","4","3","4","3","4","4","4","3","1","1","3","1","4","3","1","1","1","He is currently in isolation because of ringworm, he is tolerating it well and remains a loving cat."
"2130","10","2","3","1","1","1","1","3","1","4","1","5","4","3","4","3","2","2","2","1","2","3","3","1","1","1","He hunts for balls of aluminum and his mouse soft toys. Plays hide and seek, tag and fetch like a dog. Has a 2.40m cat tree because he is afraid of height."
"2131","8","1","3","1","1","1","1","3","2","5","3","4","4","4","4","3","2","1","1","1","1","4","5","1","1","1",""
"2132","1","1","3","1","2","2","1","3","1","3","2","5","4","5","5","4","2","3","5","4","3","4","2","1","1","1","She only goes out on the balcony under supervision. She plays a lot alone with her toys. She is stubborn, affectionate but also grumbles or bites when you don't do what she wants."
"2133","9","1","3","1","2","1","2","4","1","3","3","4","4","3","5","5","1","1","3","3","2","4","3","1","1","1",""
"2134","7","2","3","2","2","2","2","3","4","5","4","4","4","4","5","2","5","1","4","4","2","4","4","1","1","1",""
"2135","1","2","3","1","2","2","2","2","4","4","2","4","4","4","5","3","2","1","3","3","3","4","3","1","1","1",""
"2136","5","1","3","1","4","3","3","3","4","3","4","5","4","4","4","3","4","1","1","2","1","5","4","3","4","4",""
"2137","8","2","1","1","2","1","2","4","1","2","3","4","4","4","4","4","4","4","4","3","4","4","4","1","1","1",""
"2140","9","2","2","6","3","3","1","3","1","1","1","5","5","5","5","3","3","1","2","2","2","1","1","1","1","1",""
"2141","8","2","3","3","2","1","1","3","2","5","1","5","3","2","4","2","4","1","5","1","1","3","4","1","1","2","Catches mice as soon as he sees them (rarely because we live in an apartment)"
"2142","13","1","3","3","2","3","1","2","1","5","1","4","3","4","5","5","2","1","1","1","1","5","4","1","1","1",""
"2143","8","2","2","2","1","1","1","3","1","2","2","4","3","4","3","4","4","3","4","3","2","4","3","1","1","1",""
"2144","5","2","2","2","1","1","1","4","2","5","3","4","2","2","5","5","1","2","2","2","2","4","4","1","1","1",""
"2145","4","2","3","2","2","1","1","3","4","3","4","4","4","4","4","4","2","2","4","1","4","4","2","1","1","1",""
"2146","5","2","3","1","1","3","1","4","4","3","2","5","5","4","5","3","4","1","1","1","1","1","5","1","1","1",""
"2147","2","2","4","1","4","2","3","3","4","4","3","5","5","5","5","5","4","1","3","3","3","3","4","3","4","4","Very expressive look. All he lacks is speech."
"2148","5","1","2","2","1","1","1","4","3","2","2","5","4","4","4","2","2","2","4","2","2","4","2","1","1","1",""
"2149","1","2","2","3","1","1","1","3","3","3","1","3","4","4","5","4","3","4","2","2","4","3","4","1","1","1",""
"2150","1","1","2","1","2","2","1","3","2","1","1","5","4","5","5","5","1","1","3","1","2","4","3","1","1","1",""
"2152","5","1","1","1","2","1","1","3","1","2","1","5","3","5","5","2","3","1","1","1","4","3","4","1","1","1",""
"2154","8","2","1","1","3","2","1","3","2","5","3","4","4","4","2","4","4","1","2","3","4","5","5","1","1","1",""
"2156","1","1","3","4","3","1","2","4","1","2","1","5","5","5","3","4","4","1","5","5","2","4","2","1","1","1",""
"2157","8","2","1","1","2","1","2","3","1","4","2","5","4","4","5","5","2","2","2","2","2","4","4","1","1","1",""
"2158","6","2","1","6","4","3","2","4","1","1","3","5","5","5","5","1","2","1","2","1","1","5","4","3","4","4","Very cuddly and possessive of me, other cats and humans"
"2160","8","1","3","1","2","1","2","3","2","4","3","4","2","4","2","4","1","1","1","3","1","4","2","1","1","1","Loggia on the 5th floor: my cat sometimes catches flies and she is super good ;-)"
"2161","10","2","2","2","3","3","3","3","4","4","5","4","5","5","2","2","4","1","1","1","3","4","2","1","1","1",""
"2162","8","2","3","1","2","1","3","3","4","5","3","5","2","4","4","5","2","1","1","3","2","2","2","1","1","1",""
"2163","10","1","1","1","3","1","1","3","4","4","4","4","4","2","4","2","4","1","1","1","1","4","2","1","1","1",""
"2164","8","1","1","1","2","1","2","2","5","4","3","4","5","2","1","1","5","1","1","3","2","4","4","1","1","1","Despite her inability to hunt, my RAG is ready to do anything to try to catch the canary, which had to be put up high for its protection."
"2165","5","2","3","1","2","1","1","3","3","4","4","5","3","3","3","4","4","2","1","3","2","2","4","1","1","1",""
"2166","8","2","1","2","3","3","2","4","1","2","2","4","2","2","5","5","1","1","2","3","1","2","2","1","1","1",""
"2167","13","1","2","1","1","1","1","3","2","4","3","4","2","5","5","2","3","4","2","3","3","4","4","1","1","1",""
"2169","10","2","4","5","4","3","3","3","1","4","4","4","4","4","4","4","4","1","1","4","4","4","4","3","4","4",""
"2170","13","2","3","1","1","1","1","4","2","3","2","4","3","3","5","5","2","2","3","1","2","4","3","1","1","1","My cat doesn't go out"
"2171","5","1","3","3","1","2","1","3","5","5","3","4","4","4","5","5","4","1","1","3","1","4","3","1","1","1",""
"2172","8","1","2","1","2","1","1","3","2","4","3","4","4","4","4","4","2","1","3","3","1","4","4","1","1","1",""
"2173","6","1","3","1","2","1","2","3","3","4","3","5","5","5","5","4","2","2","2","4","4","4","4","1","1","1",""
"2174","5","2","2","2","2","2","3","3","1","2","1","4","5","3","4","5","4","1","3","1","2","4","3","1","1","1","he has some training skills, he is walked on a leash in the residential garden (yes yes it is not a dog, it is indeed a cat)"
"2175","8","1","2","1","1","1","1","3","1","5","5","3","3","2","5","5","1","1","3","4","1","3","3","1","1","1",""
"2179","2","2","1","1","3","1","1","4","1","4","4","4","4","3","5","4","2","1","2","2","2","3","5","1","1","1",""
"2180","4","2","3","1","4","3","3","3","1","2","2","3","3","2","3","2","3","3","3","2","3","3","3","3","4","4",""
"2181","8","1","3","1","2","1","2","3","3","4","3","5","5","4","5","1","4","1","1","3","4","5","2","1","1","1",""
"2182","4","2","3","2","2","2","1","3","1","2","1","5","5","5","5","5","2","2","4","1","1","4","3","1","1","1",""
"2184","9","2","2","2","1","1","1","3","1","3","3","4","4","5","5","5","2","2","3","3","3","4","3","1","1","1",""
"2185","8","2","3","3","3","1","3","3","4","4","1","5","5","5","5","2","1","1","1","1","1","4","4","1","1","1","My cats don't go out of the garden"
"2186","7","2","3","4","3","1","1","3","1","5","3","5","5","5","5","2","1","2","2","3","1","4","3","1","1","1",""
"2187","13","1","3","1","2","1","1","4","2","5","1","2","2","4","5","2","5","1","5","5","1","5","3","1","1","1",""
"2188","13","1","4","3","1","1","1","3","4","5","2","4","3","4","4","4","4","1","1","1","1","4","4","1","1","1",""
"2189","1","2","1","1","2","1","2","2","4","4","3","4","4","4","5","1","4","2","3","3","3","3","4","1","1","1",""
"2190","5","2","1","1","2","1","2","3","4","2","4","4","4","4","2","2","2","3","3","3","4","4","5","1","1","1",""
"2191","6","2","1","6","3","3","3","3","2","4","2","3","3","4","5","4","1","1","1","1","1","5","2","3","4","4",""
"2193","5","2","4","1","2","2","2","3","4","4","4","4","3","4","4","4","4","1","1","4","1","4","3","1","1","1",""
"2195","7","1","3","6","2","1","2","4","3","3","1","5","5","5","5","3","2","2","2","3","3","3","3","1","1","1",""
"2196","9","2","3","2","2","1","1","3","2","3","1","5","5","5","5","5","2","5","3","1","1","3","3","1","1","1",""
"2197","1","1","1","1","1","1","1","4","1","3","1","4","2","2","4","5","2","2","4","2","4","4","4","1","1","1",""
"2198","8","2","2","1","3","3","2","3","3","4","4","3","4","2","3","5","1","1","1","1","1","4","3","1","1","1",""
"2199","5","1","3","1","2","2","2","2","3","4","3","4","4","1","4","4","5","1","1","2","1","3","1","1","1","1",""
"2200","5","1","2","1","3","3","1","3","4","4","4","5","5","5","4","3","4","3","3","3","4","4","4","1","1","1","Fearful"
"2201","7","1","3","2","3","3","2","2","5","4","5","5","5","3","5","1","5","1","1","1","1","5","4","1","1","1",""
"2202","1","2","3","1","4","3","2","4","4","4","4","5","5","5","4","3","4","3","4","5","4","3","2","3","4","5",""
"2204","5","1","4","1","1","1","1","4","5","3","3","5","3","4","5","2","2","1","1","3","2","4","3","1","1","1",""
"2205","8","2","2","1","2","1","2","2","1","4","3","3","2","2","5","5","1","1","1","1","1","5","5","1","1","1","Eats flies, very practical in summer"
"2206","5","1","3","1","2","1","2","3","2","2","3","4","4","5","4","1","2","4","4","3","4","3","2","1","1","1",""
"2208","7","2","3","1","1","2","1","3","4","5","4","4","4","3","5","4","2","2","2","1","3","3","5","1","1","1",""
"2209","7","1","3","1","1","1","1","3","2","4","2","4","4","2","5","4","4","2","2","2","2","4","3","1","1","1","I think she doesn't really have the hunting instinct."
"2210","8","1","2","2","2","2","3","3","1","3","1","5","4","5","4","5","1","3","5","3","2","5","5","1","1","1","My cat is a big ""hunter"" she chases flies/mosquitoes or anything that might fly and a big player"
"2212","8","1","3","2","2","1","2","3","5","5","5","3","5","4","3","1","3","1","1","3","1","1","2","1","1","3",""
"2214","8","2","3","2","2","1","2","4","1","1","5","5","5","4","5","5","1","5","5","5","5","1","4","1","1","1",""
"2215","8","2","3","2","1","1","1","3","1","2","1","2","2","2","5","5","2","2","4","1","3","4","4","1","1","1","He is funny and ridiculous and endearing ?? a lovely cat but not suited to the outdoors at all: cowardly, stupid, puts himself in danger. In short, a real RAG / the opposite of my other cat who is a EUR / British shorthair cross (for which I will do another questionnaire)"
"2216","7","2","3","1","2","1","3","3","1","5","2","2","1","5","5","5","2","1","1","1","1","5","5","1","1","1",""
"2217","8","2","3","3","2","2","2","2","5","5","2","3","3","3","5","4","1","2","4","3","3","4","3","1","1","1","He is a great hunter of silverfish."
"2218","13","2","1","1","2","2","2","4","1","1","2","4","3","4","4","4","1","3","3","2","2","4","4","1","1","1","FYI: My cat is a Toyger. The breed is very recent. He will have a little brother BEN at the beginning of May."
"2219","13","1","1","1","2","1","1","3","4","4","4","4","4","4","4","2","2","1","2","3","2","2","4","1","1","1",""
"2220","9","1","2","2","3","1","1","4","1","4","1","5","3","5","5","5","1","1","1","1","1","4","4","1","1","1",""
"2222","8","2","3","4","2","1","2","3","1","5","1","5","4","4","5","5","1","1","1","1","1","3","4","1","1","1","The coolest cat"
"2223","9","2","3","6","3","1","1","3","1","3","3","4","3","4","5","4","1","2","3","3","3","2","3","1","1","1","Understanding"
"2226","6","2","3","1","3","2","4","3","1","4","1","5","5","5","4","3","4","2","4","1","2","4","3","3","4","5",""
"2228","6","2","3","2","2","2","2","3","3","5","2","5","5","4","5","3","4","1","2","1","3","3","5","1","1","2",""
"2230","5","1","2","3","1","3","1","3","1","1","2","5","5","5","4","2","4","4","2","2","4","2","4","1","1","1",""
"2231","9","1","1","1","2","3","2","4","1","3","3","4","3","4","4","4","1","1","3","3","4","4","4","1","1","1",""
"2234","7","1","3","2","4","3","2","3","1","2","1","5","2","4","4","4","2","4","5","4","4","4","4","1","1","1",""
"2236","8","1","3","1","3","3","1","4","4","4","4","4","4","4","4","3","2","1","1","2","1","1","2","1","1","1",""
"2237","13","2","2","5","4","3","3","3","1","3","2","4","4","4","4","4","1","1","3","1","2","2","2","3","4","5",""
"2238","8","1","1","1","2","1","1","4","2","4","4","4","2","2","4","4","2","2","2","2","2","4","3","1","1","1","clingy"
"2239","1","1","2","2","4","1","1","3","2","2","2","4","4","4","5","4","2","4","4","2","4","4","4","1","1","1","Lively cat who jumps everywhere, and very playful with my children"
"2240","13","1","3","2","2","1","2","3","5","4","5","5","4","4","5","3","4","1","1","1","2","2","1","1","1","1","2 cats rescued from a shelter. My little one was mistreated and my little one is calm"
"2242","1","2","1","1","1","1","2","3","4","3","1","5","5","5","4","2","4","1","1","3","4","4","4","1","1","1",""
"2243","7","1","1","6","4","3","3","4","1","1","1","5","5","5","5","5","1","5","1","1","5","1","5","1","1","1","My cats only go out on secure terraces with tiled roofs etc. They can't catch any critters there. Maybe 1 lizard and a few spiders for a full year"
"2244","8","2","1","1","1","1","1","4","1","5","1","3","4","3","5","5","1","1","1","1","2","4","3","1","1","1",""
"2245","9","1","1","2","2","1","1","4","2","4","1","5","4","3","5","4","1","2","2","1","1","4","3","1","1","1",""
"2249","1","1","3","5","3","3","1","4","3","1","2","1","1","1","1","1","3","2","3","3","2","1","1","1","1","1",""
"2250","7","1","3","3","3","3","2","2","4","5","5","5","5","5","5","1","2","1","1","1","2","2","3","1","1","1",""
"2253","5","1","3","4","2","2","1","3","4","5","1","5","3","3","5","2","3","1","1","1","1","5","1","1","1","1",""
"2254","8","2","1","1","2","1","1","4","2","3","2","4","3","4","4","4","1","1","2","1","3","4","4","1","1","1",""
"2255","13","2","2","3","2","1","1","3","1","3","1","4","3","5","2","4","2","3","2","1","3","3","4","1","1","1",""
"2256","8","1","1","2","2","1","2","4","2","2","1","5","2","3","3","5","1","1","1","1","1","3","3","1","1","1",""
"2257","8","1","1","1","3","1","3","3","3","3","2","5","3","3","5","5","1","1","1","1","1","3","5","1","1","1",""
"2261","7","1","2","2","2","1","1","3","2","4","3","4","4","4","4","4","2","1","1","1","1","3","3","1","1","1",""
"2262","1","1","3","1","2","1","2","3","5","4","5","5","5","5","5","1","2","1","1","4","2","4","4","1","1","1",""
"2263","8","2","3","1","2","1","2","3","3","4","3","4","5","4","4","4","3","2","4","3","2","4","3","1","1","1",""
"2265","1","2","3","2","1","1","1","4","1","2","2","5","3","2","5","5","2","1","4","1","2","3","3","1","1","1","Meows often"
"2266","13","2","1","1","2","1","1","3","5","3","4","4","5","4","5","2","1","4","4","4","2","4","4","1","1","1","Doesn't go out so doesn't catch anything but trains every day by playing"
"2267","13","2","2","1","2","1","3","3","1","4","3","4","3","3","5","5","2","2","1","2","2","4","4","1","1","1",""
"2269","1","1","2","2","3","2","2","3","1","2","3","5","5","5","4","3","2","3","3","4","4","4","5","1","1","1",""
"2272","13","2","4","2","2","2","3","3","2","5","2","5","4","4","5","5","2","1","1","1","1","4","1","1","1","2",""
"2273","9","2","2","2","2","2","1","3","2","3","3","5","4","2","5","5","1","1","4","3","5","5","2","1","1","1","He's not really the predatory type, but he's curious about other species (for example, he rubs himself on my hedgehog). He's very proud and deceitful (I affectionately call him my little Draco Malfoy) but also very affectionate, even emotionally dependent."
"2275","8","2","2","2","4","3","1","4","4","4","3","4","4","4","4","2","2","1","1","1","1","4","3","1","1","1","Very good at hunting flies, butterflies and spiders, adorable character, clingy, cuddly, seeks human presence...."
"2277","5","1","4","2","3","2","1","4","3","5","3","5","5","5","5","1","3","3","5","4","4","4","3","1","1","1","Jealous and possessive"
"2287","8","1","2","2","2","2","2","3","1","4","1","4","4","4","4","4","1","1","1","1","4","2","4","1","1","1",""
"2289","7","2","1","1","2","1","2","3","1","4","1","5","4","4","4","5","2","2","2","2","2","2","4","1","1","3",""
"2290","8","2","2","3","4","1","1","2","3","5","2","3","2","2","5","2","1","1","1","1","1","5","4","1","1","1",""
"2292","13","2","3","2","4","2","4","3","4","4","4","4","4","4","2","3","4","1","2","3","2","2","3","3","4","4",""
"2293","13","2","4","1","2","2","2","3","2","4","3","4","4","4","4","2","4","3","4","3","3","4","3","1","1","1","His particularity: his meows! Sometimes it can be for 5 to 10 minutes, very long and very loud. Really curious, I have never seen that before in other cats. When it's like that, I check if he has enough to eat, if the litter box is clean as well as his water, if not I provide it. But then, what do they mean??? I have no idea..."
"2294","13","1","3","5","2","2","3","3","5","4","5","4","5","5","4","4","5","2","2","3","2","2","2","1","1","1","Little 6 year old cat, very fearful, fell from the 4th floor at 4 and a half months old, very very fearful since then"
"2295","13","2","1","5","2","2","3","3","2","2","2","5","5","5","5","4","3","3","3","3","4","3","4","1","1","1","Baby cat of 8 months very playful and likes my other 7 year old who shows him the nonsense and takes care of him like a mother"
"2296","1","2","3","1","2","1","2","3","1","1","1","4","4","4","4","4","1","1","4","4","1","1","1","1","1","1",""
"2298","1","2","1","1","2","1","1","3","1","1","3","5","2","5","5","5","1","4","2","3","2","4","5","1","1","1",""
"2301","5","1","3","3","1","1","1","3","1","4","1","5","5","5","4","4","3","2","4","2","3","1","1","1","1","1",""
"2302","5","2","3","6","1","1","1","4","1","3","1","5","5","5","5","4","2","3","4","2","3","4","4","1","1","1","Collected at 14 days, weaned from the bottle, very cuddly and always there to comfort someone who is not well at home"
"2308","1","1","3","1","2","1","2","2","1","1","3","5","4","4","4","1","1","4","5","3","4","2","4","1","1","1","Exclusive with her mistress and baby. Neither her master nor other people can approach her because she is aggressive."
"2309","1","2","1","1","2","1","2","3","2","2","1","4","4","4","4","4","4","1","3","1","1","3","3","1","1","1",""
"2310","8","2","2","2","2","2","3","3","3","5","2","3","4","3","5","4","2","1","1","1","1","4","3","1","1","1","My cat likes to watch birds from my balcony but can't catch them."
"2311","13","1","3","1","2","1","2","3","4","4","4","3","4","3","4","2","1","1","1","1","1","2","4","1","1","1","On the balcony, no possibility of catching birds or insects, but I have a great flycatcher! And she watches the birds with interest in the small park visible from the balcony!"
"2316","7","2","2","1","2","3","1","4","3","4","3","4","4","3","5","4","1","1","1","3","1","5","5","1","1","1",""
"2317","8","1","1","1","2","1","1","3","1","3","1","5","3","3","5","4","3","1","3","1","3","4","3","1","1","1",""
"2318","1","1","1","1","2","1","1","3","1","4","3","4","3","3","4","4","3","1","1","1","2","2","4","1","1","1",""
"2319","8","2","1","2","2","1","3","3","1","4","2","2","1","1","1","5","2","1","2","1","1","1","2","1","1","1",""
"2320","5","1","3","1","2","1","3","4","1","4","1","5","5","5","5","5","2","5","1","1","1","4","5","1","1","1",""
"2321","9","2","2","2","2","1","1","3","3","4","1","4","4","4","4","4","3","1","1","1","1","1","3","1","1","1","Just to clarify that my cats don't go outside 0. I live in the city center and I don't want them to go outside."
"2326","9","2","4","1","2","3","3","3","2","4","2","5","5","5","4","5","3","1","2","1","2","4","3","1","1","1","He is just extraordinary!!!"
"2329","2","2","3","2","2","1","1","3","5","5","1","5","1","3","5","5","5","1","1","1","1","5","3","1","1","1","Same answer for our second cat who is an MCO"
"2330","8","2","1","1","2","2","1","3","1","5","3","4","5","3","4","4","4","1","1","2","4","3","1","1","1","1",""
"2331","4","1","3","6","1","1","2","4","1","5","1","5","5","5","5","4","3","2","2","2","2","4","2","1","1","1",""
"2332","13","1","2","6","1","1","2","4","1","2","1","5","3","5","5","3","1","1","1","1","1","5","1","1","1","1","She is so cute"
"2333","8","1","2","2","2","1","2","3","1","3","1","5","1","5","3","5","1","1","3","1","1","5","5","1","1","1","Cats with balcony"
"2334","5","2","4","4","2","1","3","4","1","5","1","5","4","4","5","5","2","1","1","1","1","3","1","1","1","1",""
"2339","1","1","1","1","2","1","1","4","4","4","3","4","5","5","5","3","3","4","3","3","5","3","4","1","1","1",""
"2340","8","2","1","1","2","1","1","3","1","4","3","4","2","4","5","5","1","3","2","3","4","5","5","1","1","1",""
"2341","13","2","3","4","2","1","2","4","1","3","1","3","3","3","3","2","1","1","1","1","1","1","1","1","1","1",""
"2342","8","1","2","1","2","1","1","3","3","3","2","4","4","3","2","3","4","3","3","4","3","4","2","1","1","1","Catches flies.. the birds are too high for her, ""but she watches them constantly even in the trees"
"2344","5","2","3","1","2","1","2","3","4","2","4","5","5","4","4","4","2","1","1","3","2","3","4","1","1","1",""
"2345","8","2","1","4","3","2","1","3","4","5","4","5","5","5","3","4","5","1","1","1","5","5","5","1","1","1","Exit to the garden enclosure"
"2346","8","2","3","1","2","1","1","3","3","4","4","4","5","3","4","2","4","1","1","3","2","3","4","1","1","1",""
"2347","9","2","1","5","2","1","2","3","4","4","1","4","1","1","4","4","1","1","1","1","1","4","4","1","1","1","SPHs are very affectionate"
"2349","6","1","3","1","1","1","1","3","4","5","3","4","4","3","4","2","1","1","1","3","2","4","5","1","1","1",""
"2350","7","1","2","1","3","1","3","3","1","1","1","4","4","4","4","4","1","1","1","1","4","2","1","1","1","1",""
"2351","8","2","1","1","2","1","2","4","1","4","2","5","3","3","5","5","1","2","4","4","2","4","3","1","1","1","He purrs a lot (lol)"
"2353","13","2","4","1","4","1","4","2","2","4","2","4","2","4","5","4","2","1","1","2","2","4","5","1","1","1",""
"2355","12","1","3","1","2","2","3","4","4","4","4","5","4","2","5","3","2","1","2","4","2","4","5","1","1","1",""
"2356","8","2","1","2","3","3","1","3","5","2","1","5","2","1","5","2","1","1","1","2","2","3","1","1","1","1",""
"2357","6","1","3","4","3","2","1","3","1","4","2","5","4","4","5","5","2","1","2","2","3","4","4","1","1","1",""
"2358","8","2","2","1","1","1","1","3","1","5","3","4","2","2","5","4","2","1","1","3","1","4","4","1","1","1",""
"2359","13","1","3","1","4","3","3","3","2","2","3","4","4","4","2","2","4","4","4","3","3","4","3","3","4","4",""
"2360","8","1","1","1","2","1","1","3","1","4","1","3","1","4","5","5","2","1","1","1","1","5","5","1","1","1",""
"2362","8","1","2","6","4","2","1","3","2","4","4","4","2","2","4","4","2","1","2","2","2","4","4","1","1","1",""
"2363","8","2","1","1","3","3","1","3","1","4","1","4","4","4","4","4","1","1","1","1","1","4","1","1","1","1",""
"2364","8","1","3","1","2","2","3","3","1","4","1","4","2","4","4","3","4","1","5","5","3","5","3","1","1","1",""
"2365","8","1","3","2","3","3","1","3","1","3","2","5","5","3","4","4","1","1","3","2","2","4","3","1","1","1",""
"2366","8","1","1","1","2","1","1","4","2","5","1","5","1","5","2","4","1","1","1","1","5","5","5","1","1","1",""
"2369","8","1","3","1","2","1","3","2","1","4","1","3","5","5","3","5","3","2","2","1","2","4","5","1","1","1",""
"2371","8","2","1","1","1","1","1","4","2","5","1","4","1","3","5","5","1","1","1","1","2","4","4","1","1","1",""
"2372","13","1","3","1","3","1","2","3","4","4","3","4","5","3","5","1","3","1","1","1","1","4","3","1","1","2",""
"2373","8","2","1","1","2","1","1","3","1","4","3","4","5","5","4","5","1","1","2","3","4","4","4","1","1","1",""
"2374","8","1","1","1","2","1","2","4","1","5","4","5","5","5","5","5","2","2","4","2","2","3","2","1","1","1",""
"2375","8","1","3","2","2","1","2","2","2","5","2","4","1","3","5","5","1","1","1","1","1","5","3","1","1","2",""
"2376","8","1","3","1","1","1","1","3","1","4","2","4","4","2","4","4","1","1","1","1","1","4","2","1","1","1",""
"2377","8","2","2","1","2","1","2","4","1","4","3","4","2","2","5","5","1","1","1","1","1","5","4","1","1","1",""
"2378","8","1","3","2","3","2","3","3","4","4","4","5","5","5","5","4","2","1","3","3","3","3","3","1","1","1",""
"2379","8","2","3","2","3","2","2","3","3","4","2","5","5","5","5","4","2","1","4","1","3","3","3","1","1","1",""
"2380","6","2","3","6","3","2","3","3","3","4","2","4","3","3","5","4","1","2","2","2","2","4","3","1","1","1",""
"2381","5","1","3","2","4","2","3","3","1","4","4","5","4","4","5","4","2","2","4","3","3","3","4","3","4","4",""
"2382","2","1","1","1","3","1","2","3","3","4","3","3","3","3","4","4","3","2","2","2","2","4","4","1","1","1",""
"2383","5","1","2","1","2","1","1","3","4","2","3","4","5","5","2","4","4","4","3","3","5","4","5","1","1","1",""
"2384","7","1","4","1","2","1","1","4","3","3","3","3","3","1","2","1","3","1","3","3","3","1","3","1","1","1",""
"2385","8","1","4","2","4","3","3","2","5","5","4","2","3","1","5","3","4","1","1","1","2","3","4","1","1","1","my cat is rather large"
"2387","5","2","4","2","4","3","2","3","1","3","3","4","4","3","5","5","3","3","4","3","4","4","4","3","4","3",""
"2388","13","1","3","1","4","2","3","2","4","4","5","3","2","2","3","3","4","2","2","4","4","2","4","3","4","5","Very very hunter in summer"
"2394","5","2","1","2","4","3","4","2","1","1","1","5","5","5","4","1","5","5","5","5","3","2","1","3","4","4",""
"2395","2","1","3","6","4","3","3","2","5","4","2","2","5","3","2","2","4","1","1","2","1","4","4","3","4","4",""
"2396","5","1","3","2","4","3","4","2","4","5","2","5","5","5","5","2","4","1","4","2","1","5","1","3","4","4",""
"2405","5","2","3","3","3","3","4","3","4","3","5","5","5","5","5","2","3","3","4","3","2","4","2","3","4","5","Smart and a bit of a thief"
"2408","11","1","3","1","4","3","1","3","4","1","1","5","5","5","4","1","1","4","4","5","4","4","4","3","4","1",""
"2414","5","2","3","2","4","3","4","3","1","5","1","5","5","5","3","1","4","1","3","3","1","5","1","3","4","4",""
"2415","5","2","4","3","3","1","3","4","1","5","1","5","4","4","5","3","3","2","5","4","4","2","3","3","4","4",""
"2418","4","2","3","6","4","3","3","3","1","4","1","5","5","5","5","5","4","2","4","2","2","4","3","3","4","5",""
"2427","2","1","3","5","3","3","2","2","3","2","4","2","3","3","4","3","4","1","4","3","3","3","3","3","4","2","They are all different in character from the calm to the most fleeting."
"2434","12","2","3","5","4","2","3","3","1","3","1","5","5","5","5","5","3","1","3","1","3","3","5","3","4","5",""
"2437","4","2","4","1","4","3","4","3","2","4","2","4","3","5","4","2","4","3","4","4","3","3","4","3","4","4",""
"2438","3","1","2","6","4","3","4","4","1","3","1","5","4","3","5","4","2","1","4","2","3","3","2","3","4","5",""
"2440","5","2","1","2","4","3","3","3","1","3","1","4","1","5","5","5","2","1","1","1","4","5","5","3","4","4","When he is outside and we call him he runs to join us by answering and is very happy."
"2443","1","1","2","3","4","3","4","3","2","3","2","4","5","5","4","3","4","3","5","4","4","3","3","3","4","4",""
"2444","13","2","3","2","4","2","4","3","4","3","4","4","5","4","4","2","3","2","3","3","3","3","3","3","4","5","Very good hunter. He is fearful of strangers but not with us. On the other hand, he changes quickly. Davis is the one who decides when to pet him or not."
"2448","12","1","2","4","3","1","3","3","4","4","1","1","1","5","5","1","3","1","4","3","4","3","1","3","4","3",""
"2451","13","1","3","1","4","3","3","2","1","4","2","3","4","4","5","5","2","1","1","2","2","4","3","3","4","4",""
"2453","5","1","3","1","4","2","3","4","5","4","5","4","5","4","5","2","1","1","1","2","3","4","2","3","4","3",""
"2455","5","2","2","2","4","2","4","3","4","3","3","4","4","4","5","4","2","1","2","1","3","3","3","3","4","5",""
"2456","5","1","2","2","4","2","3","3","5","4","4","5","5","5","5","3","4","4","4","4","4","3","3","3","4","5",""
"2465","10","1","3","2","4","2","4","3","3","2","2","5","5","5","5","2","4","1","5","4","2","4","2","3","3","3","Cat dog. She follows me everywhere, garden, bed, sofa veranda...."
"2470","10","2","3","1","4","1","3","3","1","2","2","5","4","4","3","5","3","3","5","5","4","3","4","3","3","3",""
"2471","2","2","3","3","3","2","4","3","1","2","1","5","2","5","3","5","3","5","5","4","5","2","1","3","3","4",""
"2473","2","2","2","1","4","3","3","3","4","2","3","4","4","4","4","2","4","4","4","3","4","1","4","3","3","2",""
"2474","5","1","3","2","4","3","3","4","5","4","4","4","5","4","5","3","2","1","3","2","1","3","5","3","3","4",""
"2475","6","2","3","3","4","3","4","4","1","3","2","5","5","5","3","2","3","3","3","1","2","3","2","3","3","5",""
"2477","6","2","3","3","3","2","3","4","3","5","1","5","5","5","4","3","4","1","5","3","2","4","2","3","3","4",""
"2478","2","1","3","1","4","3","3","3","3","4","2","4","4","5","5","4","1","2","3","2","1","2","2","3","3","3",""
"2483","5","2","3","3","3","3","4","3","1","2","1","1","2","2","1","4","2","1","2","2","2","3","1","3","3","4",""
"2488","1","1","2","1","3","1","3","4","5","2","1","5","5","5","5","4","1","2","1","1","1","4","1","3","3","4","When she brings me a field mouse, she brings it back alive."
"2492","5","1","1","1","4","3","3","3","5","4","3","3","4","3","4","1","2","1","1","1","4","2","1","3","3","4",""
"2493","5","2","3","2","4","3","3","3","3","3","2","5","3","5","5","4","2","2","3","2","2","3","3","3","3","3",""
"2495","6","1","2","2","2","2","3","2","1","2","4","5","5","5","5","5","2","1","1","1","1","4","4","3","3","2",""
"2497","5","1","1","1","4","3","4","4","4","4","2","5","4","4","5","4","4","1","4","3","2","4","4","3","3","5",""
"2500","5","2","3","1","2","3","4","3","2","4","2","5","4","4","5","4","4","2","2","2","2","3","2","3","3","3",""
"2501","5","1","2","2","3","2","4","2","3","3","3","3","3","3","3","2","2","2","3","2","2","2","3","3","3","2",""
"2503","4","2","2","1","4","2","3","3","2","5","4","4","5","4","5","5","2","1","3","3","1","4","4","3","3","4",""
"2504","5","1","3","2","2","2","4","2","5","4","4","5","5","5","2","1","4","5","4","2","4","4","4","3","3","3",""
"2505","2","1","1","4","4","2","3","4","1","3","1","3","3","3","4","3","1","1","1","1","2","3","1","3","3","3",""
"2509","13","1","3","2","3","3","2","3","4","4","4","4","4","2","2","3","4","2","4","4","2","4","4","3","3","3","She knows how to make herself understood, she growls and moans when she is upset or does not want to be petted."
"2512","5","1","3","1","4","3","4","3","4","4","1","5","5","5","5","5","4","1","5","3","1","3","1","3","3","4",""
"2515","5","1","3","2","4","3","4","3","4","3","4","4","4","4","4","2","2","2","2","2","2","2","4","3","3","3",""
"2518","5","1","2","2","3","3","3","4","4","4","2","5","4","3","4","2","4","4","3","4","4","4","1","3","3","5",""
"2522","6","2","2","1","3","3","4","3","1","4","4","4","3","3","5","2","4","4","4","4","4","2","4","3","3","4",""
"2525","5","2","1","2","4","3","4","3","4","5","2","5","4","4","4","4","4","1","2","2","3","4","2","3","3","5",""
"2528","6","2","1","2","3","2","2","4","1","1","2","5","3","5","3","5","3","5","4","1","5","5","5","3","3","3",""
"2529","1","1","3","1","4","2","3","3","3","4","2","5","5","5","5","2","2","1","3","3","3","4","3","3","3","5",""
"2530","12","1","3","1","3","2","4","2","4","4","1","3","4","4","3","3","4","2","4","4","4","1","1","3","3","2",""
"2531","5","2","3","1","4","3","3","3","5","4","3","5","5","4","5","2","2","1","2","3","3","4","3","3","3","2","My kitty is very fearful... I helped him adopt from the SPA and he must have suffered mistreatment when he was little... I think that because of that, he doesn't go at all towards people outside his home... But he is very cuddly and stuck to me...
 Thank you for doing this study to better understand the behavior of these nice felines!! They have so much love to give!!"
"2533","5","2","4","2","4","3","4","3","3","5","2","4","3","4","5","5","2","1","2","2","1","5","3","3","3","5",""
"2534","5","2","3","4","3","2","4","4","1","4","1","4","5","5","5","5","1","4","5","3","4","3","3","3","3","4",""
"2541","6","1","3","2","4","2","3","3","3","4","4","5","5","5","4","2","4","2","3","2","4","4","4","3","3","3",""
"2542","5","1","3","6","3","2","4","3","1","2","1","5","4","5","5","4","4","3","5","3","3","4","3","3","3","4",""
"2544","5","1","3","2","4","3","3","4","2","3","4","4","4","3","3","2","3","2","1","2","2","3","3","3","3","5",""
"2545","13","2","1","2","3","3","2","3","3","3","2","4","3","3","4","1","4","2","1","1","4","2","4","3","3","4",""
"2549","5","2","3","2","3","3","4","4","4","4","4","4","4","4","5","3","1","1","2","1","4","4","4","3","3","4",""
"2550","5","1","3","1","3","1","4","3","1","4","1","5","5","5","5","4","3","1","4","1","1","1","2","3","3","5",""
"2555","5","1","3","2","4","3","3","3","1","4","2","5","5","5","5","4","3","1","5","3","1","5","1","3","3","4",""
"2559","5","1","2","3","4","2","3","4","1","2","2","5","5","5","5","4","1","1","2","1","2","1","2","3","3","3","Catching lizards every day and even several times a day"
"2565","5","2","2","2","4","3","4","3","5","2","5","4","5","3","3","1","4","3","2","4","4","3","4","3","3","3",""
"2569","6","1","3","3","4","3","3","4","1","5","5","5","5","5","5","2","1","1","4","5","1","1","5","3","3","3","enclosed property with fence and anti-escape collar, the cat only hunts on 980m2"
"2571","5","1","2","2","4","3","3","3","1","1","4","4","4","4","4","3","2","1","3","2","3","3","3","3","3","4","Dominant or submissive depending on the cat in front of him"
"2572","4","1","4","3","4","3","4","2","4","5","4","4","4","4","2","1","1","1","2","3","2","2","4","3","3","3",""
"2574","5","1","3","3","4","3","4","3","3","4","4","4","4","4","3","2","4","1","1","1","1","3","1","3","3","5",""
"2577","8","1","3","2","3","3","3","3","4","4","4","3","4","3","3","1","3","1","2","1","1","5","2","3","3","3",""
"2581","5","1","3","2","3","2","4","3","4","4","4","4","5","5","5","5","4","2","3","5","4","4","3","3","3","3",""
"2585","1","2","3","1","4","3","3","3","2","2","4","5","4","4","4","3","2","2","2","3","3","4","2","3","3","4",""
"2586","5","1","3","1","3","2","4","2","1","5","1","4","4","5","4","4","4","1","2","4","4","3","1","3","3","5","Living with a female dog"
"2593","5","1","4","1","4","3","4","3","4","5","2","4","5","4","4","3","3","2","2","4","3","3","2","3","3","3",""
"2601","5","1","3","6","4","3","3","4","4","5","1","5","5","4","5","1","3","1","3","1","4","4","2","3","3","4","Since her accident, she has remained disabled but she has adapted."
"2604","13","2","3","3","4","3","4","3","1","4","1","5","5","5","3","3","5","1","3","3","3","3","3","3","3","4",""
"2611","7","1","3","3","4","3","2","3","2","4","3","5","3","5","5","5","1","1","3","3","3","3","4","3","3","4","Understands good and bad"
"2612","6","2","3","2","3","2","2","3","4","4","4","4","4","4","2","4","4","2","2","2","2","4","2","3","3","3","2 cats at home 
 This first survey concerns the cat Nuage 
 I will fill out a 2nd survey for the 2nd cat (Tigrou) because not having the same breed the behavior is totally different"
"2615","13","1","3","2","4","3","3","3","4","4","4","4","4","4","4","1","4","1","1","1","1","4","2","3","3","4",""
"2618","5","1","3","2","4","2","3","3","3","2","1","3","2","4","2","3","4","2","3","5","3","5","3","3","3","3",""
"2621","13","2","1","1","4","3","4","3","3","3","1","5","4","5","4","3","1","3","3","4","1","2","2","3","3","3",""
"2622","13","2","3","1","4","3","5","2","3","2","2","2","2","2","1","1","3","3","3","3","3","3","3","3","3","3",""
"2626","13","2","3","6","4","3","4","3","1","4","1","4","5","5","5","4","3","3","4","4","4","4","3","3","3","4",""
"2628","13","1","3","1","4","3","4","2","2","4","2","4","5","4","2","1","5","2","4","5","2","4","2","3","3","3",""
"2630","13","2","4","2","4","3","3","2","1","4","2","2","2","2","5","5","2","2","4","1","2","5","4","3","3","3",""
"2639","2","1","2","1","2","1","2","4","1","1","2","5","5","5","5","4","3","4","5","1","3","2","5","3","2","4",""
"2640","13","2","1","2","4","3","2","3","2","5","2","5","5","5","5","5","5","1","1","3","1","5","4","3","2","2",""
"2641","2","2","3","2","4","3","3","3","2","4","2","5","4","5","4","2","2","2","4","2","2","2","2","3","2","1",""
"2642","2","1","3","5","3","1","2","4","3","3","3","3","3","4","5","5","4","3","3","3","3","3","1","3","2","2",""
"2643","2","2","2","4","4","3","2","4","1","1","1","5","4","5","4","5","3","2","1","1","1","3","2","3","2","2",""
"2645","13","2","3","2","4","3","4","2","2","3","4","4","4","4","4","4","3","2","1","1","3","4","3","3","2","5","I answered the questionnaire in relation to my cat M, the answers would have been completely different for my kitty, it's a shame not to have the possibility of answering for 2 cats"
"2647","2","1","3","1","3","1","2","3","4","4","5","5","4","4","5","2","3","2","2","4","1","3","3","3","2","1","Winter goes out very little (less than an hour per day) but in fine weather likes to stay outside, in the sun or in the shade a little hidden, to sleep or watch the birds."
"2652","5","2","4","6","4","3","4","3","1","4","1","5","2","4","5","5","2","1","3","1","2","4","4","3","2","4",""
"2658","13","1","3","3","4","3","3","4","2","4","5","5","5","5","5","5","2","1","1","1","2","5","2","3","2","4",""
"2661","6","2","3","3","4","3","3","3","4","4","1","5","5","5","4","3","2","1","3","1","3","4","3","3","2","5",""
"2662","7","2","3","1","3","2","4","2","4","4","2","3","4","2","4","4","4","3","3","4","4","2","4","3","2","2",""
"2663","7","2","3","2","2","1","3","3","3","3","4","4","4","4","5","4","2","3","4","2","3","4","5","3","2","1",""
"2664","7","1","4","2","4","3","3","3","1","4","1","4","4","3","4","1","4","1","4","2","3","4","1","3","2","2",""
"2666","13","2","3","2","4","3","4","3","1","1","1","5","3","5","5","4","1","1","1","1","4","1","3","3","2","5","He also hunts lizards."
"2669","6","2","3","1","4","3","3","4","1","1","1","5","5","4","5","5","1","1","4","1","4","4","4","3","2","1","Cat that only goes out in the summer under supervision!"
"2670","6","2","3","4","4","2","3","2","4","4","2","3","5","5","4","1","2","2","2","2","3","2","3","3","2","3",""
"2671","1","1","3","2","3","3","3","2","2","2","1","4","5","5","4","4","2","3","4","4","3","4","2","3","2","3",""
"2672","1","2","2","1","3","1","2","4","1","1","3","4","4","4","5","5","2","1","3","3","3","4","5","3","2","1",""
"2673","6","2","3","2","4","2","2","3","1","3","1","5","5","5","5","5","1","1","5","1","1","5","5","3","2","3",""
"2674","1","2","2","1","3","3","3","3","1","3","1","4","3","3","4","4","1","1","1","1","1","4","4","3","2","3",""
"2675","6","2","2","5","4","3","3","3","1","4","1","4","5","4","5","5","1","1","2","2","1","4","4","3","2","2",""
"2676","13","1","3","5","4","1","2","4","2","2","1","5","4","2","5","4","1","1","4","3","2","4","3","3","2","2",""
"2677","2","1","3","3","4","3","3","4","1","4","3","4","5","5","5","2","2","1","1","1","1","4","5","3","2","3",""
"2678","6","2","3","3","4","3","3","4","4","4","1","4","4","4","5","4","1","2","1","1","2","4","4","3","2","3",""
"2681","10","1","3","1","3","3","3","4","5","5","3","5","5","4","2","3","5","1","5","4","1","3","1","3","2","4",""
"2682","2","1","3","1","4","3","2","3","2","3","2","5","4","5","5","5","3","3","3","3","4","4","3","3","2","3","My cat enjoys the outdoors and my garden tied to an 8 to 10 meter leash..."
"2684","1","2","3","3","4","2","3","3","2","3","1","4","4","4","4","4","2","2","5","3","4","4","4","3","2","2",""
"2686","2","1","2","6","3","1","3","3","1","3","1","4","4","5","4","5","2","4","2","2","4","3","2","3","2","2",""
"2688","13","1","4","2","4","3","2","3","1","5","4","5","5","5","5","5","4","1","4","4","3","4","3","3","2","3",""
"2691","5","2","3","1","4","3","3","3","4","5","4","4","4","4","3","2","4","1","2","2","2","2","3","3","2","3",""
"2692","3","1","2","1","3","1","3","3","2","4","2","3","2","3","4","4","2","2","3","3","2","4","3","3","2","2",""
"2693","3","2","2","2","4","3","3","3","3","5","1","4","3","5","5","5","4","3","1","2","1","4","2","3","2","5",""
"2694","3","1","3","2","4","3","3","3","4","4","2","5","5","5","4","2","5","1","4","4","3","2","2","3","2","3",""
"2695","4","2","2","2","4","3","4","4","1","4","3","5","4","5","4","4","2","2","4","2","4","3","4","3","2","5",""
"2696","10","2","3","2","4","3","4","4","5","5","5","5","4","3","5","2","5","2","2","2","2","4","4","3","2","5",""
"2700","13","2","3","2","4","2","3","2","1","4","4","4","3","3","2","5","3","3","4","1","1","4","5","3","2","3",""
"2703","3","2","3","1","3","3","3","3","1","4","2","5","5","4","5","4","2","2","2","3","1","4","1","3","2","1",""
"2704","2","2","3","2","4","3","3","3","3","5","2","5","3","3","5","1","3","3","4","4","3","3","3","3","2","5",""
"2705","13","1","3","2","4","2","3","3","4","3","4","3","4","3","2","3","4","2","4","4","4","3","4","3","2","2",""
"2706","6","1","3","4","4","3","3","3","4","4","2","5","5","4","3","3","5","1","5","4","3","3","2","3","2","2",""
"2707","12","2","1","2","3","1","2","4","1","4","2","4","4","4","4","4","3","3","3","3","4","3","4","3","2","2",""
"2709","13","2","2","1","4","3","3","3","4","4","3","5","5","4","4","4","3","4","3","4","3","3","3","3","2","5","He catches his prey and brings it home to play with before eating it. He comes home almost every night to sleep with us, I shake his kibble and go back in. Since he was knocked over by a car he doesn't stray too far and regularly has cat friends who come into the yard I give them kibble too and play with them or go on walks together."
"2715","13","1","2","1","3","2","4","3","2","2","2","3","3","2","3","2","2","1","1","1","1","2","2","3","2","5",""
"2717","5","1","3","1","3","2","3","4","4","2","4","5","4","3","3","4","3","2","2","2","2","4","3","3","2","1",""
"2722","10","2","3","4","3","3","3","3","4","4","3","5","4","3","5","3","4","1","1","1","1","3","1","3","2","2",""
"2727","10","2","2","3","3","1","3","3","4","4","4","5","5","5","5","5","2","1","3","1","1","4","4","3","2","1",""
"2728","13","1","2","2","3","3","4","2","2","4","4","4","4","2","4","5","4","1","2","2","2","2","2","3","2","5","Sleeps during the day, goes out at night"
"2734","13","1","3","6","4","3","3","3","2","2","1","2","2","1","2","1","2","1","1","1","1","2","2","3","2","1",""
"2737","3","2","3","3","3","3","4","3","1","5","1","3","1","1","4","4","4","1","1","1","1","5","3","3","2","2",""
"2741","13","1","3","1","4","3","3","2","5","5","5","5","3","3","5","4","5","1","3","4","3","4","3","3","2","3",""
"2742","13","2","3","3","4","3","1","4","4","4","2","5","5","4","5","3","3","1","1","1","1","2","1","3","2","2",""
"2747","3","1","3","1","2","2","2","3","4","4","4","5","5","4","5","2","2","1","1","4","3","5","4","3","2","2",""
"2749","5","2","4","4","4","1","3","3","3","3","3","2","2","2","2","2","2","1","3","1","1","3","3","3","2","2","A love"
"2756","5","2","3","6","3","1","4","3","4","4","1","4","4","4","4","2","1","1","1","1","1","1","1","3","2","4",""
"2766","13","2","3","3","4","3","4","3","5","4","1","2","2","2","4","1","1","1","1","1","1","3","2","3","2","3",""
"2767","5","2","1","6","4","3","3","4","2","2","2","5","5","5","5","4","1","2","2","1","1","2","2","3","2","2","Perfectly repels insects, flies, spiders, etc."
"2769","3","2","3","1","3","1","4","3","1","4","1","5","5","5","4","5","3","1","4","4","3","3","3","3","2","2",""
"2770","5","2","3","3","4","3","3","3","2","2","3","5","5","5","5","5","3","1","3","3","2","4","4","3","2","5","M, castrated, 6 years old, normal build"
"2773","11","2","3","3","3","2","4","3","3","5","3","4","5","4","4","2","3","1","3","3","2","4","2","3","2","2",""
"2776","11","1","3","5","4","3","1","3","3","3","1","4","3","3","4","2","4","1","1","2","1","4","3","3","2","2","My cats have an enclosure adapted to their needs"
"2777","13","1","1","5","4","3","3","3","3","3","1","4","2","2","4","4","1","1","1","1","1","4","4","3","2","2","Selkirk Rex. Shares the enclosure with the SAVs 
 Enclosure adapted to their needs"
"2778","5","1","3","6","3","2","4","3","2","5","2","4","4","4","4","3","2","1","1","3","2","2","3","3","2","2",""
"2781","13","1","3","3","3","1","3","3","2","5","1","5","4","4","5","3","2","2","2","1","1","3","2","3","2","3",""
"2783","13","1","3","1","3","3","4","2","4","4","4","4","4","4","1","2","5","3","4","4","4","1","3","3","2","2","She is semi-feral and only accepts a few people and she is afraid of houses so we assume that someone hurt her during one of her walks."
"2785","10","2","4","1","4","2","3","3","5","4","5","4","4","3","5","4","5","1","3","4","4","3","5","3","2","2",""
"2793","3","1","3","5","4","3","4","3","2","2","4","4","4","5","4","1","4","1","2","2","3","4","3","3","2","5","there is too much to say lol"
"2796","1","2","3","1","2","1","3","3","1","3","4","2","5","5","2","5","4","3","5","5","5","3","5","3","2","2",""
"2800","5","1","4","2","4","3","5","3","5","4","3","4","4","4","4","1","1","3","3","4","2","3","2","3","2","2",""
"2802","1","1","4","1","4","2","4","3","1","4","1","5","4","5","5","5","3","1","4","5","1","2","2","3","2","2","She talks a lot and even scolds us when we don't take enough care of her. She was jealous of our children for a long time."
"2803","5","2","3","1","3","3","4","3","4","4","3","4","4","3","3","3","4","1","1","3","3","4","2","3","2","2",""
"2808","5","1","3","6","3","3","4","3","5","4","3","5","5","5","5","1","4","1","3","2","3","3","1","3","2","5",""
"2809","13","2","3","3","3","2","3","2","3","3","3","3","2","3","3","3","1","1","1","1","1","3","3","3","2","2",""
"2811","13","2","3","3","4","3","4","3","1","4","1","4","4","4","5","5","2","3","1","4","4","2","2","3","2","3",""
"2819","13","2","4","1","4","3","3","3","4","4","3","4","4","3","4","4","5","1","3","3","2","4","3","3","2","3","Disability in the hind legs preventing jumping"
"2820","5","2","3","3","4","3","1","4","1","4","1","5","4","5","5","5","2","1","2","1","4","4","2","3","2","2",""
"2822","12","1","2","2","3","3","3","3","4","4","5","5","5","4","4","5","4","5","5","5","5","4","1","3","2","2",""
"2823","1","1","3","6","4","3","3","2","2","2","2","5","4","4","4","4","2","2","4","3","2","4","3","3","2","1",""
"2828","1","1","3","1","4","3","2","4","4","1","3","5","5","5","5","3","4","3","4","3","5","5","5","3","2","2","Ohana only has one master and is affectionate only with me"
"2830","5","2","3","2","3","3","4","4","1","4","4","5","5","5","5","5","1","2","1","1","3","5","5","3","2","5",""
"2831","5","2","3","3","3","1","4","3","3","4","4","5","5","5","4","4","4","3","4","5","4","3","3","3","2","2",""
"2833","7","2","2","2","3","2","3","4","1","5","3","5","5","5","5","4","1","1","1","1","1","4","2","3","2","2","He has some difficulty hunting but my other cat brings him prey and he plays with it."
"2834","7","2","3","2","4","3","3","3","4","5","5","4","4","4","5","3","2","1","1","1","2","2","3","3","2","3",""
"2836","6","2","3","6","4","1","4","3","1","3","2","4","5","5","4","4","5","4","3","5","4","4","3","3","2","4","Dominance does not exist. You should review your fundamentals and train yourself properly."
"2838","13","1","3","2","4","3","3","3","3","3","2","4","5","3","4","2","3","2","4","3","2","4","3","3","2","5",""
"2839","8","2","3","1","4","3","2","3","1","4","1","4","1","4","5","5","1","1","1","1","1","3","3","3","2","2",""
"2841","1","2","2","2","3","3","4","3","1","2","1","5","1","4","4","5","1","3","2","1","3","3","4","3","2","4",""
"2842","8","2","3","1","3","3","3","3","4","5","3","4","2","4","4","2","2","1","3","4","2","3","3","3","2","4","Loves brushing"
"2843","13","2","4","2","3","3","2","3","3","4","4","5","5","3","5","1","5","3","5","5","5","5","5","3","2","2",""
"2845","8","1","3","3","2","3","3","3","2","4","2","5","5","4","5","5","2","1","1","1","2","2","4","3","2","2",""
"2849","1","2","2","3","4","3","2","3","1","1","1","4","4","5","3","2","3","4","4","3","2","4","3","3","2","3","He goes out in a harness because he is young, but this summer I think I will let him go for good."
"2850","2","2","3","2","4","3","4","2","4","2","2","4","4","2","3","1","2","3","3","3","4","3","2","3","2","5",""
"2856","6","2","3","2","2","2","3","3","1","4","1","3","4","3","3","5","4","2","5","1","3","3","3","3","2","2",""
"2860","7","1","4","2","4","3","4","3","4","4","1","5","3","4","5","4","5","3","3","2","2","4","5","3","2","2",""
"2861","13","1","3","2","3","3","2","3","3","5","3","3","5","3","4","4","5","1","1","1","1","3","1","3","2","2","Extreme kindness"
"2862","7","2","3","1","4","2","3","3","2","2","4","4","4","4","5","4","1","2","3","4","2","4","2","3","2","2","After an animal communication, my cat acts Dominant outside but says he is afraid of certain cats that he should not meet (he is very small because he was poorly nourished when he was very young) and he loves cuddles and our presence (which he wants to be total when he is there ??)"
"2863","5","1","3","2","3","1","3","2","5","4","1","3","4","4","4","3","2","2","2","4","3","2","3","3","2","3","Loves to talk! (interaction with us)"
"2864","1","2","1","1","4","3","3","4","1","3","3","5","4","4","5","5","1","2","4","3","3","4","2","3","2","3",""
"2866","1","1","2","1","3","2","3","3","1","4","1","4","4","4","5","4","2","1","2","1","2","4","4","3","2","2",""
"2874","13","2","2","2","3","3","3","3","3","4","2","3","4","2","4","4","2","4","3","4","4","4","4","3","2","3","He's a big fat guy"
"2876","13","2","3","4","3","3","3","3","3","2","1","5","4","4","5","4","4","2","4","4","4","3","4","3","2","3",""
"2877","13","2","2","2","3","2","4","3","4","4","4","5","5","5","5","4","2","1","1","1","1","5","5","3","2","1","I answered your questionnaire to give information. I do not agree with the declaration of cats as harmful to the environment. The problem comes from their uncontrolled reproduction by humans. We do not compare domestic cats and wild boars ... Hunters and environmentalists who treat them as an enemy are wrong. OK they hunt birds or mice, man destroys nature much more and causes the rarefaction of garden birds by his actions much more than the cats who catch them. I have had 2 cats for 11 years and they brought me 2 birds. Tits and robins come to eat in our small city garden, they manage despite the cats. I did not get cats to keep them locked up in the house as some want, it will not prove anything and it will be too late for the well-being of our cats. Kind regards"
"2881","5","1","4","1","3","2","3","2","1","4","1","5","5","5","3","3","4","1","5","5","2","3","2","3","2","2",""
"2882","5","1","4","3","4","3","2","4","4","3","5","4","5","4","2","1","5","2","1","4","2","5","3","3","2","2","Fearful, she doesn't venture out, she hunts very little"
"2884","5","2","3","2","3","2","3","4","4","4","2","4","2","2","5","2","2","1","1","1","1","4","4","3","2","2",""
"2885","5","2","4","2","3","2","4","4","2","5","2","5","4","4","4","4","2","1","4","1","1","4","1","3","2","3",""
"2888","5","1","3","4","3","3","3","3","5","5","5","4","4","4","3","1","2","3","1","4","3","3","3","3","2","2",""
"2892","5","2","3","1","4","3","4","2","3","4","1","5","5","4","3","3","2","4","4","2","5","1","4","3","2","3",""
"2893","7","2","4","1","3","2","3","3","3","4","3","4","4","4","4","4","3","1","3","3","1","3","3","3","2","2",""
"2897","5","2","3","1","3","3","4","2","5","3","2","2","2","2","2","2","3","1","1","2","1","3","4","3","2","3","""possessive old boy""... ??"
"2899","1","2","3","3","4","3","4","3","3","4","1","5","4","4","4","3","3","2","3","2","3","4","2","3","2","2",""
"2902","5","1","2","2","4","3","3","3","1","3","3","4","4","4","4","3","2","2","2","3","3","4","4","3","2","2","She is very stubborn"
"2904","13","2","3","2","4","3","3","3","3","4","3","4","3","3","4","4","2","2","2","3","2","2","4","3","2","3",""
"2905","1","2","3","2","2","1","3","4","1","1","1","5","5","5","5","2","1","1","5","4","2","4","1","3","2","1",""
"2907","1","2","3","6","4","2","3","3","1","1","1","5","5","5","5","5","1","1","5","5","5","5","1","3","2","2",""
"2910","5","2","3","2","2","2","4","3","3","2","1","4","3","4","5","4","2","3","4","4","4","4","5","3","2","4",""
"2914","10","2","4","6","4","3","3","2","3","4","2","4","4","4","5","4","4","1","5","3","2","4","1","3","2","1",""
"2915","1","2","3","1","4","3","4","3","4","4","3","5","5","3","5","3","4","1","2","2","2","5","2","3","2","5",""
"2916","10","2","3","2","4","3","3","3","2","4","3","4","4","4","4","5","2","2","2","2","4","4","2","3","2","5",""
"2919","5","1","4","3","4","2","4","3","4","4","4","4","4","4","2","4","4","1","1","3","5","4","1","3","2","5","She is a reserved and fearful cat because she was beaten, recovered from the SPA 10 years ago. I can understand her fears given the state she was recovered in. She has gotten used to our family but does not approach anyone else."
"2920","5","2","3","3","4","2","4","4","1","4","3","2","4","1","5","5","2","1","5","3","1","5","1","3","2","5",""
"2921","5","1","3","4","4","3","3","3","2","2","2","3","3","3","3","2","1","2","3","3","3","3","3","3","2","4",""
"2922","8","2","3","1","3","2","2","3","2","5","4","5","4","5","5","2","1","1","3","4","1","4","1","3","2","4","Cat dog. Follows us everywhere, is not more than a meter from me."
"2925","6","1","3","6","3","1","3","3","2","4","1","4","5","5","4","4","1","1","1","1","1","5","4","3","2","2",""
"2927","5","1","3","5","4","3","3","4","3","4","3","4","2","3","5","4","4","1","1","1","2","4","4","3","2","5",""
"2928","13","1","3","2","4","3","3","3","1","3","4","4","3","3","2","4","3","1","2","3","3","4","4","3","2","5","She brings back lizards too"
"2931","5","2","3","3","4","1","4","3","2","4","1","5","5","5","5","3","2","1","1","1","1","1","1","3","2","5",""
"2933","5","1","3","6","4","3","2","4","1","5","4","5","5","5","5","4","5","1","1","1","3","5","3","3","2","2",""
"2934","1","2","3","5","3","3","3","3","1","4","1","4","4","4","4","4","1","1","4","3","4","4","3","3","2","3",""
"2936","8","1","3","1","4","3","3","2","3","3","3","3","3","3","3","2","3","2","3","3","3","3","3","3","2","2",""
"2937","8","1","3","1","4","3","3","2","4","4","4","4","4","3","5","2","4","3","3","3","3","4","4","3","2","2",""
"2938","13","2","1","6","4","3","3","4","2","2","2","5","5","5","5","2","2","3","2","1","2","3","3","3","2","2",""
"2941","9","1","3","1","3","2","2","4","3","3","3","5","5","5","5","5","3","1","3","3","1","3","2","3","2","1","purebred cat living mainly indoors and when it goes out is secured with a large 6 meter leash. the only predation on a bird occurred at home when a bird fell into the stove, it was she who spotted it and alerted it. She jumped on the bird, blocked it on the ground but let me take it without aggression."
"2942","10","1","1","2","2","1","4","3","1","3","3","5","5","4","4","5","1","1","1","1","1","4","2","3","2","1","It mainly catches lizards."
"2943","10","1","2","2","2","1","4","2","5","2","4","5","5","5","2","1","5","1","2","4","3","5","2","3","2","2",""
"2945","13","1","2","2","3","2","3","3","2","1","2","5","5","5","4","1","2","2","4","4","4","2","4","3","2","2","Very playful and perhaps imper-active. Very affectionate with her brother (same litter), almost maternal with him (poorly weaned, he is a little older)"
"2947","13","1","3","1","4","3","3","3","2","4","3","5","4","4","4","4","3","1","4","4","2","4","3","3","2","2",""
"2950","5","1","4","2","3","2","2","4","3","5","1","4","4","4","5","4","4","1","5","5","5","4","4","3","2","3",""
"2952","12","2","3","6","4","3","2","4","3","2","3","1","1","1","1","1","3","3","3","3","3","1","2","3","2","2",""
"2953","13","1","3","6","4","1","3","4","4","4","1","1","1","1","1","2","3","1","1","3","4","4","4","3","2","3","A life without a cat is inconceivable for me"
"2955","5","2","3","4","4","2","3","3","4","4","2","4","4","4","4","4","2","2","2","2","2","4","4","3","2","2",""
"2956","7","2","4","1","3","2","3","3","1","5","1","5","5","3","5","5","3","1","5","1","1","4","2","3","2","1",""
"2958","5","2","4","2","4","3","4","4","1","3","2","5","5","5","5","1","2","1","3","4","2","5","2","3","2","5",""
"2963","10","1","3","4","4","2","4","3","2","4","1","3","4","3","4","4","2","1","3","3","4","3","3","3","2","3","She goes hunting mainly in spring and summer, in winter I don't find any ""remainder"" of hunting party"
"2970","5","1","3","3","4","3","3","3","2","3","1","3","3","3","3","2","3","3","3","2","3","3","3","3","2","2",""
"2971","6","1","1","3","3","2","3","3","1","1","1","4","3","5","4","4","1","1","2","1","3","2","4","3","2","2","Need to be accepted by two cats (Mother and daughter of 5 and 6 years old). She arrived at 3 months and is four months old. Need to have interactions with them"
"2972","9","2","3","2","4","3","2","4","2","3","2","4","4","4","5","4","1","1","3","2","4","3","2","3","2","1","He brought back and played with a slow worm. He didn't kill it ?? same for his one and only bird. The bird flew away 1x that I removed from his mouth."
"2974","8","2","3","2","3","3","3","3","1","4","3","3","2","3","2","5","4","2","2","3","2","4","4","3","2","3",""
"2975","13","2","3","1","3","3","3","3","5","4","5","4","4","3","4","2","3","1","1","1","1","1","3","3","2","2","He loves the heat"
"2980","13","2","3","2","4","3","4","2","2","3","2","4","4","4","5","5","4","4","5","4","3","4","3","3","2","4",""
"2985","13","1","2","2","4","3","4","2","4","5","2","4","3","2","4","4","2","1","2","1","3","2","4","3","2","2",""
"2989","13","1","4","2","4","3","1","4","3","4","4","5","4","2","4","5","2","2","4","5","5","4","4","3","2","1",""
"2993","13","1","4","3","4","2","4","3","4","4","3","4","5","3","5","3","4","1","1","1","2","3","3","3","1","1","She is not a hunter at all, while her mother and grandmother were excellent hunters and she stayed with them until she was over 6 months old. In summer she comes in very little, unlike in winter when she goes out very little, due to the outside temperature."
"2994","6","1","2","3","3","1","3","3","4","2","4","4","4","4","4","4","1","3","4","1","4","1","4","3","1","4",""
"2995","2","2","1","1","4","3","1","3","1","4","3","4","4","4","4","4","2","3","2","3","4","4","4","3","1","1",""
"2996","2","2","2","5","4","3","1","4","2","2","1","5","3","5","4","2","2","3","4","2","3","2","2","3","1","1",""
"2997","2","1","1","1","4","3","1","2","5","5","3","5","5","5","4","5","1","1","4","1","1","3","2","3","1","1",""
"2998","2","2","2","2","4","3","2","3","4","4","3","4","4","4","4","4","1","1","2","1","1","4","3","3","1","1","Indoor cat drowning his stuffed animals in his water bowl"
"2999","2","1","2","2","4","3","2","3","1","4","1","4","4","4","3","4","1","1","1","1","1","4","3","3","1","1",""
"3002","2","2","2","1","3","2","1","3","3","4","3","4","4","4","4","4","3","2","3","3","3","4","5","3","1","1","Purebred cat doesn't go out because the avenue is very busy. Afraid it will be stolen"
"3003","2","1","3","1","4","3","1","3","2","4","4","4","4","4","5","5","4","1","2","3","3","3","4","3","1","1",""
"3004","2","1","3","2","3","3","1","4","2","2","1","3","2","3","2","2","2","1","2","2","2","2","2","3","1","1",""
"3005","2","1","3","3","4","3","1","3","4","3","1","5","5","5","5","2","2","1","5","1","1","5","5","3","1","1","Breeding cat family type breeding"
"3006","2","1","4","2","3","3","2","3","4","4","4","5","3","3","5","4","1","1","1","4","2","5","5","3","1","2",""
"3007","2","1","3","1","4","3","3","4","1","3","2","5","2","4","5","5","1","1","1","1","3","5","4","3","1","2","Sterilized, only goes out in our 5000m? field under supervision."
"3008","2","2","2","1","3","2","3","3","3","4","3","4","4","4","4","4","1","1","1","1","1","1","1","3","1","1","He is very cuddly, even if we let him out he always comes back.
 He sleeps with us and is really a lap cat."
"3009","2","1","3","2","4","3","2","3","4","4","3","4","3","4","4","4","2","1","1","1","1","3","4","3","1","1",""
"3010","2","2","3","1","4","3","1","3","2","5","1","5","4","4","5","3","5","1","1","4","1","5","4","3","1","1",""
"3016","6","2","3","2","4","3","3","3","4","2","4","3","4","4","5","4","2","2","5","2","4","4","3","3","1","2","He loves to play and sleep on the children's bed, he gets along very well with my 2nd cat but wants to dominate"
"3017","13","1","3","2","4","3","3","3","1","4","2","5","5","5","5","2","2","2","3","3","3","4","3","3","1","1",""
"3026","5","1","1","6","3","2","1","3","1","1","1","4","3","4","4","3","1","5","3","3","4","2","4","3","1","1",""
"3027","11","1","1","1","3","3","1","4","4","2","3","5","5","5","5","4","2","1","3","3","2","2","4","3","1","1",""
"3029","11","2","2","6","3","1","1","4","4","5","5","5","5","4","5","4","2","2","4","2","2","2","1","3","1","1",""
"3032","2","1","3","1","4","3","1","3","3","5","4","5","5","5","5","4","1","1","1","4","3","5","3","3","1","1",""
"3033","2","2","3","2","4","3","1","4","1","5","2","4","4","4","3","3","3","2","4","3","2","4","1","3","1","1",""
"3036","2","2","4","2","2","1","2","4","4","5","2","2","4","4","5","5","4","1","1","1","3","5","4","3","1","1",""
"3037","2","1","3","2","2","1","2","4","1","2","1","4","4","4","4","4","1","1","5","1","2","5","5","3","1","1",""
"3038","13","1","3","6","3","2","1","3","4","3","1","4","4","3","2","3","4","3","4","3","2","4","3","3","1","1","British Longhair - why not look at indoor behaviors; playing alone or only if stimulated / Retrieves objects / Initiates play with other cats or humans.... Good job"
"3039","2","1","3","4","4","3","2","3","2","4","1","5","5","5","5","4","2","1","4","1","1","5","1","3","1","1","No free access to the outside of the enclosure, so no capture of animals"
"3040","2","2","1","1","2","1","1","4","1","3","1","5","3","5","5","5","2","1","1","1","1","4","2","3","1","1",""
"3041","2","1","3","3","4","3","1","4","4","4","4","5","5","5","5","5","1","4","5","2","4","5","3","3","1","1",""
"3042","13","2","4","2","3","2","3","3","2","4","2","5","5","5","5","3","3","1","3","3","3","5","2","3","1","2",""
"3043","5","2","3","3","4","3","1","4","4","5","2","5","5","5","5","4","1","1","2","1","3","5","5","3","1","1","This cat no longer goes out but was a very good hunter of small mammals."
"3045","2","2","2","1","2","2","1","4","2","5","5","4","3","4","5","3","1","1","3","1","2","3","5","3","1","1",""
"3047","2","2","1","1","4","2","3","4","2","4","2","3","3","3","2","4","4","1","1","1","2","4","2","3","1","2","He is quite independent, doesn't like to be picked up but is always very close to his owners. He also sleeps all night like us."
"3048","2","1","2","1","2","3","2","3","1","2","3","5","5","5","4","4","4","1","4","3","2","4","5","3","1","1","It certainly doesn't kill mammals, but not all insects that enter the apartment come out alive :)"
"3049","2","1","3","6","4","3","1","3","2","5","4","2","2","4","5","4","4","2","2","2","2","4","4","3","1","1",""
"3050","2","2","2","1","4","3","1","4","4","4","4","4","4","4","2","4","2","1","1","1","3","4","2","3","1","1",""
"3051","2","2","1","5","4","3","1","4","1","2","1","5","5","5","5","2","1","1","1","1","1","1","1","3","1","1",""
"3052","2","2","1","1","2","1","1","3","1","4","1","5","5","5","5","5","2","1","1","1","2","4","4","3","1","2",""
"3053","7","2","1","2","4","3","1","4","1","3","1","4","4","5","5","5","3","1","2","1","1","3","3","3","1","1","Living room cats. They don't go outside."
"3054","5","2","3","1","2","3","2","2","1","1","2","3","3","3","2","2","3","3","3","3","3","3","3","3","1","1",""
"3055","7","2","3","2","4","2","2","3","2","4","2","5","2","2","5","4","2","1","4","2","1","4","4","3","1","1","My cat can't hunt because he goes out on a leash"
"3056","7","2","3","2","2","2","1","4","4","3","2","4","5","5","5","3","4","1","1","1","4","2","1","3","1","4",""
"3058","2","2","3","6","4","3","1","4","1","4","1","5","4","3","5","5","2","1","2","1","1","3","3","3","1","1",""
"3059","2","2","2","1","2","2","2","3","2","4","3","4","4","4","4","4","2","1","1","1","1","3","3","3","1","1",""
"3060","2","1","1","3","4","3","1","3","1","4","2","5","5","5","5","4","2","1","3","1","2","4","2","3","1","1","My cat is 6 months old, it's winter, she hasn't been out alone yet, in the spring we'll start teaching her to go outside like we did with our two other cats"
"3062","7","2","3","1","3","3","1","3","4","5","3","5","3","2","5","3","2","1","3","4","3","5","4","3","1","1",""
"3063","7","1","3","3","4","3","1","3","1","4","3","4","4","4","4","4","2","1","1","1","1","1","1","3","1","1",""
"3064","2","2","3","1","3","2","3","3","1","5","1","5","4","4","4","4","4","1","1","1","1","4","4","3","1","1","Long hair maintenance difficult despite daily brushing - hair clumps-"
"3065","7","2","3","1","2","2","2","3","3","5","4","5","5","5","5","4","3","1","1","1","1","5","4","3","1","1",""
"3066","7","2","3","1","4","3","2","3","3","2","4","5","4","4","4","4","2","3","1","3","1","5","4","3","1","1",""
"3067","6","2","4","6","4","3","3","3","1","3","1","3","1","3","3","3","1","1","3","1","2","2","2","3","1","1","Only go out into the garden under supervision."
"3069","10","1","4","4","4","1","2","4","1","1","1","5","5","5","5","5","1","1","4","1","1","1","5","3","1","1",""
"3070","7","2","2","1","3","3","1","2","1","4","3","5","5","4","3","5","4","1","2","3","2","2","2","3","1","1",""
"3071","6","2","3","1","2","1","3","4","2","5","1","5","4","5","5","4","4","1","1","1","1","4","5","3","1","1","Cat going out in harness and lead"
"3072","7","2","2","1","4","1","3","3","4","4","3","4","4","4","5","4","3","2","3","3","2","4","3","3","1","1",""
"3073","2","1","3","1","3","1","1","3","2","1","3","4","4","4","4","4","4","1","1","1","1","3","3","3","1","1",""
"3074","7","1","3","1","4","3","1","3","3","3","1","3","3","1","3","3","3","1","1","1","1","3","3","3","1","1",""
"3075","7","2","3","1","4","3","4","3","2","2","1","5","4","4","4","4","3","1","3","4","2","3","2","3","1","5",""
"3076","5","2","1","5","3","2","1","3","2","1","1","4","2","4","5","4","4","3","3","2","2","2","2","3","1","1",""
"3077","2","2","1","1","1","1","1","4","3","2","3","4","5","4","4","4","1","1","2","3","3","3","5","3","1","1",""
"3078","5","2","3","1","4","3","3","4","1","2","4","4","4","4","5","4","5","1","5","5","5","5","1","3","1","2",""
"3080","1","1","1","2","4","3","2","3","2","2","2","5","4","4","4","3","3","2","4","2","3","3","2","3","1","1",""
"3081","7","2","3","5","4","3","1","3","2","2","2","2","2","2","3","3","3","1","1","3","1","1","3","3","1","1",""
"3082","6","2","2","3","4","3","1","3","4","2","1","5","4","5","4","4","1","4","3","2","3","4","2","3","1","1","The last 2 questions are useless if a cat does not go out. However, from the window he cackles at a bird or a lizard. It is instinctive he has not hunted"
"3083","6","1","3","3","4","3","1","3","4","5","3","4","4","2","4","4","2","1","1","3","1","4","2","3","1","1","She doesn't go out 0 but the windows are televisions: a bird in the garden, a lizard on the terrace and she sings"
"3084","6","1","1","3","4","3","1","4","1","5","1","4","4","5","3","4","1","3","1","1","5","1","5","3","1","1","This is a 12 week old kitten. Unlike her parents, she has no interest in birds and other things that pass outside at eye level. For the moment she is chasing champagne corks, roselan, balls of paper and anything that passes under her paws."
"3086","1","2","2","1","3","1","1","3","4","2","3","4","3","4","4","3","1","2","4","3","4","4","4","3","1","1","He doesn't go out"
"3087","2","1","3","4","3","3","1","4","1","3","2","4","4","4","4","3","4","1","4","3","2","4","2","3","1","1",""
"3088","6","2","3","2","4","3","2","3","3","4","3","4","3","5","5","2","1","1","1","1","1","3","1","3","1","1",""
"3089","1","1","3","2","4","2","2","2","2","4","2","4","4","3","4","4","2","1","2","2","2","4","3","3","1","1","Gluttonous and unable to regulate her appetite and diet alone"
"3091","1","2","2","2","3","3","2","4","2","2","1","5","5","5","3","4","2","3","4","2","3","2","4","3","1","1","My cat goes out on a leash and in his large outdoor hideout"
"3093","13","1","3","4","4","3","1","3","1","2","1","5","4","4","5","5","1","2","3","3","4","4","3","3","1","1","Our Cornish Rex kitten is not allowed to go outside... otherwise she would be an excellent hunter."
"3094","1","1","2","5","4","3","1","3","2","3","3","5","5","5","4","3","3","2","4","4","3","4","4","3","1","1","Very talkative,"
"3095","1","2","3","3","3","3","1","3","3","2","3","4","2","4","4","3","1","3","1","1","4","1","4","3","1","1",""
"3096","2","1","3","4","3","2","2","4","2","5","2","3","2","2","5","5","2","1","2","1","2","5","1","3","1","1","She sucks at hunting, 0 predatory spirit. Her only goal: to get cuddles.
 Her daughter has more of a predatory spirit (lizards, grasshoppers)"
"3097","2","1","2","4","3","2","3","3","3","3","2","4","4","4","5","4","2","2","4","3","3","4","3","3","1","1","Passion for lizards and grasshoppers"
"3098","6","1","3","1","3","2","1","3","1","4","1","5","5","4","5","5","2","1","3","3","3","4","4","3","1","1",""
"3099","1","1","3","2","4","3","1","3","1","1","4","5","5","5","5","4","1","4","3","4","4","2","4","3","1","1",""
"3102","7","1","1","1","4","2","2","4","5","2","5","4","4","4","5","1","1","1","1","1","3","5","4","3","1","1",""
"3103","6","2","2","1","3","1","1","3","3","3","2","3","3","3","2","3","2","1","1","1","1","1","2","3","1","1","A house cat who would love to go to the garden but it's impossible"
"3104","6","2","3","6","4","3","4","3","1","4","2","5","4","5","5","5","1","1","1","1","4","5","4","3","1","1","Shares his life between the house and a secure 600 m2 garden with 5 other cats + 1 dog. No free outings in the countryside, no intrusions by other neighborhood cats into the secure garden."
"3105","6","2","4","1","2","1","2","3","1","5","1","4","4","4","5","5","1","1","1","1","1","4","4","3","1","1","He plays with a fake mouse and brings it to me to play"
"3106","6","2","2","5","4","3","1","4","1","3","1","4","4","4","4","4","1","1","2","1","1","3","2","3","1","1","He only goes out in a harness, we are always with them in this kind of case."
"3108","7","2","1","1","4","3","2","3","4","4","3","4","4","4","4","2","4","1","1","3","2","4","4","3","1","1",""
"3109","7","2","3","1","4","3","2","3","2","5","3","5","3","3","5","4","3","1","1","1","1","1","5","3","1","1",""
"3110","2","2","1","1","3","2","3","4","1","4","1","4","4","4","4","3","3","1","4","3","3","4","3","3","1","1","Tried to hunt but caught nothing except grasshopper and fly"
"3113","7","2","2","1","3","1","2","2","4","5","3","3","2","2","4","4","5","1","1","3","1","4","4","3","1","1",""
"3114","7","1","3","2","4","3","1","3","3","5","3","4","4","4","4","3","3","2","4","3","3","4","2","3","1","1","I have two PER cats. I answered for one of the two."
"3115","6","2","3","3","4","3","1","4","3","4","1","5","5","5","4","1","3","5","5","4","4","4","2","3","1","1",""
"3116","6","1","1","3","4","3","1","4","1","2","1","5","5","5","5","5","3","1","1","1","2","5","4","3","1","1",""
"3117","6","2","1","4","4","3","2","4","1","2","1","5","5","5","5","4","1","2","2","1","4","4","4","3","1","2","Very affectionate"
"3118","6","2","3","2","4","1","2","4","3","4","1","4","3","3","3","4","3","1","3","1","3","3","2","3","1","2",""
"3119","2","1","2","1","4","3","1","3","1","4","1","5","4","5","5","5","2","1","1","1","1","3","3","3","1","1","My cat has not been taken out of the house for her safety. Too scared of seeing her get crushed or poisoned...
 Good luck to you"
"3120","6","2","3","3","4","2","3","3","1","4","1","3","4","4","4","4","1","3","3","4","4","3","4","3","1","1",""
"3121","2","2","3","3","4","3","1","3","2","2","1","4","4","4","5","4","4","4","4","3","3","4","3","3","1","1",""
"3122","7","1","2","2","4","3","1","4","4","5","3","4","4","5","2","2","5","2","4","3","2","4","2","3","1","1",""
"3124","7","1","4","1","4","2","1","3","1","5","1","3","4","4","3","2","4","1","2","5","4","3","4","3","1","1",""
"3125","1","1","3","2","4","3","1","2","1","5","3","5","2","5","4","5","2","4","2","1","1","2","5","3","1","1",""
"3127","7","2","3","5","4","2","2","3","3","5","2","5","3","3","5","3","3","2","3","2","3","5","3","3","1","1","The PER is naturally calm, placid and mine does not hunt"
"3128","9","1","1","4","4","3","1","4","1","3","1","5","5","5","5","5","1","4","1","1","3","4","3","3","1","1",""
"3129","7","1","3","5","4","2","3","3","3","5","3","5","3","3","5","3","3","2","3","2","2","3","2","3","1","1","Idylle my F PER likes to go into the garden on sunny days but doesn't hunt. Otherwise she likes the bed and sofas"
"3130","7","1","2","2","3","3","1","3","4","3","3","3","4","4","3","2","3","1","2","3","1","2","3","3","1","1",""
"3131","2","2","3","1","4","2","2","3","3","4","3","4","3","3","5","5","4","1","1","3","3","4","4","3","1","1",""
"3132","6","1","3","2","4","1","3","3","2","4","2","5","3","4","5","4","2","1","4","3","3","3","3","3","1","1",""
"3133","6","2","3","2","4","1","3","3","2","4","2","5","4","4","5","4","2","1","3","2","3","3","3","3","1","1",""
"3135","2","2","3","2","3","1","1","4","2","5","2","5","3","3","5","4","1","2","3","2","3","4","3","3","1","1",""
"3136","7","1","3","1","4","3","2","3","1","2","1","4","5","5","4","3","3","4","5","5","2","2","4","3","1","1","She doesn't want people to touch certain things that belong to her. For example, she doesn't want people to touch her grass plant."
"3138","6","1","2","4","3","2","1","3","4","3","2","5","5","4","4","2","3","1","1","1","1","2","1","3","1","1",""
"3139","6","2","3","6","4","2","2","3","1","2","1","3","3","3","3","3","3","1","1","1","1","3","3","3","1","1",""
"3140","7","1","3","1","4","3","1","4","4","2","5","5","5","5","5","1","4","1","1","1","1","3","4","3","1","1","My cat PER was born blind but is doing very well"
"3141","6","1","1","3","4","3","1","4","2","2","1","2","2","2","2","1","2","1","2","1","2","2","2","3","1","1",""
"3143","1","2","1","1","3","3","1","3","2","4","3","5","5","3","5","5","3","1","2","3","1","3","5","3","1","1",""
"3144","1","1","1","5","3","2","1","3","2","2","1","5","5","5","5","4","2","3","5","4","5","2","3","3","1","1",""
"0","1","1","1","3","2","3","1","4","1","2","1","5","5","4","5","3","2","3","2","3","2","4","4","3","1","1",""
"0","1","2","3","1","3","1","2","4","1","1","1","5","5","5","1","2","1","2","3","1","2","4","4","3","1","1",""
"0","1","2","2","2","2","1","3","3","2","5","5","4","2","4","5","4","4","2","1","4","4","3","2","3","1","2",""
"0","1","2","3","2","2","3","2","3","3","4","1","4","4","5","4","4","1","3","1","2","2","4","4","2","1","1",""
"0","1","2","2","4","4","1","1","3","1","3","1","4","4","5","5","3","3","2","5","4","4","3","3","2","1","1",""
"0","1","1","3","1","3","3","2","3","4","1","1","5","5","5","3","3","1","1","3","3","4","3","1","1","1","1",""
"0","1","1","2","1","4","3","2","4","4","3","1","4","3","5","5","4","2","1","4","3","4","4","4","2","1","1",""
"0","1","2","1","2","2","3","2","2","4","1","1","4","5","4","4","1","2","2","3","1","4","4","3","2","1","1",""
"0","1","1","2","1","2","1","3","3","1","4","4","5","2","4","5","1","4","2","3","3","1","3","3","1","1","1",""
"0","1","2","3","1","2","1","3","4","2","4","5","5","5","3","5","4","1","1","3","1","3","3","3","1","1","1",""
"0","1","2","3","1","4","2","1","3","1","2","1","4","5","4","5","4","1","1","1","3","2","4","4","3","1","1",""
"0","1","1","2","2","2","3","4","3","2","3","3","5","5","4","3","3","2","3","3","1","3","4","2","1","1","1",""
"0","1","1","3","1","4","3","2","3","1","4","5","5","5","3","4","2","3","1","4","2","1","2","2","1","1","1",""
"0","1","2","2","2","3","1","2","3","4","3","2","5","4","3","4","1","1","2","1","1","1","4","2","1","1","1",""
"0","1","2","3","2","4","2","2","3","1","1","1","5","4","5","5","4","2","2","1","1","1","4","2","3","1","1",""
"0","1","1","2","3","3","3","1","3","2","1","3","5","4","5","5","4","4","3","4","4","1","3","4","2","1","1",""
"0","1","2","3","1","3","1","2","4","1","2","1","5","5","5","1","1","3","1","5","1","2","3","4","2","1","1",""
"0","1","1","2","2","4","3","1","3","4","1","3","4","4","4","3","3","3","1","2","2","2","4","3","3","1","1",""
"0","1","2","2","1","4","3","4","3","1","4","1","4","4","5","5","3","1","2","5","3","1","2","3","1","1","1",""
"0","1","2","2","1","3","3","1","3","1","4","1","4","5","2","2","4","1","2","4","1","4","4","1","2","1","1",""
"0","1","2","1","2","1","2","1","4","1","1","2","2","4","3","5","4","1","3","5","5","4","4","3","2","1","1",""
"0","1","2","1","1","2","1","2","3","1","5","1","5","4","4","1","3","4","2","1","1","5","2","3","1","1","1",""
"0","1","2","2","1","4","1","1","3","2","4","5","4","3","4","5","2","2","4","2","3","3","4","3","3","1","1",""
"0","1","2","3","1","2","2","1","3","1","3","2","5","3","3","4","5","2","2","1","4","4","4","3","3","1","1",""
"0","1","2","2","6","2","1","1","3","1","1","2","4","5","5","3","5","3","3","5","5","1","2","3","1","1","1",""
"0","1","2","1","1","3","3","3","3","1","4","1","2","4","5","5","4","4","1","3","1","4","1","5","2","1","5",""
"0","1","2","1","1","2","1","2","3","4","2","1","5","3","4","5","5","3","1","4","1","4","3","3","3","1","1",""
"0","1","1","3","1","4","1","2","2","5","2","5","5","4","4","5","5","1","5","4","1","4","3","4","1","1","3",""
"0","1","1","2","2","4","2","2","3","4","2","1","3","5","3","4","4","1","3","2","4","2","4","5","2","1","1",""
"0","1","1","2","1","4","1","2","3","1","2","2","5","3","5","5","5","2","4","4","4","4","2","1","1","1","3",""
"0","2","1","3","1","3","3","1","3","3","4","5","5","3","5","5","4","4","2","2","3","3","3","3","2","2","1",""
"0","2","2","3","1","3","3","2","4","1","5","3","3","4","4","5","5","2","1","1","1","3","2","3","3","2","1",""
"0","2","2","3","2","4","3","2","4","4","3","2","5","5","5","5","5","1","1","3","1","2","3","2","1","1","1",""
"0","2","2","1","2","3","3","2","3","2","2","1","4","4","3","4","5","5","1","1","2","1","4","3","2","1","4",""
"0","2","1","1","2","4","3","1","3","2","4","4","4","5","4","4","4","2","3","4","1","3","1","3","2","1","2",""
"0","2","2","3","1","3","2","1","3","4","2","1","3","5","5","5","3","3","1","3","2","1","2","3","3","2","1",""
"0","2","1","3","1","2","2","1","2","2","5","5","5","2","4","4","4","3","4","1","1","1","4","4","2","1","4",""
"0","2","2","1","1","4","2","2","4","1","2","2","4","5","5","5","5","3","3","4","2","1","4","3","2","1","1",""
"0","2","2","3","6","2","3","1","3","1","4","4","4","3","3","5","1","1","1","1","2","3","4","5","1","1","1",""
"0","2","1","2","2","3","1","3","3","2","3","1","4","3","3","5","2","1","1","1","1","2","1","5","2","1","1",""
"0","2","2","1","2","4","3","1","3","4","4","1","5","5","4","4","5","1","3","3","3","3","3","3","2","1","2",""
"0","2","1","3","1","3","1","2","4","1","4","3","5","4","4","5","5","1","4","1","1","2","4","3","3","3","1",""
"0","2","2","3","3","4","3","1","3","3","5","2","3","3","5","5","5","2","3","2","1","1","3","4","2","1","1",""
"0","2","1","3","2","4","2","3","3","4","3","3","4","3","3","5","5","2","1","1","4","3","4","4","3","1","2",""
"0","2","1","3","1","4","2","2","3","1","4","1","4","4","4","5","3","5","3","1","3","1","2","4","1","1","3",""
"0","2","1","4","1","2","1","1","4","1","5","3","5","4","4","4","5","1","1","1","1","1","5","3","1","1","1",""
"0","2","2","2","2","3","2","1","2","1","1","4","5","3","5","5","5","4","1","1","4","2","5","3","2","1","1",""
"0","2","2","2","1","4","2","1","3","1","1","3","5","4","5","3","3","2","1","2","1","2","4","2","3","1","1",""
"0","2","1","2","1","4","1","2","3","2","4","2","4","5","5","5","5","3","1","1","1","1","4","2","1","1","1",""
"0","2","2","1","1","2","1","3","2","3","4","3","5","4","4","5","4","1","2","1","1","3","3","4","3","1","1",""
"0","2","2","2","1","4","2","1","2","3","3","1","4","2","3","4","2","3","5","3","1","2","5","3","3","2","1",""
"0","2","2","1","2","3","3","2","4","2","4","1","3","2","4","5","4","3","2","1","4","3","3","1","3","1","1",""
"0","2","1","3","1","4","1","1","4","2","5","2","5","3","5","5","5","2","1","1","2","4","1","3","2","1","1",""
"0","2","2","1","2","3","1","2","3","1","4","3","3","5","4","5","4","1","1","4","4","1","4","3","2","4","1",""
"0","2","2","3","3","4","2","4","4","4","2","2","5","3","3","4","4","2","4","1","4","1","4","5","1","1","2",""
"0","2","1","1","2","3","3","1","4","5","4","2","3","5","4","5","4","4","3","4","4","1","1","3","1","1","1",""
"0","2","2","3","1","4","2","3","4","2","4","2","4","3","5","4","5","5","1","2","2","2","4","4","1","1","1",""
"0","2","1","3","1","4","1","2","4","5","4","4","4","4","4","5","4","2","5","5","3","1","4","3","2","1","1",""
"0","2","1","1","1","3","1","1","3","1","2","3","5","4","4","5","4","1","1","2","3","1","5","3","2","1","1",""
"0","2","2","4","2","3","3","1","3","4","4","3","5","5","4","4","1","1","1","4","2","1","4","4","1","1","1",""
"0","2","2","3","2","1","1","2","3","2","4","1","4","5","4","2","3","2","3","4","2","1","2","3","3","2","1",""
"0","2","1","3","1","4","1","1","4","3","4","2","3","4","4","4","4","1","1","1","3","4","2","2","3","1","1",""
"0","2","2","3","2","4","2","3","3","2","4","4","5","4","5","4","4","3","3","4","2","1","1","5","3","1","1",""
"0","2","1","3","3","2","1","1","3","2","3","1","3","4","4","5","4","4","1","5","3","3","4","4","2","1","1",""
"0","2","2","3","2","3","2","1","2","4","3","3","5","5","3","5","5","2","2","1","3","2","4","2","2","1","1",""
"0","2","1","2","3","4","2","3","3","1","4","1","4","2","2","5","5","1","1","2","2","2","2","3","3","1","1",""
"0","2","1","3","4","3","2","1","3","4","4","2","4","2","4","5","4","2","2","1","2","2","2","3","2","1","2",""
"0","2","1","1","1","4","2","3","4","1","2","2","4","5","3","4","4","3","1","4","4","1","3","4","3","1","1",""
"0","2","1","1","3","1","3","1","3","1","4","3","5","3","5","3","4","1","2","3","4","1","5","3","3","1","1",""
"0","2","2","1","1","4","3","1","4","4","4","1","4","2","3","4","5","2","1","4","1","1","3","2","2","2","1",""
"0","2","1","2","1","2","1","2","4","1","5","2","5","5","5","4","3","3","2","2","1","2","2","3","2","1","5",""
"0","2","2","3","1","4","2","1","2","1","4","1","5","2","5","5","4","2","1","2","2","1","5","3","3","1","1",""
"0","2","2","2","1","1","1","2","3","1","4","1","5","5","5","4","2","2","1","2","4","1","3","4","3","1","1",""
"0","2","2","3","1","2","1","1","3","2","5","5","4","5","4","5","5","1","4","1","1","5","5","3","2","1","1",""
"0","2","1","1","1","4","1","3","4","2","4","3","4","5","4","5","4","1","1","4","1","1","4","4","2","1","2",""
"0","2","1","1","1","3","2","1","3","4","4","2","5","4","5","4","4","2","1","1","1","1","5","3","2","1","1",""
"0","2","1","3","2","2","1","1","3","4","4","2","4","5","4","5","5","1","1","4","2","1","3","5","2","1","2",""
"0","2","1","3","1","4","1","4","3","4","4","2","4","5","5","4","5","1","1","5","3","5","4","3","2","1","2",""
"0","2","2","2","2","2","2","2","3","3","4","2","5","4","4","5","4","4","1","5","3","3","4","5","2","1","1",""
"0","2","1","3","3","1","1","1","4","2","2","3","5","5","5","5","3","3","2","1","2","1","5","3","1","2","1",""
"0","2","2","2","1","2","1","2","4","1","5","2","5","5","5","5","2","4","4","3","2","2","3","5","2","4","2",""
"0","2","2","1","1","3","3","1","4","5","2","2","5","5","3","3","3","2","1","1","2","3","5","4","3","1","1",""
"0","2","2","2","1","4","3","1","3","1","3","1","5","1","4","2","5","5","1","4","1","3","4","3","2","1","2",""
"0","2","2","1","1","3","3","2","4","1","2","2","2","2","4","4","4","4","1","2","3","1","4","2","3","1","1",""
"0","2","1","2","1","3","2","2","4","2","3","1","3","4","2","5","1","2","2","2","2","3","4","3","2","1","1",""
"0","2","1","1","2","2","3","3","3","4","5","3","4","5","4","5","2","4","1","4","4","4","1","1","2","1","2",""
"0","2","1","3","1","4","3","1","4","4","3","2","3","3","4","3","4","3","2","1","1","3","4","1","1","1","1",""
"0","2","2","4","2","2","2","3","3","2","4","1","4","3","4","5","4","1","1","1","5","2","3","3","1","1","1",""
"0","2","2","3","1","4","3","3","3","1","3","3","5","4","3","5","2","1","2","1","2","1","4","1","3","1","1",""
"0","2","1","3","3","3","3","1","4","2","3","3","4","4","1","4","5","2","3","5","2","1","5","5","1","1","2",""
"0","2","2","2","1","3","1","2","4","1","2","1","4","4","4","2","3","4","1","4","1","1","3","3","1","1","1",""
"0","2","2","1","3","3","1","1","3","1","5","1","3","4","3","5","4","2","1","1","2","3","4","1","1","1","1",""
"0","2","1","1","1","1","2","1","2","4","4","4","4","4","5","4","2","2","1","3","4","1","4","3","2","2","1",""
"0","2","1","3","1","3","3","1","3","1","2","2","5","2","4","5","4","2","1","2","3","2","5","3","2","2","1",""
"0","2","1","1","3","3","3","1","4","1","4","4","3","4","4","5","5","3","1","5","1","3","2","2","2","1","1",""
"0","2","2","3","1","4","3","1","3","1","4","1","5","5","5","4","2","2","1","2","1","2","4","5","2","1","1",""
"0","2","1","1","2","2","2","1","3","1","4","4","5","4","4","5","4","4","1","1","3","1","3","1","3","1","1",""
"0","2","2","2","2","2","1","1","3","2","4","5","4","4","5","4","3","3","4","1","1","3","3","4","1","1","1",""
"0","2","2","3","3","2","3","1","3","2","2","3","4","3","5","5","5","4","3","1","4","3","3","2","1","1","1",""
"0","2","2","3","2","3","1","1","3","3","5","1","4","4","3","2","5","1","3","3","3","4","2","1","3","1","1",""
"0","2","1","3","1","3","3","1","4","1","5","3","5","1","4","3","5","2","1","5","1","4","4","3","2","1","1",""
"0","2","1","3","1","4","3","2","3","1","4","3","4","2","5","2","4","1","1","4","1","1","4","3","1","1","1",""
"0","2","2","1","1","3","3","2","4","2","4","3","5","4","3","4","5","4","1","1","2","2","2","4","2","1","1",""
"0","2","2","4","1","2","2","2","3","1","3","3","4","4","3","4","5","1","1","4","4","3","4","5","1","1","5",""
"0","2","1","2","2","4","2","3","3","5","4","2","5","5","4","5","5","2","1","1","1","1","4","3","2","1","5",""
"0","2","2","3","1","4","1","3","2","2","3","2","4","4","4","2","4","4","1","2","1","3","4","3","3","1","5",""
"0","2","2","2","5","3","2","2","3","2","3","1","4","4","4","5","4","2","1","1","1","1","3","3","3","1","1",""
"0","2","2","1","2","3","2","2","3","1","5","2","5","4","4","4","5","1","1","5","1","1","1","2","1","1","3",""
"0","2","2","3","3","3","3","2","4","1","4","1","4","3","4","5","4","1","2","3","1","1","1","2","1","4","1",""
"0","3","1","2","2","3","3","1","3","5","4","2","5","4","5","5","3","4","3","2","4","2","4","4","2","5","1",""
"0","3","1","1","2","3","3","4","3","3","1","2","5","3","3","5","5","4","1","4","1","1","5","2","2","1","1",""
"0","3","2","1","2","4","3","2","3","2","5","2","4","5","4","5","4","1","1","2","4","2","4","1","1","4","1",""
"0","3","1","3","1","3","2","1","3","1","5","4","4","5","5","5","5","2","2","1","5","2","4","1","1","1","1",""
"0","3","1","2","1","1","3","1","2","3","5","3","4","4","5","4","3","1","1","1","1","3","4","4","2","1","2",""
"0","3","2","3","1","4","1","2","3","1","4","3","5","4","5","5","1","4","2","2","4","4","3","1","2","2","1",""
"0","3","2","2","6","4","3","2","4","4","4","4","4","2","3","4","2","1","2","1","1","5","4","3","3","2","2",""
"0","3","1","2","1","3","1","1","4","2","5","1","4","4","4","2","4","4","1","2","4","3","5","2","3","1","2",""
"0","3","1","1","1","3","2","4","3","1","5","1","4","4","3","4","4","3","1","1","4","3","2","2","3","1","1",""
"0","3","1","3","1","2","2","4","2","3","3","3","4","5","4","4","5","3","1","2","1","4","4","3","3","1","1",""
"0","3","2","2","2","2","2","3","4","2","4","3","4","4","4","5","2","4","1","2","2","3","5","1","3","1","1",""
"0","3","2","3","5","4","2","2","3","5","5","1","4","1","2","4","5","3","1","3","1","2","2","4","2","1","1",""
"0","3","2","3","6","2","2","1","3","4","4","1","3","4","3","4","3","2","1","4","3","1","4","4","2","1","1",""
"0","3","1","1","2","3","2","1","3","1","5","1","4","5","5","2","4","4","1","2","1","1","4","1","3","1","1",""
"0","3","1","1","1","4","2","2","3","1","4","4","5","4","5","4","1","2","2","5","5","1","4","4","3","1","1",""
"0","3","2","4","3","3","3","2","3","1","4","4","4","3","4","5","3","4","1","1","3","3","4","3","2","1","2",""
"0","3","1","1","1","2","3","2","4","4","4","3","3","5","5","5","4","1","2","5","4","2","3","2","3","2","1",""
"0","3","2","3","1","2","1","2","3","1","4","4","3","3","4","3","5","1","1","1","5","4","4","2","3","1","1",""
"0","3","2","2","2","3","3","2","3","2","5","2","4","5","3","4","5","2","1","2","1","2","3","4","1","1","1",""
"0","3","2","3","1","4","2","3","3","2","5","5","5","4","5","3","3","3","1","4","3","2","4","3","2","1","1",""
"0","3","2","2","6","2","1","1","2","4","2","2","5","5","4","4","5","4","1","2","2","1","4","4","1","1","1",""
"0","3","2","2","1","4","2","1","4","4","4","4","5","3","4","5","4","4","1","1","5","3","5","3","2","1","1",""
"0","3","1","2","6","2","3","4","3","1","3","4","4","5","4","3","2","4","1","1","1","1","3","1","2","2","1",""
"0","3","1","3","1","4","1","2","4","1","5","5","5","5","5","3","5","3","1","1","3","1","2","4","1","2","1",""
"0","3","1","3","2","2","2","1","2","2","2","4","5","4","2","5","3","4","1","4","3","1","3","1","1","1","1",""
"0","3","1","3","1","3","1","3","3","4","3","3","4","2","3","3","4","5","1","4","1","1","3","5","3","1","1",""
"0","3","2","1","1","4","3","1","3","1","5","4","4","3","5","5","3","1","2","2","3","3","3","1","2","2","1",""
"0","3","2","3","6","2","2","2","3","4","3","3","4","2","4","1","2","3","1","1","4","1","4","4","1","1","1",""
"0","3","1","1","4","4","2","2","2","1","5","2","4","4","3","4","5","2","1","3","1","2","4","3","3","1","1",""
"0","3","1","3","1","4","2","1","4","4","3","2","4","2","5","2","3","1","2","1","1","2","4","4","2","1","1",""
"0","3","2","1","1","4","1","1","2","4","5","2","4","5","4","2","4","3","2","1","1","5","5","4","3","1","1",""
"0","3","1","3","1","3","1","2","3","1","5","3","4","3","4","3","4","3","4","5","2","4","4","4","2","1","1",""
"0","3","1","3","3","4","1","1","3","4","2","1","4","4","4","2","2","4","1","4","1","1","3","4","1","1","2",""
"0","3","2","1","1","3","1","1","2","2","5","1","1","5","4","4","2","1","3","3","2","2","4","2","3","2","2",""
"0","3","1","2","6","2","3","1","3","2","2","2","3","4","5","4","5","3","1","1","1","4","5","2","1","1","1",""
"0","3","2","3","5","3","2","2","3","1","2","4","4","5","4","4","5","2","1","1","2","1","4","3","1","1","1",""
"0","3","2","3","3","4","2","1","3","1","5","4","3","5","4","4","5","2","2","2","3","1","4","2","3","1","1",""
"0","3","2","3","2","1","3","1","2","3","4","2","5","5","4","5","5","4","1","1","4","1","2","4","1","2","1",""
"0","3","1","2","1","4","3","4","3","1","5","3","3","4","4","3","4","3","1","2","1","1","4","3","3","1","1",""
"0","3","1","3","1","4","1","2","4","2","4","3","5","4","2","5","4","4","1","1","5","3","3","3","1","2","5",""
"0","3","2","2","2","4","2","2","3","1","4","1","4","5","4","5","4","1","1","3","2","1","3","1","1","1","1",""
"0","3","2","1","1","2","1","3","3","4","2","2","3","4","4","4","2","4","4","1","1","4","4","2","2","1","1",""
"0","3","1","1","3","2","1","3","3","1","2","4","4","4","5","5","5","2","1","5","3","1","3","4","3","1","1",""
"0","3","1","1","2","2","1","3","4","1","5","1","2","4","1","4","1","2","1","1","1","1","5","3","2","1","3",""
"0","3","1","3","1","3","1","2","3","4","5","3","4","5","4","4","2","4","1","2","3","4","1","4","2","2","1",""
"0","3","2","1","1","3","3","1","3","4","4","3","3","4","2","3","4","1","2","1","3","3","4","3","3","1","2",""
"0","3","1","2","4","4","3","1","2","3","5","1","4","4","4","4","4","4","4","4","1","3","4","2","3","1","1",""
"0","3","1","2","1","3","3","2","3","2","4","4","4","5","2","4","3","4","1","3","3","1","4","3","1","1","1",""
"0","3","2","2","1","2","2","2","3","1","4","2","4","4","2","5","3","2","1","3","1","4","3","3","3","1","3",""
"0","3","1","1","3","2","3","5","4","4","2","3","1","4","4","5","4","3","2","2","2","1","4","2","3","1","2",""
"0","3","2","3","3","3","3","2","2","3","2","3","3","4","2","5","3","3","2","3","1","2","5","4","2","1","3",""
"0","3","1","2","1","4","1","1","3","1","5","1","4","4","5","2","3","2","1","1","1","1","2","2","2","1","1",""
"0","3","1","1","1","4","3","1","3","4","4","1","5","3","3","4","3","4","2","3","1","5","3","2","2","1","2",""
"0","3","2","1","1","4","1","2","4","4","5","1","5","4","3","5","4","4","1","3","1","1","3","2","3","1","1",""
"0","3","1","3","3","4","1","1","3","4","5","4","4","5","4","4","5","2","5","1","1","1","1","1","3","5","1",""
"0","3","2","3","1","2","3","2","3","4","4","3","4","5","5","1","1","2","2","1","3","2","5","2","1","1","1",""
"0","3","1","3","3","4","2","2","2","2","2","1","5","3","3","4","2","4","2","4","1","1","5","4","2","2","1",""
"0","3","2","1","2","1","1","1","4","4","5","1","4","3","3","4","5","4","2","2","1","1","1","2","2","1","5",""
"0","3","1","2","2","3","1","1","3","2","4","4","4","4","5","2","5","2","1","1","1","3","5","2","2","4","1",""
"0","3","1","3","1","2","2","1","3","4","5","1","5","5","5","4","3","1","2","2","1","1","4","1","1","2","1",""
"0","3","2","2","1","4","2","2","3","2","2","4","5","4","5","4","5","5","1","4","2","4","3","2","2","1","1",""
"0","3","1","3","6","3","1","1","3","1","2","4","5","4","4","4","4","4","1","4","1","3","3","4","1","1","2",""
"0","3","1","1","1","3","1","1","3","2","4","2","3","4","2","5","5","4","4","1","2","3","2","4","2","1","1",""
"0","3","2","2","1","3","2","1","3","1","2","1","4","1","4","5","3","1","1","4","1","1","3","3","2","1","2",""
"0","3","1","1","1","3","2","1","4","4","2","3","4","4","3","5","3","2","2","1","2","3","4","4","2","1","1",""
"0","3","2","1","1","2","2","2","3","4","2","1","4","5","2","5","4","4","1","1","1","1","4","2","2","1","2",""
"0","3","2","3","1","4","1","1","4","2","3","3","3","4","4","4","5","1","1","2","4","3","3","3","3","1","1",""
"0","3","1","1","1","2","1","1","2","2","3","1","5","3","5","5","1","2","1","1","4","1","3","3","3","2","1",""
"0","3","2","3","2","4","1","1","4","5","5","1","4","2","2","5","2","4","2","1","1","3","3","4","3","1","1",""
"0","3","2","2","1","4","1","1","3","4","4","3","5","5","4","2","4","4","3","2","3","2","4","2","3","1","1",""
"0","3","2","2","1","1","1","1","3","2","4","5","3","4","5","3","1","2","1","5","3","3","4","2","2","2","1",""
"0","3","2","3","3","4","3","1","3","2","5","1","3","3","3","5","4","3","2","1","3","2","4","3","3","1","2",""
"0","3","2","3","1","2","1","1","3","4","4","1","5","5","5","4","4","4","1","1","2","1","3","3","2","1","1",""
"0","3","1","3","1","3","2","1","3","2","4","4","4","4","4","4","2","3","2","3","2","3","4","1","3","1","1",""
"0","3","1","3","3","1","1","1","4","4","1","2","5","5","4","5","5","2","3","1","3","3","4","3","3","1","2",""
"0","3","2","3","3","2","3","3","3","1","4","4","5","2","4","5","1","4","1","4","2","4","4","4","2","1","2",""
"0","3","1","1","1","3","2","1","3","3","4","3","3","4","4","5","4","3","3","5","3","2","2","4","2","1","1",""
"0","3","2","3","1","2","3","2","3","1","5","4","3","5","3","5","5","2","3","3","1","3","1","5","2","1","1",""
"0","3","1","2","1","4","3","1","4","4","2","3","5","4","3","4","2","5","1","1","4","1","4","2","2","1","1",""
"0","3","2","2","6","3","1","1","2","4","5","3","5","5","4","5","3","1","2","4","2","1","2","3","2","4","1",""
"0","3","1","3","1","2","2","1","4","4","5","2","5","4","5","3","2","1","1","3","5","1","4","3","2","2","2",""
"0","3","2","2","1","2","1","1","3","3","2","1","4","5","5","4","2","1","1","3","3","2","3","2","1","1","5",""
"0","3","1","3","1","4","3","4","2","2","3","4","5","5","3","5","3","1","1","1","4","1","3","3","1","1","1",""
"0","3","2","2","1","2","3","1","3","1","3","4","5","5","3","4","4","3","1","1","5","4","3","2","1","1","1",""
"0","3","1","4","2","3","2","1","2","3","5","2","4","4","3","5","4","1","1","3","2","1","3","2","2","1","1",""
"0","3","1","3","2","1","3","1","3","4","3","3","3","2","4","4","3","2","1","3","3","2","5","2","1","1","1",""
"0","3","1","2","1","3","3","2","3","2","4","3","5","5","3","4","2","2","1","1","3","3","4","5","2","1","1",""
"0","3","2","3","2","2","1","2","2","4","4","1","3","5","4","4","5","4","1","1","2","1","3","4","1","1","1",""
"0","3","2","3","1","3","3","1","2","1","5","4","5","5","4","4","5","4","1","2","4","1","4","4","2","2","1",""
"0","3","1","3","1","1","2","2","4","2","5","4","4","4","5","4","4","3","1","3","3","2","4","2","1","1","1",""
"0","3","2","1","1","3","2","1","4","5","3","2","5","5","2","2","5","2","1","4","4","2","3","5","2","1","1",""
"0","3","2","2","2","3","3","1","2","4","5","1","5","3","4","5","1","2","1","4","1","1","3","3","3","1","1",""
"0","3","1","1","1","4","2","1","3","1","5","2","5","5","4","3","3","3","1","2","1","1","4","3","3","1","1",""
"0","3","2","3","1","2","3","1","3","1","4","3","3","5","3","3","4","4","1","1","1","1","5","4","2","1","1",""
"0","3","1","3","3","2","3","1","4","2","3","1","4","5","3","3","4","4","3","1","3","1","3","4","3","1","2",""
"0","3","1","2","1","4","1","1","3","1","4","2","4","4","4","5","2","2","1","3","1","1","1","4","2","1","1",""
"0","3","1","3","3","4","2","2","3","2","4","3","4","5","5","3","4","4","1","2","3","2","4","4","1","1","1",""
"0","3","2","1","6","4","2","1","3","1","5","3","3","4","4","5","4","3","1","1","1","2","2","4","3","1","1",""
"0","3","2","3","2","1","1","1","3","3","4","2","3","4","5","4","4","4","1","3","3","3","1","3","2","2","1",""
"0","3","1","1","1","4","3","2","3","4","5","1","3","4","2","4","5","4","1","2","4","4","4","3","3","1","2",""
"0","3","2","3","1","4","3","1","3","1","2","3","4","3","5","5","4","4","1","1","3","3","5","3","1","2","1",""
"0","4","2","4","4","4","3","2","4","1","4","3","4","4","2","3","2","2","1","1","1","2","4","4","3","1","1",""
"0","4","2","2","1","3","3","1","3","1","4","1","5","5","2","2","5","3","2","3","4","2","2","3","2","2","1",""
"0","4","2","2","2","4","1","2","3","3","4","2","5","2","4","4","4","2","1","4","3","3","3","2","1","1","1",""
"0","4","1","3","1","3","2","1","3","1","4","3","2","4","4","4","4","4","1","4","3","2","1","2","3","4","1",""
"0","4","1","2","2","4","3","3","2","1","2","1","5","3","5","5","1","2","1","2","4","4","3","2","1","4","1",""
"0","4","2","3","6","3","1","3","3","1","4","1","5","3","5","5","4","2","2","1","1","1","2","4","3","2","5",""
"0","4","1","3","1","4","3","1","3","1","5","4","4","4","5","2","4","2","1","4","3","2","4","3","1","1","3",""
"0","4","2","3","1","3","3","3","3","2","4","1","5","4","4","4","5","1","2","4","2","1","4","2","2","2","5",""
"0","4","2","2","6","4","3","3","3","1","4","1","4","4","5","4","3","3","1","5","2","2","2","2","3","1","1",""
"0","4","2","2","2","4","2","1","3","1","3","4","5","5","2","4","1","4","1","2","3","3","1","3","1","2","1",""
"0","4","2","3","4","4","3","3","3","1","4","2","2","3","5","5","2","2","1","4","2","3","1","4","3","1","5",""
"0","4","2","4","4","3","3","4","3","1","5","4","5","4","5","4","2","2","1","2","1","4","4","3","3","1","3",""
"0","4","1","4","6","2","3","3","3","3","4","2","1","1","4","4","5","2","2","1","2","4","4","2","3","1","1",""
"0","4","2","4","1","4","2","1","3","3","1","3","4","4","2","4","2","5","1","3","1","2","4","2","2","1","3",""
"0","4","1","2","4","4","3","4","3","1","5","3","5","5","4","5","4","2","1","4","3","2","2","2","3","1","1",""
"0","4","2","3","2","2","1","3","3","1","4","2","1","4","5","2","4","2","2","1","3","1","3","1","3","1","1",""
"0","4","2","4","1","4","3","1","2","1","5","2","4","5","4","3","1","3","2","4","4","3","2","4","3","4","5",""
"0","4","1","3","2","4","2","1","3","3","5","2","5","2","3","5","3","4","2","4","4","1","4","4","2","1","1",""
"0","4","1","4","1","1","2","1","2","1","4","4","4","5","3","3","5","3","4","4","1","4","4","2","3","1","5",""
"0","4","2","3","4","2","1","3","3","1","2","4","5","5","2","5","2","4","1","4","3","3","2","3","2","4","1",""
"0","4","1","3","2","4","1","3","3","1","5","1","4","5","5","5","3","1","1","1","3","2","2","4","3","1","1",""
"0","4","1","3","2","2","3","3","3","1","3","4","5","4","2","4","5","2","1","3","2","3","2","2","3","4","3",""
"0","4","1","3","4","4","3","1","4","2","4","2","4","5","4","5","4","2","1","3","2","1","4","4","1","5","3",""
"0","4","1","3","1","2","3","1","3","1","4","4","5","4","3","5","5","1","2","1","3","2","5","1","3","2","1",""
"0","4","2","3","2","4","1","3","3","2","4","3","5","5","5","4","2","2","1","3","1","1","4","2","3","5","3",""
"0","4","2","2","4","3","1","3","4","1","5","2","4","5","1","2","2","1","1","2","1","2","4","2","3","2","1",""
"0","4","2","3","1","4","1","1","3","1","3","4","1","5","4","2","1","3","1","2","3","3","3","4","1","5","3",""
"0","4","1","3","2","3","1","4","3","4","3","3","5","4","4","5","4","4","2","3","2","1","4","2","3","3","1",""
"0","4","2","4","2","2","3","3","3","2","2","2","5","4","5","5","5","2","2","4","2","2","4","2","2","4","4",""
"0","4","2","3","1","4","1","1","3","2","4","1","4","5","5","4","1","1","3","3","2","1","2","2","2","1","1",""
"0","4","1","3","2","4","3","2","2","1","5","2","4","2","4","3","4","3","1","2","1","2","4","4","3","4","1",""
"0","4","2","4","1","2","3","1","3","5","3","2","4","5","5","4","4","4","2","2","3","4","2","2","1","4","4",""
"0","4","1","4","2","3","2","4","3","4","5","4","4","4","3","5","5","2","3","4","3","2","2","2","3","1","5",""
"0","4","1","3","1","1","1","1","3","1","3","1","4","4","5","4","3","3","1","3","3","2","4","4","3","1","4",""
"0","4","2","3","3","4","3","3","3","2","3","1","5","4","5","5","4","5","2","2","1","1","4","3","2","2","1",""
"0","4","1","3","1","3","3","3","3","1","4","1","5","5","5","3","1","2","1","1","3","1","3","2","3","1","1",""
"0","4","2","3","2","4","1","2","4","1","2","4","3","5","4","5","2","3","1","1","1","2","4","4","1","4","1",""
"0","4","2","3","2","3","3","3","3","1","4","1","5","4","5","5","4","2","1","2","2","3","2","4","3","5","1",""
"0","4","2","1","6","3","1","2","3","1","5","1","5","5","4","5","1","4","4","4","2","2","5","2","1","5","1",""
"0","4","2","3","6","4","2","1","3","4","4","4","4","5","5","1","4","2","1","4","3","2","3","3","1","1","4",""
"0","4","1","3","6","3","1","3","4","1","5","2","1","5","4","4","4","2","1","1","4","1","5","4","1","1","4",""
"0","4","2","1","1","3","2","2","3","4","4","1","4","5","1","5","3","2","1","3","3","2","3","2","2","2","1",""
"0","4","1","4","4","3","1","3","3","1","4","1","4","4","3","5","4","5","1","1","4","1","4","2","2","4","5",""
"0","4","2","3","1","4","2","1","3","1","5","1","5","4","3","4","4","2","2","4","4","1","4","2","3","5","1",""
"0","4","2","3","6","4","1","4","3","1","4","2","4","5","3","5","3","2","1","4","3","2","3","2","1","1","1",""
"0","4","1","3","1","3","1","3","3","2","5","2","2","4","4","5","5","2","2","4","4","2","1","4","1","1","2",""
"0","4","2","3","1","3","3","3","3","1","5","3","5","4","4","5","4","2","2","3","1","3","3","3","3","1","5",""
"0","4","1","1","2","2","3","3","3","1","4","2","2","3","5","5","3","2","1","4","2","3","4","4","1","3","5",""
"0","4","2","3","1","4","3","2","4","5","4","1","3","5","4","5","5","2","1","1","1","1","3","2","3","1","1",""
"0","4","2","3","2","2","1","1","3","1","3","5","4","5","4","5","4","3","1","2","4","4","4","4","3","2","2",""
"0","4","1","3","2","3","2","1","3","1","2","2","4","4","5","5","5","2","1","4","2","4","3","1","1","1","5",""
"0","4","2","4","2","4","3","3","4","1","4","4","4","4","5","5","5","2","2","3","3","3","4","3","3","4","1",""
"0","4","2","4","2","2","1","3","3","3","5","1","5","4","2","1","5","2","1","4","3","2","4","4","1","2","1",""
"0","4","2","3","1","1","1","3","2","1","2","5","5","5","4","3","5","2","2","2","1","2","2","2","2","3","1",""
"0","4","2","3","6","2","1","2","2","1","5","4","4","5","5","5","4","2","1","2","2","2","4","3","2","1","2",""
"0","4","2","4","2","4","3","2","3","2","1","1","4","4","4","5","3","1","1","4","3","2","2","4","3","4","1",""
"0","4","2","3","2","2","3","3","4","1","4","1","4","2","5","5","3","2","4","4","4","3","4","4","3","5","5",""
"0","4","1","3","1","3","3","4","3","1","4","4","4","4","4","3","1","2","4","2","2","2","1","2","1","3","1",""
"0","4","1","2","1","2","3","3","3","2","5","4","4","5","5","5","5","4","1","4","2","2","4","2","2","1","1",""
"0","4","2","3","1","3","3","2","3","1","5","1","4","3","3","4","2","4","1","4","3","2","2","4","1","1","5",""
"0","4","1","3","4","4","1","3","3","4","2","1","4","4","5","3","2","5","2","3","2","2","4","4","3","5","1",""
"0","4","1","3","2","3","2","3","4","2","4","3","4","4","4","3","4","2","1","2","3","2","1","2","1","1","1",""
"0","4","1","3","1","4","1","1","4","1","5","2","5","4","2","4","4","4","1","4","1","3","4","1","3","1","4",""
"0","4","2","3","1","4","2","4","3","1","5","3","4","1","4","5","5","3","1","2","3","2","4","4","1","4","3",""
"0","4","2","3","1","3","2","3","3","1","5","2","4","5","3","4","5","2","1","2","3","2","4","4","2","1","1",""
"0","4","2","3","6","4","1","3","3","1","5","4","5","5","5","5","2","4","1","1","1","2","2","3","3","1","1",""
"0","4","1","2","1","2","3","1","3","2","5","2","4","4","2","5","4","2","1","1","2","3","4","2","3","1","1",""
"0","4","1","3","2","2","3","3","3","3","4","2","4","5","3","5","4","1","2","4","1","2","3","3","3","3","1",""
"0","4","1","3","6","4","3","4","3","1","5","4","4","4","5","2","4","2","1","2","2","4","4","2","2","3","4",""
"0","4","1","3","1","4","2","3","3","1","4","2","4","4","2","5","5","2","2","4","3","3","3","2","1","1","5",""
"0","4","1","4","1","1","3","1","3","5","1","2","2","2","5","4","4","4","1","1","1","1","1","4","2","1","1",""
"0","4","2","3","1","4","1","3","3","1","4","1","4","4","4","4","1","3","2","2","1","2","4","3","1","1","1",""
"0","4","2","3","1","1","3","1","3","1","5","1","4","4","4","2","2","3","2","3","2","2","4","4","1","4","3",""
"0","4","1","4","1","2","3","3","3","1","4","2","4","4","4","4","1","2","1","2","3","2","2","4","1","1","5",""
"0","4","2","4","2","3","1","2","4","1","4","1","5","2","5","5","5","3","4","5","3","4","5","3","3","1","1",""
"0","4","2","1","6","3","2","2","3","1","4","2","5","5","2","2","1","3","1","1","1","2","3","2","1","1","5",""
"0","4","2","3","6","2","3","3","4","2","5","4","5","2","3","5","4","2","2","1","3","3","4","3","3","3","4",""
"0","4","2","4","1","1","1","3","3","1","3","2","4","5","4","5","4","2","1","3","1","2","3","3","3","5","2",""
"0","4","2","3","6","4","2","2","3","2","5","3","4","1","1","4","4","3","4","4","2","2","2","3","1","4","1",""
"0","4","2","3","6","2","3","2","3","3","4","3","4","5","5","5","5","3","2","4","2","1","4","2","2","1","1",""
"0","4","2","4","2","4","3","2","3","5","5","2","4","4","2","5","4","4","2","3","1","3","4","3","3","1","1",""
"0","4","1","3","6","3","1","3","3","1","5","4","5","3","2","5","4","2","1","2","1","4","3","3","3","3","1",""
"0","4","2","3","1","2","3","2","3","4","3","4","4","2","3","2","1","5","1","3","4","3","1","2","1","1","5",""
"0","4","1","4","4","3","3","3","3","5","4","3","5","4","2","5","2","3","4","4","3","2","3","3","3","1","1",""
"0","4","1","4","6","4","2","1","3","1","4","1","4","4","4","5","2","3","1","4","1","2","4","4","2","1","3",""
"0","4","1","2","1","4","3","1","4","1","4","4","5","4","5","5","1","4","1","1","3","2","4","4","2","2","5",""
"0","4","2","4","6","4","2","2","3","2","3","2","4","4","4","4","5","2","1","4","4","2","2","4","2","5","2",""
"0","4","1","1","6","3","2","2","3","1","3","2","4","4","2","5","5","1","1","4","3","1","3","3","3","1","3",""
"0","4","2","4","2","4","2","3","3","2","3","1","2","5","4","4","2","2","1","1","2","2","4","3","3","4","1",""
"0","4","2","3","1","2","2","2","3","1","4","2","3","4","4","4","5","4","2","4","4","1","4","2","3","1","2",""
"0","4","2","1","1","3","1","3","3","2","3","1","4","5","3","5","5","1","1","3","3","3","3","2","3","2","1",""
"0","4","1","4","4","4","2","4","3","2","3","1","5","5","5","4","3","2","1","4","3","4","2","2","2","2","1",""
"0","4","1","4","2","1","3","4","3","4","1","3","5","4","2","4","5","2","4","4","1","2","3","2","3","5","4",""
"0","4","1","3","3","4","2","3","3","1","4","4","4","3","4","5","2","5","1","4","3","4","5","2","3","1","5",""
"0","4","2","3","1","1","1","3","3","1","5","3","5","5","1","5","1","4","2","2","1","1","2","3","3","1","1",""
"0","4","2","3","6","2","3","3","3","2","4","4","4","2","4","5","4","2","2","3","1","2","4","4","3","4","1",""
"0","4","2","3","6","2","3","3","4","1","4","4","5","4","2","5","4","2","2","4","3","1","4","4","2","1","1",""
"0","4","2","3","6","3","3","3","3","3","4","1","1","5","2","4","4","3","1","3","4","3","2","4","3","2","3",""
"0","4","2","4","1","4","1","3","3","1","3","2","5","4","4","5","5","1","2","4","4","4","4","4","3","4","1",""
"0","4","2","3","2","2","3","3","3","1","2","1","5","5","4","4","2","2","2","4","1","4","4","1","2","1","1",""
"0","4","2","3","3","1","2","3","3","1","4","1","5","2","2","4","2","2","1","2","4","2","4","2","3","3","1",""
"0","4","2","4","3","4","1","3","3","1","3","2","3","5","4","5","5","2","1","3","1","3","1","4","1","1","2",""
"0","4","2","4","1","4","3","1","3","1","5","3","5","5","5","5","4","2","1","2","4","3","2","1","3","3","5",""
"0","4","1","3","6","1","2","3","3","1","4","4","4","4","4","4","3","2","2","5","1","3","5","1","3","1","4",""
"0","4","2","3","2","4","3","3","3","1","5","5","3","4","3","3","4","2","2","3","1","1","4","1","3","1","2",""
"0","4","2","3","2","2","3","3","3","4","5","4","4","4","4","5","4","5","1","4","1","4","3","3","3","2","1",""
"0","4","2","3","4","4","3","4","4","1","1","1","4","5","4","5","2","2","2","4","2","2","4","2","3","2","5",""
"0","4","2","3","2","3","3","3","3","1","4","1","5","5","4","3","5","1","2","2","1","4","4","2","3","1","5",""
"0","4","2","3","6","3","3","2","3","1","4","4","5","5","2","5","4","2","2","1","3","4","5","2","2","1","1",""
"0","4","2","2","2","4","3","3","4","1","5","2","5","4","5","5","2","4","1","3","2","2","4","2","3","1","1",""
"0","4","2","4","1","2","3","2","4","1","5","4","3","4","4","5","5","4","3","2","1","1","1","4","3","3","4",""
"0","4","1","3","2","2","3","3","3","4","4","1","5","4","5","4","3","3","1","4","4","1","4","3","3","1","1",""
"0","4","2","4","2","3","1","2","3","1","4","2","5","5","5","5","5","2","1","4","3","2","1","2","3","3","1",""
"0","4","1","3","3","4","1","1","3","5","4","1","5","4","5","5","4","2","1","3","4","1","4","4","3","4","5",""
"0","4","1","4","1","4","3","3","3","3","3","2","4","5","5","5","5","2","1","2","4","1","3","3","3","2","1",""
"0","4","2","3","3","1","3","1","3","1","2","3","4","4","5","5","5","2","2","3","3","4","3","4","3","1","1",""
"0","4","1","3","4","4","2","3","3","1","4","3","5","1","5","5","4","2","1","5","3","2","2","3","3","2","1",""
"0","4","1","3","1","4","2","4","3","5","3","4","5","4","4","4","5","5","4","4","2","2","5","2","1","4","1",""
"0","4","1","3","4","3","2","1","2","3","5","2","4","4","5","3","1","2","4","4","2","4","3","4","2","4","1",""
"0","4","2","4","1","2","2","3","2","2","5","3","4","5","5","1","5","2","2","2","1","4","4","2","3","4","1",""
"0","4","2","2","6","2","1","2","3","2","4","5","4","4","5","3","3","2","2","4","2","2","4","2","3","1","1",""
"0","4","2","4","6","3","3","3","4","1","4","2","5","5","4","4","5","3","4","4","3","4","4","4","3","1","4",""
"0","4","2","3","2","3","3","1","4","1","5","1","5","5","3","4","2","4","3","4","2","1","4","3","1","2","1",""
"0","4","2","3","1","3","3","2","4","2","4","1","4","4","5","5","4","4","1","3","1","3","2","3","1","1","5",""
"0","4","2","3","6","4","1","2","3","1","4","5","4","4","4","5","2","4","2","2","1","2","4","2","3","1","1",""
"0","4","2","4","4","3","3","2","3","1","2","2","4","4","4","5","5","4","2","2","2","3","4","2","3","1","2",""
"0","4","2","3","1","4","3","3","3","1","5","5","5","4","5","5","4","3","2","1","3","2","4","4","1","4","1",""
"0","4","2","3","1","4","2","2","3","1","2","1","5","4","4","4","5","4","3","4","2","3","2","2","3","1","1",""
"0","4","1","3","3","2","3","1","4","3","5","3","5","4","3","1","5","3","4","4","3","2","4","4","2","4","1",""
"0","4","2","3","2","4","2","2","3","2","5","2","4","4","5","5","5","2","1","3","4","3","2","2","3","1","5",""
"0","4","2","3","2","1","3","3","3","1","4","3","5","5","2","5","3","3","1","4","2","1","2","2","2","2","3",""
"0","4","2","3","2","4","2","4","3","2","5","2","4","5","3","4","4","3","2","1","3","3","4","4","1","1","1",""
"0","4","1","3","2","4","3","2","3","5","5","4","4","4","2","5","4","2","1","2","1","2","1","3","1","1","1",""
"0","4","2","1","2","4","2","4","2","5","3","4","4","4","4","4","4","3","1","4","1","4","4","4","3","1","1",""
"0","4","2","3","1","4","3","3","3","4","4","1","4","5","4","5","4","2","1","5","1","3","4","4","3","1","4",""
"0","4","1","3","2","4","3","3","3","1","1","1","4","4","4","5","4","2","1","5","1","4","4","3","3","1","4",""
"0","4","2","2","2","2","3","1","3","2","4","2","4","3","4","1","4","2","3","4","3","3","4","2","3","1","1",""
"0","4","1","3","6","2","1","2","3","4","4","1","4","4","4","4","2","3","3","2","3","2","2","2","2","3","1",""
"0","4","2","4","2","2","3","1","3","4","4","3","3","4","5","5","5","2","2","1","3","2","4","2","3","3","2",""
"0","4","1","3","3","3","2","3","3","4","5","1","4","4","3","5","4","2","1","3","3","2","5","2","2","3","1",""
"0","4","2","3","2","3","3","3","3","1","2","1","4","5","5","1","5","2","2","1","3","3","2","4","3","1","3",""
"0","4","2","4","1","2","1","4","3","5","1","4","5","3","5","5","3","2","3","1","1","2","4","4","3","1","1",""
"0","4","2","4","2","4","3","1","3","2","5","2","2","3","4","5","5","4","1","1","1","1","4","2","2","1","5",""
"0","4","2","2","1","3","1","2","3","2","4","4","4","4","5","1","4","2","4","4","4","1","4","3","3","2","3",""
"0","4","1","3","6","4","2","2","4","4","5","4","1","4","5","2","5","3","2","4","1","3","4","2","3","1","1",""
"0","4","2","2","1","2","1","3","3","5","4","1","5","4","3","5","4","4","1","4","1","1","4","2","3","1","1",""
"0","4","1","3","2","4","3","3","3","4","2","4","3","5","1","4","1","3","1","4","3","2","5","2","3","5","1",""
"0","4","2","2","2","1","1","1","2","1","1","1","4","5","2","3","4","4","1","2","1","3","2","4","1","1","1",""
"0","4","1","3","2","3","3","4","3","1","3","4","1","4","1","5","5","4","1","1","4","1","2","4","1","1","5",""
"0","4","2","3","3","3","3","3","2","1","4","2","4","4","3","4","4","3","2","4","1","1","4","2","2","4","5",""
"0","4","1","4","1","2","2","1","4","1","3","1","4","4","5","5","5","3","1","2","3","2","4","3","3","1","1",""
"0","4","2","2","1","2","3","3","3","1","4","2","5","4","4","5","3","2","2","3","4","2","3","1","2","5","4",""
"0","4","2","4","4","2","1","3","3","1","5","4","5","4","5","5","4","3","1","3","3","3","3","4","3","1","1",""
"0","4","1","3","1","4","1","3","3","2","3","4","5","4","4","4","1","4","1","1","3","1","2","3","2","1","1",""
"0","4","2","4","2","4","1","1","3","1","5","1","4","5","2","5","1","2","2","3","1","1","3","3","3","1","5",""
"0","4","1","4","6","3","2","3","3","2","5","4","4","3","1","5","5","3","1","1","2","2","3","3","2","1","1",""
"0","4","2","4","2","4","3","1","4","2","3","2","4","4","5","4","1","2","2","2","3","2","3","4","2","1","1",""
"0","4","1","3","2","3","1","3","4","1","4","1","4","5","4","4","4","1","1","4","1","2","4","2","3","5","1",""
"0","4","2","3","1","4","1","3","3","5","2","1","4","5","5","5","5","4","1","1","3","1","4","4","3","1","1",""
"0","4","1","3","1","2","3","1","2","2","4","2","4","5","4","4","1","4","3","3","1","1","4","4","1","4","1",""
"0","4","2","3","1","2","1","2","3","1","5","2","4","2","4","4","1","1","4","5","3","1","5","1","2","4","1",""
"0","4","2","1","2","4","2","3","4","1","4","2","1","4","4","5","1","2","1","2","2","2","4","3","2","2","1",""
"0","4","2","4","2","4","1","3","4","1","4","1","4","4","4","4","4","4","2","4","3","2","4","2","2","2","5",""
"0","4","1","3","2","2","3","3","3","1","5","4","5","5","4","4","4","2","3","3","2","2","2","3","1","5","5",""
"0","4","1","3","1","3","1","4","3","1","5","1","2","4","3","3","5","1","1","3","3","2","4","3","3","3","4",""
"0","4","1","4","2","4","1","1","2","2","5","4","4","4","5","2","4","4","1","4","2","1","1","2","3","2","1",""
"0","4","2","3","2","4","1","1","3","4","4","1","4","3","2","5","4","1","2","4","3","3","5","3","3","1","2",""
"0","4","1","4","1","4","3","1","4","1","2","3","4","2","4","2","5","4","1","3","1","4","4","4","2","2","1",""
"0","4","2","3","2","4","1","4","3","2","5","1","4","5","5","1","4","2","1","2","2","2","3","1","3","1","2",""
"0","4","2","3","1","4","2","2","4","1","2","1","5","5","4","5","4","3","1","4","3","3","4","2","3","2","5",""
"0","4","1","4","2","1","3","1","2","1","5","1","4","4","1","1","2","4","1","4","3","2","4","4","3","2","1",""
"0","4","2","3","2","4","2","3","3","5","1","2","5","4","5","4","5","3","2","4","3","1","4","3","1","1","1",""
"0","4","2","4","6","4","3","2","3","5","3","2","2","2","5","4","4","2","1","4","1","2","3","4","2","4","1",""
"0","4","1","2","6","4","3","2","3","2","4","1","4","4","3","1","5","2","1","2","3","1","4","4","3","1","4",""
"0","4","1","3","2","1","1","1","3","2","4","2","4","4","4","4","4","1","1","4","3","2","5","3","2","2","4",""
"0","4","1","4","2","4","3","3","4","1","4","2","4","5","5","5","4","2","1","4","2","3","3","2","3","1","1",""
"0","4","2","3","1","4","2","2","3","5","4","1","5","5","3","5","4","3","1","4","4","3","4","3","3","2","1",""
"0","4","2","4","1","4","2","2","4","3","5","2","4","4","4","4","2","2","3","4","2","4","4","1","2","1","5",""
"0","4","1","4","6","3","1","1","3","1","2","1","5","4","5","5","3","4","1","4","2","3","4","2","3","1","3",""
"0","4","2","3","1","3","2","1","3","4","4","2","4","4","4","5","5","3","1","4","1","3","3","4","3","1","4",""
"0","4","2","3","6","4","3","2","3","1","4","1","5","4","5","5","5","3","1","3","1","4","2","4","1","1","5",""
"0","4","2","4","6","1","1","2","3","1","5","2","4","5","4","4","5","4","1","4","2","2","4","2","1","3","1",""
"0","4","1","3","2","4","3","3","2","3","4","1","5","4","3","5","3","4","1","3","3","2","4","2","2","1","5",""
"0","4","1","4","1","1","3","2","3","1","4","1","2","2","5","4","4","1","1","1","2","2","4","3","2","1","1",""
"0","4","2","3","2","4","1","1","3","1","4","1","5","5","5","5","4","2","1","2","3","1","5","3","2","2","1",""
"0","4","2","4","3","4","3","1","3","1","4","1","4","5","5","5","2","4","2","4","3","2","4","1","2","1","1",""
"0","4","2","1","2","4","1","3","2","2","4","4","3","4","4","5","5","2","1","3","4","2","3","3","3","5","4",""
"0","4","2","3","1","2","2","3","4","1","2","1","1","5","5","2","4","4","3","4","2","1","4","3","2","1","4",""
"0","4","1","4","1","3","3","3","2","1","5","4","5","5","4","4","3","3","1","1","4","2","4","2","2","1","1",""
"0","4","2","2","2","4","3","3","3","4","4","5","2","2","2","5","4","2","2","1","3","3","5","4","2","3","1",""
"0","4","2","4","2","3","1","2","2","2","5","1","4","5","5","2","4","3","3","2","2","3","2","2","1","2","3",""
"0","4","1","3","1","3","2","3","3","4","3","1","2","4","4","3","5","2","4","4","4","1","4","2","3","4","1",""
"0","4","1","3","2","3","1","4","3","4","2","1","4","4","1","4","5","3","1","2","1","3","4","2","2","2","1",""
"0","4","1","3","2","4","1","3","3","1","4","4","5","5","4","2","4","3","1","4","4","2","4","2","2","4","5",""
"0","4","2","4","2","3","1","2","3","1","5","5","4","4","3","4","3","2","1","4","3","3","2","2","3","5","1",""
"0","4","1","3","4","3","2","3","3","1","5","2","4","2","3","3","5","2","1","5","1","2","4","4","3","1","1",""
"0","4","1","4","2","2","1","3","4","1","4","4","5","4","4","5","4","4","2","1","3","2","4","4","1","1","5",""
"0","4","2","4","6","4","3","1","3","1","5","2","5","5","3","5","5","4","4","4","1","1","4","4","2","1","1",""
"0","4","2","3","1","3","2","3","3","1","4","1","5","4","4","1","4","1","1","4","2","3","4","3","2","1","3",""
"0","4","2","2","2","3","3","3","3","1","3","1","5","4","4","4","5","2","2","3","3","4","3","2","3","5","5",""
"0","4","2","4","2","3","3","3","4","2","4","4","4","5","4","4","4","4","1","4","4","4","4","3","2","5","1",""
"0","4","1","3","4","1","3","2","2","1","4","2","5","4","4","5","5","2","2","3","3","1","4","2","3","1","2",""
"0","4","2","4","1","2","3","2","2","1","3","1","4","3","2","5","4","2","1","3","3","2","3","2","2","4","1",""
"0","4","2","3","1","4","3","4","3","3","5","1","4","5","4","5","1","2","2","3","2","3","4","4","2","3","1",""
"0","4","1","3","1","3","3","3","3","1","4","1","4","4","5","5","4","2","1","5","3","2","3","2","3","1","1",""
"0","4","1","4","6","4","2","1","3","4","2","2","4","4","4","5","2","2","3","3","3","2","2","2","3","4","3",""
"0","4","2","3","1","3","1","3","3","1","3","2","2","2","3","4","4","4","3","4","1","2","4","4","1","2","1",""
"0","4","2","1","6","4","2","2","3","1","4","5","2","5","4","4","5","1","2","3","4","4","4","1","2","5","4",""
"0","4","2","3","6","4","3","3","3","1","4","3","3","4","5","3","5","4","2","3","2","1","4","2","3","1","5",""
"0","4","2","3","2","4","3","3","2","1","5","1","5","4","5","5","4","2","3","2","4","2","1","2","3","1","1",""
"0","4","2","3","1","3","1","1","4","3","1","1","5","2","5","4","3","2","1","1","1","2","2","3","1","2","1",""
"0","4","1","3","6","3","3","1","2","1","4","1","1","2","4","4","4","3","4","4","1","1","3","4","3","1","1",""
"0","4","2","3","2","2","2","2","3","1","5","1","5","2","4","5","4","2","1","4","1","4","3","4","1","4","5",""
"0","4","2","3","2","2","1","3","3","1","3","4","5","4","5","1","1","2","1","2","2","2","3","2","3","4","1",""
"0","4","2","3","2","4","3","2","3","2","3","1","1","4","5","2","5","5","2","3","1","4","4","3","3","1","1",""
"0","4","2","4","1","1","1","3","3","1","4","2","5","4","5","5","4","4","2","4","1","3","4","1","1","4","1",""
"0","4","2","3","2","4","1","3","2","1","4","1","5","4","4","5","2","3","1","3","2","3","3","3","2","2","1",""
"0","4","1","3","4","2","3","3","3","2","4","2","4","4","4","4","4","2","1","4","2","4","2","2","3","4","1",""
"0","4","2","3","1","4","2","3","4","5","2","1","5","4","4","5","4","4","1","3","3","1","3","3","3","2","4",""
"0","4","2","2","1","3","2","2","3","3","4","1","4","5","5","5","5","2","2","4","3","2","4","2","3","3","5",""
"0","4","1","3","1","4","2","2","3","1","4","2","4","4","4","4","4","2","2","4","3","3","4","4","3","5","5",""
"0","4","2","3","1","3","1","2","3","1","5","3","2","5","2","4","3","3","1","4","3","2","3","4","1","1","1",""
"0","6","1","2","1","2","2","4","4","4","5","1","4","3","4","5","4","1","2","4","1","1","4","4","2","1","1",""
"0","6","1","3","1","3","3","3","4","1","4","2","2","5","3","2","2","4","2","1","1","1","3","5","2","1","2",""
"0","6","1","2","1","4","3","3","4","2","2","2","4","2","3","5","4","2","3","3","1","1","4","3","3","1","1",""
"0","6","1","2","2","3","2","3","4","1","4","3","2","2","3","5","4","4","3","1","1","2","4","4","1","1","1",""
"0","6","1","1","3","2","3","1","3","4","4","1","4","3","5","5","4","1","1","3","1","1","3","3","1","1","1",""
"0","6","2","2","2","2","1","1","3","1","4","3","4","5","4","5","4","2","2","3","2","3","4","3","1","1","1",""
"0","6","2","1","2","4","3","3","3","1","3","2","2","4","5","4","5","1","1","1","3","3","5","4","2","1","2",""
"0","6","1","1","1","4","3","1","4","1","4","1","5","5","4","5","2","3","2","2","1","2","2","4","2","1","2",""
"0","6","2","3","2","4","2","2","3","1","4","1","5","5","3","2","4","4","1","5","3","2","3","4","3","1","4",""
"0","6","2","2","2","3","3","1","3","2","5","3","4","4","4","5","2","4","1","1","1","2","3","4","2","1","1",""
"0","6","2","3","5","3","2","3","3","5","2","2","4","5","2","5","4","2","5","2","1","4","2","3","1","1","4",""
"0","6","1","1","3","2","2","3","4","3","1","2","4","4","3","5","5","1","1","1","5","2","5","3","1","1","1",""
"0","6","2","1","1","4","2","2","3","1","5","2","4","4","3","3","4","4","1","2","1","1","4","4","2","1","1",""
"0","6","2","1","6","3","3","3","3","1","4","1","4","4","4","5","5","1","1","1","1","1","3","3","2","1","1",""
"0","6","1","4","6","2","3","2","3","1","5","1","5","5","5","5","5","2","3","3","1","1","4","4","3","1","2",""
"0","6","2","3","3","2","1","1","3","2","1","2","5","3","4","5","1","2","1","2","3","3","3","4","3","1","1",""
"0","6","2","3","2","4","3","3","4","4","2","3","5","3","5","5","4","1","4","1","1","4","5","3","3","1","2",""
"0","6","2","1","1","4","3","4","4","1","4","1","4","1","4","5","5","2","1","4","1","3","1","4","3","1","3",""
"0","6","2","2","2","4","3","2","3","2","5","1","4","5","5","5","5","1","1","5","4","1","4","4","3","1","1",""
"0","6","2","3","2","2","2","1","3","4","2","1","5","5","5","4","4","1","1","3","4","2","4","4","3","1","1",""
"0","6","1","2","1","3","3","3","3","1","4","2","4","4","5","4","3","4","1","3","4","3","5","3","3","1","1",""
"0","6","2","2","2","3","3","2","3","4","5","1","4","3","5","4","4","1","2","1","1","3","3","3","3","4","1",""
"0","6","2","1","4","4","1","4","4","1","4","2","4","4","5","4","4","4","1","5","1","2","4","2","2","2","1",""
"0","6","2","3","2","4","2","3","4","2","4","1","5","5","4","4","4","4","1","4","2","3","3","2","3","1","2",""
"0","6","1","2","1","4","3","1","3","4","2","1","5","4","4","5","4","1","2","3","1","4","3","5","1","1","1",""
"0","6","1","2","2","2","2","1","3","4","2","3","4","4","5","3","1","1","2","3","1","4","1","5","1","1","2",""
"0","6","1","3","1","3","1","2","3","3","4","2","5","3","2","3","5","4","1","1","1","1","4","3","2","1","2",""
"0","6","2","1","1","3","2","1","3","1","4","1","5","4","4","5","5","2","3","5","2","1","3","4","3","1","1",""
"0","6","2","3","2","3","1","1","4","4","4","2","4","5","4","4","4","3","1","2","1","3","2","5","2","1","2",""
"0","6","2","3","3","3","2","1","4","3","1","2","5","5","5","4","2","1","3","1","2","1","4","4","3","1","1",""
"0","6","1","3","5","4","1","3","2","1","5","2","3","2","5","5","4","2","2","1","2","1","3","2","3","1","1",""
"0","6","2","3","3","2","2","2","4","1","2","2","1","5","3","4","3","4","4","3","1","2","4","5","3","1","1",""
"0","6","1","2","4","2","3","2","3","1","4","1","2","4","4","4","4","2","1","3","1","1","1","4","2","3","1",""
"0","6","2","3","6","3","2","3","2","2","3","2","5","3","2","5","5","2","1","1","1","4","3","5","2","1","1",""
"0","6","2","3","1","3","2","2","3","2","3","2","4","4","5","2","2","4","2","1","2","5","3","4","1","1","1",""
"0","6","2","2","2","3","3","3","4","1","4","2","4","5","1","5","5","1","1","1","1","3","3","4","2","1","1",""
"0","6","2","3","3","2","3","1","2","2","2","1","5","5","5","3","4","4","2","3","1","2","4","4","3","1","1",""
"0","6","2","1","2","2","1","2","3","1","2","1","2","4","5","5","4","3","3","1","3","1","4","3","1","1","1",""
"0","6","2","2","5","4","1","1","3","1","3","2","4","3","5","5","2","4","1","3","3","2","4","4","1","3","1",""
"0","6","1","2","2","3","1","1","4","4","1","1","4","4","1","4","5","1","1","1","3","4","4","5","3","1","1",""
"0","6","2","3","2","4","3","2","4","4","4","4","4","4","4","4","4","1","2","3","3","2","4","3","2","1","1",""
"0","6","2","3","6","4","3","2","3","1","2","3","5","5","5","5","5","2","3","3","3","4","4","4","3","1","2",""
"0","6","1","1","2","4","2","4","3","1","1","1","2","5","5","5","3","2","1","4","1","1","4","5","3","1","1",""
"0","6","2","3","1","2","1","3","3","1","3","1","4","4","4","5","3","4","1","1","3","3","2","4","3","1","1",""
"0","6","1","2","2","2","2","2","3","4","4","1","4","4","5","5","2","3","2","2","1","2","3","2","2","1","3",""
"0","6","1","2","2","3","1","1","4","2","5","1","2","4","4","4","2","3","1","3","2","2","3","2","1","1","1",""
"0","6","2","3","2","4","3","3","3","1","2","1","5","5","2","5","2","2","1","2","2","5","4","5","3","2","1",""
"0","6","1","1","4","1","1","3","3","1","2","2","4","2","4","4","4","3","1","3","1","2","3","3","1","2","1",""
"0","6","1","3","2","3","1","3","4","4","4","1","5","3","4","5","3","2","2","2","4","2","3","4","1","1","4",""
"0","6","2","1","1","4","3","3","4","1","4","1","5","2","4","5","4","3","1","3","2","1","5","2","3","1","1",""
"0","6","2","2","1","4","2","2","4","1","4","4","4","4","4","3","3","1","3","3","1","3","4","4","2","1","5",""
"0","6","2","4","2","3","1","2","3","2","4","2","4","4","3","4","3","2","1","1","1","2","5","4","3","1","1",""
"0","6","1","4","3","4","1","3","4","3","2","1","4","2","5","4","5","1","1","4","1","1","5","1","3","1","1",""
"0","6","2","1","6","3","1","2","3","1","2","1","4","5","3","4","4","1","1","3","1","2","3","4","2","2","1",""
"0","6","2","3","3","3","2","4","4","1","2","1","3","5","4","5","2","3","3","3","2","2","5","5","2","1","1",""
"0","6","1","3","3","4","3","3","3","1","1","1","5","4","5","5","3","4","1","1","2","1","2","2","1","1","1",""
"0","6","2","2","2","3","3","3","3","2","1","2","4","4","3","5","1","1","2","3","3","1","5","4","2","1","1",""
"0","6","1","2","2","3","3","1","3","1","4","3","1","5","5","4","2","5","1","3","1","4","1","3","1","1","1",""
"0","6","2","3","1","4","3","1","3","4","3","4","3","3","5","5","4","1","1","2","4","2","2","3","2","1","1",""
"0","6","2","2","2","3","2","2","4","5","2","2","4","5","4","4","4","2","2","5","1","2","4","1","3","1","1",""
"0","6","2","3","6","1","2","1","4","3","4","1","5","5","1","5","4","1","2","4","1","3","4","2","3","1","1",""
"0","6","1","3","1","4","3","1","3","1","1","5","5","4","4","5","3","1","1","3","2","2","4","3","3","1","1",""
"0","6","1","3","1","2","2","3","2","1","3","1","5","5","5","5","3","1","1","1","1","2","4","3","3","1","1",""
"0","6","1","2","2","4","2","1","3","3","4","2","2","4","3","3","4","1","3","5","2","1","4","3","3","1","1",""
"0","6","2","3","1","2","3","1","3","1","2","2","4","5","4","4","4","2","4","5","1","1","3","5","3","1","3",""
"0","6","1","3","2","4","3","1","3","2","4","5","4","5","3","5","1","1","2","1","1","4","3","4","2","1","2",""
"0","6","2","2","3","3","2","2","4","4","2","2","5","3","3","2","3","3","2","2","2","4","5","4","3","1","1",""
"0","6","2","3","2","4","1","3","3","1","5","3","3","1","4","2","3","5","3","3","2","1","3","4","2","1","1",""
"0","6","2","3","3","4","1","1","3","1","3","4","4","2","5","5","3","4","4","2","1","1","5","4","3","1","4",""
"0","7","2","3","6","4","3","1","3","1","5","1","4","3","2","3","3","3","1","1","4","2","4","3","3","3","1",""
"0","7","2","4","1","4","3","2","3","4","5","2","5","2","1","2","5","4","2","2","1","2","4","4","3","1","1",""
"0","7","1","3","1","1","2","2","3","1","5","4","4","4","2","4","5","2","1","2","3","1","4","3","1","1","1",""
"0","7","2","3","5","3","3","1","3","2","5","2","5","1","3","4","3","1","2","2","3","4","3","4","1","4","1",""
"0","7","2","3","1","4","1","1","3","1","5","1","3","3","4","5","4","3","3","1","2","1","4","4","3","1","1",""
"0","7","1","3","4","2","3","1","4","1","5","1","4","3","4","5","5","1","1","1","3","1","5","5","2","1","1",""
"0","7","1","2","2","3","3","1","4","1","5","1","5","4","2","5","5","3","3","1","2","1","1","2","2","1","2",""
"0","7","1","2","5","1","1","2","4","3","3","1","4","5","4","5","2","1","1","2","2","1","3","1","2","1","1",""
"0","7","2","3","1","4","3","1","4","2","4","3","5","4","3","3","3","2","1","1","1","1","1","4","3","1","1",""
"0","7","1","3","2","2","3","1","3","3","1","1","5","4","5","5","4","1","3","1","1","3","5","5","1","1","1",""
"0","7","2","3","1","3","3","1","4","4","2","4","5","4","4","5","1","1","4","3","2","3","4","4","1","1","1",""
"0","7","2","2","1","3","3","2","3","3","5","5","4","4","2","5","5","1","1","1","1","5","2","4","3","1","2",""
"0","7","2","3","1","3","2","1","4","3","4","2","4","5","4","5","3","1","1","3","1","1","1","4","1","1","1",""
"0","7","1","3","1","3","3","1","3","4","4","2","4","2","4","5","2","1","1","3","1","1","3","3","1","1","1",""
"0","7","1","2","1","3","2","1","3","4","5","2","5","4","4","4","4","3","1","2","3","3","4","3","1","1","1",""
"0","7","2","3","1","3","3","1","3","1","2","3","5","3","4","4","1","2","1","1","1","2","4","4","3","4","1",""
"0","7","1","3","1","4","3","2","3","2","4","2","3","4","2","5","4","4","1","3","3","1","1","5","2","1","1",""
"0","7","2","3","1","3","2","3","4","4","5","3","5","4","4","5","4","1","2","2","3","3","3","4","3","1","1",""
"0","7","1","4","3","3","2","1","2","4","3","2","4","4","2","4","4","2","1","4","3","5","3","1","3","1","2",""
"0","7","1","3","1","2","1","2","2","4","4","2","4","5","3","2","3","2","3","1","4","1","4","1","3","2","1",""
"0","7","1","1","3","3","1","4","3","4","5","2","5","3","4","4","4","3","2","4","3","1","5","1","1","1","1",""
"0","7","1","3","3","3","1","1","4","2","4","2","4","5","4","1","4","1","1","1","5","2","4","1","3","1","1",""
"0","7","1","3","1","4","3","1","3","4","5","3","5","4","4","5","2","2","2","3","3","4","4","2","2","1","1",""
"0","7","1","3","4","3","1","2","3","5","4","2","5","4","4","4","4","4","1","1","1","1","5","4","2","1","1",""
"0","7","1","2","1","3","2","2","3","4","3","2","4","5","3","5","4","1","1","1","2","1","4","4","2","1","1",""
"0","7","1","1","2","4","3","1","3","1","4","3","5","2","5","2","4","3","3","4","1","2","4","4","3","1","1",""
"0","7","1","3","4","2","2","2","3","2","5","3","2","1","4","4","5","1","2","1","1","2","1","4","2","1","2",""
"0","7","1","2","1","3","3","2","3","4","3","3","4","5","2","4","2","3","2","4","3","3","3","4","3","1","2",""
"0","7","1","3","2","2","2","3","3","2","4","1","3","3","5","5","3","2","1","1","3","1","3","3","3","1","1",""
"0","7","2","1","1","3","3","2","4","1","4","3","5","3","4","5","4","1","1","5","4","2","4","4","2","4","1",""
"0","7","2","3","1","2","2","2","3","2","5","2","4","4","3","5","4","2","1","1","1","2","4","3","2","2","1",""
"0","7","1","3","1","3","3","2","3","5","5","3","4","4","5","5","3","2","1","2","1","1","4","2","2","1","1",""
"0","7","2","2","1","4","3","1","3","4","4","2","5","4","4","4","1","2","4","1","3","2","1","4","2","1","2",""
"0","7","2","3","1","4","3","3","2","2","5","1","4","5","2","5","2","3","2","1","1","1","3","2","2","1","1",""
"0","7","2","1","1","3","3","1","2","3","4","3","5","2","4","2","2","3","1","1","3","1","2","1","3","1","3",""
"0","7","1","4","2","3","2","1","3","4","5","2","4","2","2","5","4","5","1","1","1","1","4","4","2","1","1",""
"0","7","1","3","2","3","3","2","4","2","5","5","4","5","5","1","3","4","1","1","1","1","4","4","2","1","1",""
"0","7","2","3","2","4","2","3","3","4","4","1","5","2","2","1","2","1","1","3","1","3","1","2","3","1","1",""
"0","7","1","4","3","3","3","2","4","2","5","5","4","4","4","5","5","2","2","4","1","1","1","3","3","1","1",""
"0","7","1","4","6","3","3","1","3","2","5","3","4","1","2","4","5","1","1","1","4","1","4","4","2","2","1",""
"0","7","1","3","6","2","1","1","3","4","5","3","4","3","3","5","4","5","1","1","1","4","4","3","3","1","1",""
"0","7","2","1","1","2","3","1","3","4","2","2","4","5","2","5","3","2","1","1","4","2","3","4","3","1","1",""
"0","7","2","4","2","4","1","1","3","1","5","4","5","4","3","5","5","4","1","4","1","1","3","3","1","1","1",""
"0","7","2","3","6","4","2","4","3","4","4","3","4","4","2","5","5","3","1","4","1","1","3","4","3","1","1",""
"0","7","2","3","6","3","2","3","4","2","5","3","5","4","5","1","2","1","2","1","3","1","3","5","2","1","1",""
"0","7","2","4","2","3","1","2","3","1","5","3","4","4","1","5","5","1","5","1","3","1","3","2","2","1","1",""
"0","7","1","3","4","4","2","2","3","5","1","2","4","5","3","5","5","2","1","3","2","1","5","4","2","2","1",""
"0","7","1","3","4","3","2","1","3","3","5","3","3","4","2","1","2","3","1","1","1","2","3","4","3","1","2",""
"0","7","1","3","4","4","1","2","3","1","4","4","4","2","2","4","5","2","1","1","2","1","5","1","2","2","1",""
"0","7","1","1","2","3","1","1","3","1","4","1","3","5","5","4","2","5","2","1","3","4","5","5","1","1","1",""
"0","7","1","2","4","3","3","2","3","3","5","2","5","4","5","1","1","1","3","1","1","1","4","4","2","1","1",""
"0","7","2","3","1","4","1","1","3","1","5","4","2","2","4","4","4","4","2","3","1","1","2","2","3","1","1",""
"0","7","2","3","1","3","3","1","4","4","5","1","4","4","4","4","4","4","1","4","1","1","3","2","2","1","1",""
"0","7","1","1","1","3","3","2","3","1","5","3","4","4","4","5","4","2","1","3","3","1","3","3","3","2","1",""
"0","7","1","3","1","3","1","3","3","1","5","3","2","2","4","4","4","3","1","1","5","1","4","1","1","1","1",""
"0","7","1","3","1","3","2","1","4","4","3","2","2","2","4","4","5","4","1","1","4","3","2","3","3","1","1",""
"0","7","2","1","2","3","2","1","3","4","4","2","4","4","4","5","5","3","1","2","4","4","5","5","2","1","1",""
"0","7","1","3","1","2","2","1","3","3","3","2","3","4","3","5","3","3","1","3","1","1","4","3","1","2","3",""
"0","7","2","3","1","2","3","4","3","4","5","4","4","4","3","4","4","4","2","4","3","2","3","3","2","1","1",""
"0","7","2","3","2","3","1","1","3","2","5","3","1","4","4","4","3","1","1","4","1","2","3","1","3","1","1",""
"0","7","2","2","2","4","3","2","3","2","2","5","4","5","4","4","2","1","1","1","1","1","1","3","1","1","1",""
"0","7","1","3","2","2","3","3","3","4","3","3","4","4","4","4","4","4","1","1","3","3","3","4","2","1","1",""
"0","7","2","3","2","3","3","1","3","2","3","1","4","5","4","5","5","4","1","1","1","1","3","4","2","1","1",""
"0","7","2","1","3","4","1","2","3","3","2","5","5","4","3","4","3","2","1","3","1","4","1","4","3","2","2",""
"0","7","2","3","1","4","2","3","4","2","5","4","4","4","4","5","2","3","2","3","3","2","5","3","3","1","1",""
"0","7","1","3","1","2","3","2","2","4","4","1","5","4","3","4","5","3","1","2","1","3","3","2","1","1","1",""
"0","7","1","3","6","4","1","1","4","1","5","2","3","4","2","2","1","4","1","1","1","3","3","1","3","1","1",""
"0","7","1","1","1","4","3","1","3","3","4","2","5","4","1","4","4","5","3","1","3","2","4","4","1","1","1",""
"0","7","2","3","2","3","2","2","3","4","4","2","5","2","4","5","4","3","4","3","1","2","3","4","3","1","1",""
"0","7","1","1","6","4","2","1","3","1","5","3","5","2","4","5","5","1","1","2","2","3","1","4","2","1","1",""
"0","7","1","2","2","4","3","1","3","2","4","4","3","4","4","3","3","5","1","2","1","2","5","2","1","1","1",""
"0","7","1","4","2","2","3","3","3","5","3","2","5","4","4","4","3","2","3","1","1","5","1","4","2","1","1",""
"0","7","2","1","2","4","1","2","3","2","4","3","3","3","4","5","4","3","2","1","2","1","1","4","3","1","2",""
"0","7","2","2","1","1","1","1","3","4","4","2","4","5","4","5","4","4","1","5","1","1","4","5","2","1","1",""
"0","7","2","2","2","3","1","3","4","4","5","1","4","3","3","5","3","3","1","1","3","2","4","5","3","1","1",""
"0","7","1","3","1","3","3","3","3","4","4","5","4","5","3","4","4","4","1","4","1","1","2","4","2","1","2",""
"0","8","2","3","1","4","3","3","4","1","2","1","4","2","5","5","4","3","1","2","3","1","4","5","1","1","1",""
"0","8","1","2","1","4","1","2","4","1","5","3","3","2","4","4","4","1","2","3","5","2","4","5","2","1","1",""
"0","8","1","2","2","4","3","3","3","1","4","1","5","4","4","5","4","1","1","2","1","4","4","2","3","1","1",""
"0","8","1","3","2","2","1","1","3","2","2","3","5","2","5","4","5","1","1","4","3","1","5","3","2","1","1",""
"0","8","1","3","4","4","3","1","3","5","5","1","3","3","4","4","4","3","3","1","1","1","5","5","1","1","1",""
"0","8","1","1","2","2","2","3","2","4","4","4","4","1","4","4","4","2","1","2","3","2","5","4","3","1","1",""
"0","8","1","1","1","2","1","2","3","1","4","2","4","1","4","5","5","2","1","1","1","1","5","3","3","1","1",""
"0","8","2","1","1","1","1","2","2","1","5","2","5","5","4","5","2","1","1","4","1","1","3","3","1","1","1",""
"0","8","2","3","1","1","2","3","4","2","4","2","5","4","3","4","5","2","1","3","1","1","4","3","3","1","2",""
"0","8","1","2","2","3","3","1","3","5","5","3","3","4","4","5","3","4","1","5","2","1","1","3","3","1","1",""
"0","8","2","2","2","1","3","2","3","1","2","3","4","3","2","5","4","1","1","1","1","2","4","4","2","1","1",""
"0","8","1","1","3","2","3","2","3","1","4","1","5","4","4","4","2","1","1","3","3","4","4","4","1","1","1",""
"0","8","1","3","3","2","3","1","2","3","5","3","4","3","5","3","4","1","1","4","3","2","4","3","2","1","1",""
"0","8","1","3","1","3","1","3","3","1","3","3","4","5","4","4","3","1","1","2","1","3","4","4","2","1","2",""
"0","8","2","2","1","3","2","1","3","1","4","3","5","4","4","3","5","1","2","1","5","3","4","5","3","1","2",""
"0","8","1","1","1","1","3","3","3","5","5","2","4","3","5","4","5","4","1","2","1","1","3","4","2","1","4",""
"0","8","2","3","1","4","3","1","4","3","3","3","4","2","1","5","5","3","2","2","5","1","4","2","1","1","1",""
"0","8","1","3","2","1","3","1","4","4","2","3","4","4","4","5","4","4","1","4","1","2","3","3","1","1","1",""
"0","8","2","1","1","3","2","1","3","3","4","4","4","4","4","3","2","2","1","1","1","2","3","1","2","1","1",""
"0","8","2","4","1","2","1","1","3","4","4","4","5","2","4","4","5","1","1","1","1","1","4","3","1","1","1",""
"0","8","2","3","2","3","1","1","3","1","3","1","3","4","3","4","5","5","2","4","1","4","3","4","2","1","1",""
"0","8","1","1","2","3","1","2","3","5","4","3","5","4","5","5","5","2","1","1","1","3","4","5","3","1","1",""
"0","8","1","1","1","2","1","1","3","4","5","1","3","4","3","3","3","2","1","3","2","2","3","1","1","1","1",""
"0","8","1","3","1","1","3","2","3","1","2","2","3","4","2","5","3","2","3","3","3","2","3","5","2","1","1",""
"0","8","1","1","6","4","1","3","3","1","4","3","5","5","4","5","3","4","2","3","3","1","4","3","3","1","1",""
"0","8","2","3","2","3","1","1","3","4","1","2","3","2","4","5","4","1","2","2","3","1","4","4","1","2","3",""
"0","8","1","3","1","4","1","1","3","1","4","1","5","3","4","3","4","2","1","4","3","1","5","1","3","1","1",""
"0","8","2","1","2","2","1","1","4","1","4","1","4","1","5","5","2","1","1","2","1","1","3","2","1","1","2",""
"0","8","2","1","2","3","1","1","3","1","5","1","4","1","3","4","2","2","1","1","3","1","5","4","1","1","1",""
"0","8","1","4","1","3","1","1","3","1","5","1","5","4","3","4","4","4","1","3","1","1","3","2","1","1","1",""
"0","8","1","2","1","3","3","1","4","1","4","2","4","2","2","4","5","4","2","3","3","1","4","4","3","1","1",""
"0","8","1","1","1","4","3","3","3","1","1","3","3","5","4","4","5","3","1","3","1","1","3","3","1","1","1",""
"0","8","2","3","1","4","3","3","4","4","4","2","2","4","5","3","3","2","2","2","1","2","3","1","1","1","1",""
"0","8","2","3","2","3","3","1","4","1","4","3","4","5","4","3","4","4","5","1","1","4","1","5","3","2","1",""
"0","8","1","1","1","2","1","1","3","1","4","3","4","2","3","4","4","4","1","3","1","1","3","2","2","1","1",""
"0","8","2","3","1","1","1","1","3","1","5","1","5","3","5","4","4","4","3","1","1","2","4","4","1","1","1",""
"0","8","1","1","2","3","3","2","4","4","4","2","5","5","3","4","5","2","1","4","3","1","5","4","1","1","1",""
"0","8","1","3","2","2","1","2","3","1","5","1","5","5","4","5","4","3","3","3","1","1","2","5","3","1","1",""
"0","8","1","3","1","4","3","1","3","2","3","1","5","3","2","5","2","1","2","4","3","2","4","3","3","1","1",""
"0","8","1","1","1","3","1","3","3","2","4","1","4","5","5","1","4","2","1","1","1","3","4","4","1","1","2",""
"0","8","1","4","1","3","3","3","3","2","2","3","4","3","2","5","4","3","1","4","3","1","4","1","1","1","1",""
"0","8","2","2","2","4","1","1","3","2","5","1","4","4","3","5","5","1","1","4","2","3","4","3","3","1","1",""
"0","8","2","3","6","4","1","2","3","1","5","4","5","4","4","3","4","5","1","4","3","1","4","4","3","1","1",""
"0","8","2","4","2","3","1","1","3","4","2","3","5","4","4","5","4","1","1","3","1","2","4","4","3","1","2",""
"0","8","2","3","1","3","2","1","2","1","5","3","5","4","4","5","5","2","1","1","3","1","4","3","3","1","1",""
"0","8","2","1","3","4","1","3","3","1","4","4","5","3","3","5","3","1","1","4","2","4","5","4","1","1","2",""
"0","8","2","1","1","4","3","2","4","2","5","1","3","4","5","4","2","2","3","3","2","2","4","4","1","1","1",""
"0","8","2","3","6","2","3","1","3","1","5","2","4","4","3","5","4","1","3","3","1","4","3","4","3","1","1",""
"0","8","1","1","2","4","3","1","4","3","2","3","5","1","5","4","5","1","1","1","3","2","3","5","2","1","2",""
"0","8","1","1","1","4","1","1","4","1","5","2","4","4","4","5","4","3","5","1","1","1","3","3","2","1","1",""
"0","8","2","2","2","3","2","1","3","1","5","3","5","4","4","4","3","1","1","2","1","3","3","3","1","2","1",""
"0","8","2","3","1","3","1","1","4","1","4","1","4","1","5","5","4","2","1","1","3","2","4","2","3","1","1",""
"0","8","1","3","2","4","3","3","3","2","5","3","4","1","4","5","5","4","1","1","1","3","4","3","3","1","1",""
"0","8","1","3","1","3","1","1","2","4","5","4","4","3","3","5","5","2","1","1","1","3","4","4","2","1","1",""
"0","8","2","1","2","4","3","1","3","5","3","3","5","4","2","4","4","1","1","3","4","1","5","3","1","1","1",""
"0","8","1","1","2","2","3","1","3","2","4","4","3","4","3","4","4","4","1","2","5","4","4","2","1","1","1",""
"0","8","1","1","1","2","2","1","2","5","4","3","4","5","4","4","5","5","1","4","1","2","4","5","2","1","1",""
"0","8","1","3","1","3","2","1","3","2","5","2","5","2","5","5","5","1","1","1","1","4","4","2","3","1","1",""
"0","8","2","3","1","3","3","3","4","2","4","1","5","2","3","4","3","1","1","3","1","2","4","3","1","1","1",""
"0","8","1","3","5","4","3","1","3","5","4","3","1","3","4","4","3","1","1","3","3","1","5","4","1","1","1",""
"0","8","1","2","1","2","3","1","4","2","4","3","4","2","3","5","5","1","1","1","1","4","5","3","3","1","1",""
"0","9","2","3","1","3","1","1","3","1","3","1","5","4","4","5","5","1","1","4","1","1","4","1","1","1","1",""
"0","9","1","1","2","3","1","1","4","1","3","1","5","1","3","5","4","2","2","3","1","1","3","3","3","1","1",""
"0","9","2","1","5","3","3","3","3","2","3","1","4","2","5","2","4","2","4","1","2","1","1","4","1","1","1",""
"0","9","1","3","1","4","2","1","3","2","3","1","5","3","3","5","4","1","1","3","1","1","4","1","2","1","1",""
"0","9","2","2","2","1","2","1","3","1","4","1","5","3","5","5","5","1","1","5","3","2","4","3","3","1","1",""
"0","9","1","2","2","2","1","3","3","1","4","3","5","4","1","1","5","1","1","4","1","2","5","3","3","1","1",""
"0","9","1","3","1","2","3","1","4","1","4","2","3","4","4","5","5","1","4","5","1","2","4","2","3","1","2",""
"0","9","2","1","1","4","3","1","3","1","1","3","4","1","5","4","5","2","1","1","3","3","5","2","3","1","1",""
"0","9","2","2","1","3","2","2","2","1","5","5","4","5","4","5","5","1","1","2","2","4","4","3","2","1","1",""
"0","9","2","2","2","2","3","2","4","1","4","1","5","5","5","4","5","1","1","5","1","1","4","1","1","1","1",""
"0","9","2","3","1","1","3","3","3","2","3","2","5","4","4","5","5","1","1","1","1","4","4","3","3","1","1",""
"0","9","1","3","5","4","2","2","4","4","5","1","5","3","2","3","4","3","1","1","1","1","4","1","3","1","1",""
"0","9","2","2","1","1","1","1","3","1","5","1","5","3","5","5","5","1","4","3","3","1","4","4","3","1","1",""
"0","9","2","1","1","2","1","1","4","1","5","1","5","4","5","5","5","1","1","4","1","3","4","4","3","1","1",""
"0","9","1","4","1","4","3","1","4","1","3","3","4","5","5","5","5","1","1","1","3","4","4","3","3","1","1",""
"0","9","2","2","2","4","3","2","3","2","4","3","5","3","4","5","5","5","1","3","2","5","3","3","3","1","1",""
"0","9","2","1","6","3","2","2","3","1","4","3","5","2","3","5","1","2","2","1","1","1","4","4","1","1","1",""
"0","9","2","3","6","4","1","1","4","1","3","3","4","5","3","5","4","1","1","3","3","1","1","3","1","1","1",""
"0","9","2","2","1","1","2","5","4","1","3","2","4","4","5","5","4","5","1","3","2","3","4","4","3","2","1",""
"0","9","1","3","2","3","3","2","3","1","3","1","5","5","5","5","4","1","5","1","3","3","5","4","3","1","1",""
"0","9","1","2","6","3","3","1","3","1","3","2","5","3","5","5","5","1","1","1","3","1","3","4","2","1","1",""
"0","9","1","2","2","2","1","1","4","1","4","1","5","5","3","4","5","1","1","1","1","1","1","4","2","1","1",""
"0","9","1","2","1","3","1","1","2","3","3","3","5","5","5","5","4","1","3","1","3","1","4","3","3","1","1",""
"0","9","2","2","2","4","3","5","3","1","3","3","5","5","3","5","2","1","5","4","2","1","4","4","1","1","1",""
"0","9","1","1","2","1","1","1","4","2","5","1","5","3","5","4","4","1","1","3","2","1","4","5","1","1","1",""
"0","9","2","3","2","1","1","1","3","2","3","1","4","3","5","5","5","1","1","1","3","1","1","1","3","1","1",""
"0","9","2","3","2","4","1","1","3","1","4","1","4","2","4","5","5","1","4","1","1","3","5","3","3","1","1",""
"0","9","2","3","1","3","3","1","3","1","2","3","5","5","4","4","2","1","5","5","1","2","3","2","2","1","1",""
"0","9","2","2","1","3","1","1","3","3","5","1","4","5","5","4","1","1","1","4","3","3","4","3","1","1","1",""
"0","9","1","3","6","2","1","1","3","2","4","1","4","3","5","4","4","2","1","3","1","1","1","2","1","1","1",""
"0","9","1","2","1","4","1","1","4","1","4","1","4","2","3","4","4","3","1","3","1","1","4","5","1","1","1",""
"0","9","2","1","1","1","1","3","3","1","5","4","4","5","5","4","5","2","3","1","1","2","4","3","3","1","1",""
"0","9","1","3","5","1","2","1","4","1","3","1","4","3","5","5","5","4","4","4","4","2","4","3","2","1","1",""
"0","9","2","2","6","2","1","1","4","1","4","1","1","4","4","5","1","1","2","4","3","1","4","2","1","1","1",""
"0","9","2","2","3","3","1","1","4","1","3","2","4","5","5","4","1","2","1","1","3","4","2","3","3","1","1",""
"0","9","1","3","3","1","1","1","3","1","5","3","5","5","5","5","5","1","1","2","2","4","4","3","3","1","1",""
"0","9","2","2","1","2","3","1","3","1","4","1","3","4","5","4","5","1","1","1","2","4","4","3","2","3","1",""
"0","9","1","4","4","3","2","1","3","1","3","1","5","4","4","5","4","3","3","5","1","5","4","1","3","1","1",""
"0","9","2","1","5","4","2","1","3","1","3","1","5","3","5","4","4","1","3","4","1","2","3","3","3","1","1",""
"0","9","1","2","6","2","2","3","4","1","3","1","2","2","3","4","5","1","2","1","1","3","5","2","2","1","1",""
"0","9","1","2","6","4","1","1","3","1","5","3","5","3","3","4","4","3","1","3","3","2","3","5","2","1","1",""
"0","9","2","4","1","4","3","1","3","2","2","1","4","3","5","2","5","1","5","5","4","3","5","4","1","1","1",""
"0","9","2","2","6","2","3","1","3","1","3","3","4","4","5","5","5","1","1","3","1","2","4","3","1","1","1",""
"0","9","2","4","2","2","1","1","3","1","4","1","4","4","5","2","5","2","4","3","1","5","3","1","3","1","1",""
"0","9","1","3","2","4","3","1","4","1","4","1","5","4","5","2","5","1","1","2","3","5","4","3","1","1","1",""
"0","9","2","3","3","3","3","2","4","1","4","1","5","5","1","4","4","3","3","5","3","4","4","3","3","1","1",""
"0","9","2","3","2","3","2","2","4","1","5","4","4","4","5","5","4","2","2","2","1","5","1","3","3","1","1",""
"0","9","2","2","1","1","3","2","3","3","4","3","5","4","3","5","4","2","1","3","1","3","4","3","3","1","1",""
"0","9","1","2","1","4","3","1","4","2","3","1","5","4","4","5","5","1","1","1","1","1","3","3","3","1","1",""
"0","9","1","2","6","4","1","3","3","1","4","2","4","5","5","5","5","2","1","4","3","2","5","2","3","1","1",""
"0","9","1","2","2","1","1","1","3","1","4","2","5","3","4","5","5","1","1","3","2","2","3","4","2","1","1",""
"0","9","1","1","1","4","3","2","3","2","5","1","5","4","1","5","4","2","4","4","1","2","5","1","3","1","1",""
"0","9","2","2","1","4","2","1","3","2","5","3","4","5","4","5","5","3","1","1","1","5","4","3","3","1","1",""
"0","9","2","3","2","1","3","2","4","1","3","1","4","4","5","4","5","1","1","1","2","2","3","4","3","1","1",""
"0","9","1","3","1","3","2","1","4","1","5","3","5","4","5","4","5","1","1","2","2","4","1","5","3","1","1",""
"0","9","1","3","6","1","2","1","3","1","2","1","5","3","3","4","5","1","1","5","1","2","4","4","1","1","1",""
"0","9","1","2","3","1","3","1","4","1","2","3","4","3","4","4","5","1","1","2","4","1","4","4","3","1","1",""
"0","9","2","3","1","4","3","1","4","2","4","3","5","3","4","4","5","1","1","4","1","1","4","3","3","1","1",""
"0","9","2","3","3","3","2","1","3","1","1","1","5","3","5","4","5","2","1","4","1","5","5","3","1","1","1",""
"0","9","2","2","5","2","2","1","4","2","4","1","5","3","2","5","3","1","5","1","2","1","2","4","3","1","1",""
"0","9","1","3","1","4","2","1","3","1","3","1","5","4","3","4","5","1","4","1","3","3","1","4","3","1","1",""
"0","9","2","3","1","3","1","1","3","3","4","1","5","3","4","5","4","1","1","2","1","3","3","3","3","1","1",""
"0","9","2","2","1","1","3","1","3","1","2","1","4","5","3","5","4","1","1","1","3","4","4","4","3","1","2",""
"0","9","1","1","6","1","1","1","3","1","5","4","4","4","4","3","3","1","1","1","1","4","2","3","2","1","1",""
"0","9","2","2","6","3","2","1","4","1","5","1","5","5","4","4","3","1","1","1","3","1","3","5","3","1","1",""
"0","9","2","1","3","3","2","1","4","1","4","3","5","3","5","4","1","3","4","3","1","1","1","3","1","1","1",""
"0","9","1","3","1","1","3","2","3","2","3","3","4","3","1","5","5","1","2","5","1","2","5","3","1","1","1",""
"0","9","1","2","3","3","1","1","3","1","4","1","5","3","2","5","5","1","1","3","3","3","5","4","3","1","1",""
"0","9","1","1","2","3","3","1","3","3","4","4","4","5","4","4","5","1","3","3","4","1","5","4","3","1","1",""
"0","9","2","2","2","2","3","2","3","1","5","1","5","5","4","1","5","1","1","1","1","1","4","5","3","1","1",""
"0","9","1","1","4","3","2","1","4","2","1","3","4","3","4","5","1","2","1","2","3","1","3","3","3","1","1",""
"0","9","1","3","1","4","1","1","4","1","5","3","5","3","4","1","4","1","1","2","3","2","3","2","1","1","1",""
"0","9","1","2","1","1","1","2","3","4","3","1","5","5","5","3","5","2","2","4","3","1","4","5","3","1","1",""
"0","9","1","3","1","4","1","1","4","2","4","1","5","3","5","5","4","1","1","1","1","1","2","1","3","1","1",""
"0","9","2","2","1","4","1","2","3","2","5","3","4","5","3","5","4","2","4","2","1","2","3","3","3","1","1",""
"0","9","1","3","1","4","1","1","3","1","4","1","2","4","4","5","4","3","1","3","3","3","4","2","3","1","1",""
"0","9","1","1","2","4","1","1","3","4","5","1","5","5","5","5","4","2","2","4","2","4","4","3","3","1","1",""
"0","9","2","2","3","4","3","1","3","1","1","3","5","5","4","5","4","2","1","1","1","1","4","4","1","1","1",""
"0","9","1","1","1","3","3","1","4","1","3","1","5","4","4","4","5","1","4","1","1","2","1","3","2","1","1",""
"0","9","1","2","2","2","3","1","4","1","2","1","5","4","4","5","5","1","1","1","1","1","4","4","3","1","1",""
"0","9","2","2","1","2","2","1","3","1","5","1","4","2","4","4","5","1","2","3","1","3","4","3","2","1","1",""
"0","9","1","3","1","3","3","1","3","1","4","1","5","3","4","5","4","3","1","1","1","2","3","1","3","1","1",""
"0","9","1","3","1","2","1","3","4","4","4","1","5","3","3","5","5","1","1","1","3","3","4","1","1","1","1",""
"0","9","2","2","3","3","2","1","3","4","5","1","5","3","5","5","4","1","5","1","3","4","5","1","3","1","1",""
"0","9","2","2","1","1","2","2","3","1","4","1","5","5","5","5","5","1","5","4","1","3","3","4","1","1","1",""
"0","9","2","2","2","1","1","3","3","1","1","1","4","5","5","4","4","3","1","1","3","2","2","4","3","1","1",""
"0","9","2","3","6","4","2","1","3","3","3","3","5","5","5","5","5","1","1","1","1","3","5","3","3","1","1",""
"0","9","1","3","5","4","1","1","4","2","5","4","4","5","5","5","5","1","1","1","1","2","4","3","1","1","1",""
"0","9","1","1","1","2","1","1","4","1","3","3","2","3","2","5","4","1","1","3","1","1","4","3","1","2","1",""
"0","9","2","2","2","4","3","1","3","1","2","1","4","3","3","5","4","1","1","1","3","1","4","2","3","1","1",""
"0","9","1","2","4","4","1","2","3","1","4","1","5","1","3","4","2","1","5","1","4","1","3","3","3","1","1",""
"0","9","2","1","3","2","1","3","3","4","3","1","5","4","3","5","5","5","1","2","1","3","4","5","3","1","1",""
"0","9","1","2","6","2","3","2","4","1","2","2","4","1","1","5","5","3","1","3","5","1","4","2","3","3","1",""
"0","9","1","2","6","2","1","1","3","1","2","1","5","4","5","5","4","1","3","1","1","5","3","4","3","1","1",""
"0","9","2","3","2","4","1","1","3","1","1","3","4","4","1","5","5","1","1","3","1","4","5","4","1","1","1",""
"0","9","1","2","1","4","2","1","3","1","2","2","2","1","5","5","5","4","1","5","2","4","5","1","3","1","1",""
"0","9","2","3","2","3","1","1","4","1","3","1","4","3","1","4","4","1","1","3","1","3","3","3","3","1","1",""
"0","9","1","2","4","4","1","3","3","2","2","1","4","2","4","4","5","1","3","1","1","3","5","4","1","1","1",""
"0","9","2","2","1","4","1","1","3","1","5","1","4","2","4","5","4","1","1","1","1","4","3","4","3","1","1",""
"0","9","1","1","6","1","2","1","3","1","3","1","4","2","4","4","4","2","1","3","3","1","1","2","2","1","1",""
"0","9","1","2","1","3","3","2","3","1","2","3","4","3","4","4","4","2","4","3","3","1","2","4","3","1","1",""
"0","9","1","1","2","1","1","1","3","2","5","1","5","3","5","5","4","5","4","1","1","1","1","4","2","1","1",""
"0","9","2","1","6","4","1","3","3","1","2","3","5","3","3","4","1","1","3","1","3","4","4","3","3","1","1",""
"0","9","2","2","2","1","2","1","3","2","2","3","5","3","5","4","5","1","3","3","3","4","4","3","1","2","1",""
"0","9","1","2","1","2","3","1","3","1","4","4","4","5","5","5","4","2","1","1","4","2","1","2","3","1","1",""
"0","9","1","3","1","3","3","1","4","1","1","4","5","5","4","4","5","1","1","4","3","1","4","1","2","1","1",""
"0","9","2","1","2","1","1","1","4","1","3","3","4","4","4","5","5","1","1","5","1","2","4","4","3","1","1",""
"0","9","2","3","2","3","2","1","3","2","5","1","4","4","5","4","4","1","1","1","1","4","4","3","1","1","1",""
"0","9","1","2","1","2","1","1","4","1","3","3","5","4","4","5","4","1","1","3","1","1","1","4","3","1","1",""
"0","9","2","3","6","2","3","1","4","1","2","1","4","5","5","5","5","3","1","1","1","3","3","3","3","1","1",""
"0","9","1","1","1","3","3","2","4","1","5","3","5","5","4","5","4","1","1","1","2","1","4","3","2","1","1",""
"0","9","1","3","6","3","1","1","3","2","1","1","5","3","4","5","5","1","1","3","1","1","4","2","3","1","1",""
"0","9","2","2","4","2","1","5","4","1","2","4","4","4","4","5","5","1","4","1","1","1","4","3","3","1","1",""
"0","9","2","4","1","2","3","1","4","1","2","1","5","3","4","5","4","2","1","2","1","4","4","3","3","1","2",""
"0","9","1","2","2","1","1","1","3","1","4","1","5","4","5","3","5","1","1","4","3","2","4","3","3","1","1",""
"0","9","1","4","4","3","1","1","4","1","2","1","5","3","5","5","5","1","1","4","3","1","5","1","3","1","1",""
"0","9","2","1","1","4","2","1","3","2","1","1","5","4","4","5","5","3","1","4","4","2","5","3","1","1","1",""
"0","9","1","2","1","2","3","1","3","1","3","3","5","2","5","5","5","1","1","3","1","2","4","2","3","1","1",""
"0","9","1","2","2","4","3","1","3","1","4","1","5","5","2","3","5","1","1","1","1","5","4","3","3","1","1",""
"0","9","1","3","1","3","3","1","4","2","5","1","5","4","4","5","3","1","2","4","3","2","3","2","3","1","1",""
"0","9","1","2","2","2","2","3","3","1","5","1","5","5","5","5","4","1","1","3","3","3","1","1","2","1","1",""
"0","9","2","2","3","3","1","1","3","2","5","1","5","5","3","4","5","1","2","1","3","2","2","2","1","1","1",""
"0","9","2","3","1","4","2","1","3","2","4","1","5","2","4","4","5","1","1","4","3","1","1","2","1","1","1",""
"0","9","1","1","2","3","2","2","3","1","2","3","5","3","2","2","3","1","5","2","1","1","5","2","1","1","1",""
"0","9","1","2","1","1","3","1","3","2","5","1","5","2","4","4","4","1","1","5","2","2","3","3","2","1","1",""
"0","9","1","3","2","3","1","5","4","1","4","1","5","4","5","4","5","5","1","3","1","5","3","5","1","3","1",""
"0","9","1","2","6","4","3","2","3","3","5","1","4","5","4","5","5","1","1","1","3","4","4","3","3","1","1",""
"0","9","2","3","1","2","1","1","3","1","3","1","5","5","4","4","3","3","1","1","3","3","4","3","2","1","1",""
"0","9","1","2","1","4","3","1","3","1","3","3","5","4","3","5","5","2","1","4","3","1","4","2","3","1","1",""
"0","9","1","3","2","3","1","1","3","5","3","1","5","5","4","5","4","1","1","1","1","3","4","1","1","1","1",""
"0","9","1","3","1","3","1","1","3","1","2","4","4","5","5","3","4","1","2","3","2","2","3","3","3","1","1",""
"0","9","1","2","5","3","3","3","4","1","3","3","5","4","3","4","5","3","2","4","3","4","5","4","2","1","1",""
"0","9","2","2","1","4","2","3","2","1","3","2","5","5","4","5","4","2","1","2","2","4","5","3","3","1","1",""
"0","9","2","1","2","3","1","1","3","1","4","3","4","5","5","1","5","1","5","3","1","2","4","3","1","1","1",""
"0","9","2","3","2","1","2","1","3","5","4","3","2","4","5","5","5","1","1","3","1","1","4","1","3","1","2",""
"0","9","2","3","6","2","1","2","4","1","2","3","3","3","4","4","4","1","1","5","2","3","2","3","3","1","1",""
"0","9","1","2","4","2","3","1","3","1","3","1","5","5","4","5","5","1","2","3","1","3","5","2","1","1","1",""
"0","9","1","3","3","4","1","1","3","1","4","3","4","5","4","5","4","1","1","1","1","4","4","4","3","1","1",""
"0","9","2","2","2","3","3","2","3","1","3","3","5","5","5","2","5","1","1","3","1","2","5","3","3","1","1",""
"0","9","2","3","6","4","2","1","4","1","2","1","5","3","4","5","4","2","1","1","1","3","1","4","3","1","1",""
"0","9","2","3","6","3","2","2","3","2","3","4","1","1","4","5","5","1","2","2","1","2","4","3","1","1","1",""
"0","9","1","1","1","3","2","3","3","1","2","1","5","4","2","2","5","2","1","1","1","1","4","1","3","1","1",""
"0","9","2","3","2","2","1","5","4","3","5","2","5","1","4","4","5","2","5","4","1","5","3","1","3","1","1",""
"0","9","2","3","1","4","1","1","4","3","5","2","4","4","5","4","3","2","1","5","2","1","5","1","2","1","1",""
"0","9","2","2","2","3","1","5","3","1","1","1","5","4","1","3","4","5","1","2","3","1","1","4","1","1","1",""
"0","9","1","3","5","2","3","1","3","1","2","1","4","4","5","5","4","2","2","1","2","5","4","3","3","1","1",""
"0","9","1","3","1","3","3","3","3","2","3","3","4","3","2","5","4","1","4","3","3","4","2","3","1","1","1",""
"0","9","2","3","2","4","3","1","4","1","1","1","5","5","5","5","4","1","2","4","3","4","3","5","3","1","1",""
"0","9","1","3","6","4","2","1","3","3","4","3","4","3","5","5","5","2","1","1","1","2","4","5","3","3","1",""
"0","9","2","2","1","2","3","1","3","1","2","2","5","4","4","4","4","5","4","3","1","3","1","4","3","1","1",""
"0","9","1","1","5","2","2","1","3","2","1","1","4","5","4","5","4","1","1","1","1","1","4","2","3","1","1",""
"0","9","1","3","2","3","1","1","4","1","2","3","5","4","4","3","5","3","1","5","4","2","3","4","3","1","1",""
"0","9","1","2","2","4","1","1","4","1","2","1","3","4","5","4","5","2","1","2","2","3","4","4","3","1","1",""
"0","9","1","1","2","4","2","3","3","1","1","1","5","5","3","2","5","1","1","4","2","1","5","4","3","1","1",""
"0","9","2","3","2","4","2","3","3","1","2","1","4","5","5","4","5","3","2","3","1","2","3","3","3","1","1",""
"0","9","2","3","2","4","2","2","3","1","1","4","5","4","4","5","5","2","1","3","1","1","4","2","2","1","1",""
"0","9","1","3","3","3","2","1","4","2","4","3","1","4","5","5","4","5","4","1","1","1","5","3","1","1","1",""
"0","9","1","1","1","3","1","1","4","3","3","2","4","1","3","5","4","1","3","5","1","3","4","4","3","1","1",""
"0","9","1","3","6","1","3","1","3","3","2","2","4","5","5","3","1","3","1","1","1","1","4","2","1","1","1",""
"0","9","2","1","1","2","1","1","4","2","4","3","5","4","4","4","5","1","1","4","3","1","3","1","3","1","1",""
"0","9","1","3","2","4","1","1","3","1","3","1","4","5","4","5","4","2","2","3","1","3","3","3","1","1","1",""
"0","9","2","3","2","3","2","2","4","1","4","1","4","3","4","5","5","1","1","3","1","1","4","4","1","1","1",""
"0","9","2","2","2","2","3","1","4","2","4","1","5","2","4","4","4","1","1","3","2","4","3","3","3","1","1",""
"0","9","1","2","4","2","1","1","4","1","1","1","4","5","5","4","5","1","1","3","1","1","3","1","3","1","1",""
"0","9","2","3","1","4","3","1","4","1","3","1","5","5","4","4","4","1","1","4","1","2","5","3","1","1","1",""
"0","9","2","2","1","4","1","3","3","1","2","3","5","3","3","5","5","2","1","1","1","5","3","4","3","1","1",""
"0","9","1","2","6","2","1","2","3","1","5","1","4","3","5","5","4","1","1","4","4","3","2","3","3","1","1",""
"0","9","2","1","3","4","3","5","4","2","3","3","5","2","4","4","4","1","4","2","4","1","2","4","1","1","1",""
"0","9","1","1","1","4","3","2","3","1","5","1","5","5","5","5","5","2","1","3","5","1","4","1","3","1","1",""
"0","9","2","1","4","4","1","3","3","2","3","1","5","4","5","5","5","1","1","1","3","1","3","4","1","1","1",""
"0","9","1","2","4","3","1","1","4","1","4","2","4","1","5","5","5","1","2","1","3","4","3","1","3","1","1",""
"0","9","2","1","3","2","2","1","4","1","2","1","5","5","5","4","5","1","1","1","1","2","4","3","3","1","1",""
"0","9","2","1","2","4","2","1","3","1","2","1","4","4","5","5","5","1","1","3","1","1","3","2","3","1","1",""
"0","9","1","1","1","4","2","1","3","2","3","2","5","5","5","4","5","1","1","3","3","5","1","2","1","1","1",""
"0","9","1","3","1","4","2","1","4","2","1","1","5","3","2","4","5","1","1","1","2","2","4","3","1","1","1",""
"0","9","1","2","2","3","1","1","3","1","3","1","4","4","4","5","4","1","4","3","1","3","4","1","3","1","1",""
"0","9","2","4","1","2","3","1","3","1","3","4","4","4","4","5","1","1","1","1","1","5","4","4","2","1","1",""
"0","9","1","1","2","4","2","1","3","1","3","4","5","1","5","5","5","3","1","3","3","2","4","2","2","1","1",""
"0","9","2","3","2","4","1","2","4","1","1","1","5","4","3","4","5","1","1","5","1","1","4","1","3","1","1",""
"0","9","1","2","6","4","3","1","3","1","3","2","5","5","5","5","4","1","1","1","1","3","4","5","2","1","1",""
"0","9","1","2","4","2","3","1","4","1","5","1","4","2","3","5","4","1","1","5","4","3","2","4","1","1","1",""
"0","10","1","2","4","4","1","3","4","1","2","4","3","2","5","2","3","4","1","1","1","3","4","4","2","1","1",""
"0","10","2","1","1","2","1","3","4","3","5","1","3","5","5","2","3","1","1","2","5","1","4","3","1","2","5",""
"0","10","2","2","6","3","1","3","3","2","2","3","4","4","4","4","3","4","1","4","5","4","4","1","1","2","1",""
"0","10","2","1","2","4","3","3","3","1","5","2","5","2","4","4","5","1","1","1","4","3","4","2","1","2","1",""
"0","10","1","4","1","2","1","1","3","1","4","4","5","5","4","1","4","2","3","4","1","3","3","3","3","2","1",""
"0","10","2","1","6","4","2","1","3","3","4","3","4","5","3","5","2","2","1","2","1","1","5","2","3","1","1",""
"0","10","2","3","4","3","1","3","3","1","4","4","5","4","3","4","5","2","1","1","4","1","4","2","1","2","1",""
"0","10","2","2","1","3","1","2","4","4","4","3","4","2","1","3","4","4","1","3","2","4","3","1","3","3","5",""
"0","10","2","4","1","4","3","5","3","1","5","1","5","5","4","3","2","3","1","1","4","4","3","3","3","1","1",""
"0","10","2","4","2","4","2","1","3","2","5","5","4","4","4","2","5","2","1","2","4","3","4","4","2","1","5",""
"0","10","1","3","2","3","2","5","2","3","4","3","4","4","5","3","4","1","1","3","1","4","3","1","2","1","1",""
"0","10","2","1","5","3","2","2","4","1","4","1","5","3","5","5","4","3","1","1","1","4","3","4","2","1","1",""
"0","10","2","2","1","4","2","2","3","4","5","5","3","2","5","5","4","4","1","2","2","1","1","5","3","2","2",""
"0","10","1","3","2","2","1","1","4","1","4","2","4","4","5","4","4","5","1","2","1","3","4","1","3","3","2",""
"0","10","2","3","1","2","2","1","4","1","1","4","5","4","4","3","4","5","1","1","3","5","3","3","2","1","1",""
"0","10","1","3","6","4","2","1","3","1","2","3","5","4","4","5","5","2","1","1","1","2","3","2","3","1","1",""
"0","10","1","4","2","3","3","3","2","4","4","4","5","3","1","3","2","1","1","1","3","4","4","5","2","1","3",""
"0","10","2","3","1","4","2","2","3","4","4","1","2","3","4","5","4","1","1","3","3","2","3","2","2","1","1",""
"0","10","2","1","2","2","1","2","3","1","1","1","5","4","4","5","1","2","1","1","4","1","3","4","2","1","2",""
"0","10","2","3","2","4","3","4","4","3","5","2","4","5","4","4","3","5","1","3","3","4","3","5","2","1","4",""
"0","10","2","4","1","2","1","1","4","3","4","2","3","4","4","3","2","2","1","3","1","2","3","2","3","2","1",""
"0","10","2","2","2","3","1","3","4","1","4","1","5","5","4","4","5","2","1","3","1","1","4","1","3","1","2",""
"0","10","2","4","2","4","2","2","3","2","4","5","5","5","3","4","5","1","1","4","3","1","5","4","3","3","1",""
"0","10","2","1","2","3","3","3","3","3","4","4","4","5","5","5","4","1","1","3","1","3","4","1","2","1","1",""
"0","10","1","4","2","2","1","3","3","1","4","4","5","5","5","1","1","4","1","3","4","1","3","2","2","2","1",""
"0","10","1","3","1","3","1","4","3","3","4","1","5","4","1","5","1","2","1","5","2","3","4","5","3","2","1",""
"0","10","1","2","1","3","3","1","4","4","2","3","4","5","5","5","4","2","1","3","1","4","3","2","2","4","3",""
"0","10","2","3","1","2","1","1","3","1","4","5","2","4","4","4","3","2","3","4","1","3","3","4","3","1","2",""
"0","10","1","4","1","2","1","3","3","4","4","3","5","4","3","5","5","1","1","1","2","4","4","5","2","1","1",""
"0","10","1","3","2","3","3","3","3","4","4","5","4","3","5","5","3","3","1","5","2","4","1","3","3","2","2",""
"0","10","2","4","6","3","1","2","4","1","4","1","5","4","2","3","4","2","1","1","5","1","3","4","3","1","1",""
"0","10","2","2","6","2","1","3","3","3","3","1","5","3","4","3","3","4","3","1","4","1","3","4","1","1","1",""
"0","10","1","1","1","2","2","3","3","5","4","3","4","5","5","3","5","2","1","3","1","1","3","2","1","2","1",""
"0","10","2","3","2","4","1","4","3","2","5","5","5","3","4","5","4","2","1","2","3","1","3","5","1","1","1",""
"0","10","1","3","5","3","1","1","2","3","4","3","5","5","4","5","2","1","3","1","4","1","4","2","2","1","1",""
"0","10","1","4","1","4","2","2","1","5","5","4","5","2","3","5","4","2","1","2","3","3","4","5","3","1","3",""
"0","10","2","1","1","3","1","3","3","5","4","1","5","4","3","1","5","1","1","2","2","1","3","2","3","1","2",""
"0","10","1","4","5","2","3","2","2","1","3","1","2","3","3","4","4","1","3","3","2","4","4","3","3","1","1",""
"0","10","1","4","4","4","2","3","2","4","4","2","4","5","4","1","3","2","1","2","4","1","5","3","1","2","1",""
"0","10","2","4","2","4","1","1","4","4","2","2","2","4","2","4","3","2","1","1","3","3","4","3","1","2","3",""
"0","10","1","4","1","1","2","3","3","3","4","1","5","5","4","5","2","3","1","3","3","3","1","4","2","2","1",""
"0","10","1","4","2","3","1","3","3","1","4","1","5","3","2","4","2","2","3","2","3","3","3","3","3","2","1",""
"0","10","1","3","2","3","1","2","4","4","4","3","3","5","3","4","2","1","3","1","5","1","3","1","3","1","1",""
"0","10","2","3","6","1","1","3","3","5","4","3","5","3","5","4","5","2","1","1","1","2","4","4","2","1","1",""
"0","10","1","4","4","3","3","4","3","5","4","5","3","4","5","4","4","1","3","1","1","3","3","1","2","1","1",""
"0","10","2","1","2","3","3","3","4","1","4","4","4","3","3","5","2","5","1","3","1","4","5","4","2","1","1",""
"0","10","2","2","4","2","2","4","4","5","2","3","3","3","3","4","2","2","1","5","1","4","4","4","3","1","1",""
"0","10","1","3","2","4","1","1","3","1","4","1","4","4","3","3","5","4","3","3","1","1","5","3","3","3","1",""
"0","10","1","3","2","2","1","3","3","1","2","5","3","4","3","4","3","4","1","3","4","2","3","4","3","1","1",""
"0","10","1","3","1","2","3","3","3","4","4","2","5","3","5","5","1","1","2","1","1","1","3","3","2","2","5",""
"0","10","2","3","1","2","1","1","3","2","4","1","5","4","3","5","4","2","3","5","1","4","3","4","3","4","3",""
"0","10","2","4","1","3","2","4","3","5","4","5","5","4","2","3","5","3","2","5","4","4","3","3","2","1","1",""
"0","10","2","3","2","3","1","2","4","2","4","3","3","5","5","3","2","2","4","1","5","2","5","3","3","1","1",""
"0","10","2","4","1","2","3","1","3","2","4","3","5","5","2","4","3","4","3","3","3","3","4","2","2","1","1",""
"0","10","1","3","1","3","3","3","3","4","3","4","2","4","4","5","5","2","1","3","1","2","3","3","1","1","1",""
"0","10","1","3","4","4","3","3","3","5","5","3","5","4","3","5","2","1","1","5","4","4","3","4","3","1","1",""
"0","10","2","4","2","2","3","4","3","3","4","1","5","5","3","5","4","2","2","3","1","3","4","5","2","1","4",""
"0","10","1","2","1","3","2","2","4","3","4","5","5","4","3","4","5","3","1","1","1","2","4","5","2","1","2",""
"0","10","2","3","6","4","1","3","3","1","1","2","5","4","4","4","2","1","1","3","1","1","2","1","1","1","1",""
"0","10","2","3","1","4","3","1","3","5","4","2","5","5","4","4","5","2","1","3","1","3","4","5","3","2","1",""
"0","10","2","2","1","2","2","3","3","1","1","1","5","4","3","4","3","4","1","2","3","4","4","5","3","1","1",""
"0","10","1","3","2","1","3","4","3","4","3","1","3","4","4","4","3","2","1","4","4","4","3","2","1","1","2",""
"0","10","2","4","3","3","1","3","4","5","2","2","5","4","2","4","3","5","2","3","4","3","1","3","1","1","5",""
"0","10","2","4","4","2","1","3","3","4","4","1","5","5","4","5","3","3","1","1","1","4","4","1","2","1","1",""
"0","10","2","4","2","3","2","4","3","4","5","5","4","4","4","3","5","1","1","2","1","3","4","4","2","1","1",""
"0","10","1","4","2","2","1","3","3","4","4","1","4","4","4","5","3","2","3","3","2","1","3","2","2","2","1",""
"0","10","1","1","2","3","1","4","4","5","5","3","5","4","1","5","5","1","1","2","3","3","3","1","2","1","5",""
"0","10","2","2","1","3","2","2","3","2","2","1","3","5","4","4","3","5","1","4","2","3","1","3","2","1","1",""
"0","10","2","3","2","3","1","2","3","5","4","1","4","4","3","5","4","2","1","3","4","3","4","4","1","2","1",""
"0","10","2","3","1","1","2","2","3","5","2","1","5","4","4","4","3","1","1","4","1","3","2","4","2","2","3",""
"0","10","1","1","1","3","2","3","3","5","4","2","5","4","5","4","4","4","1","1","4","3","1","2","2","1","2",""
"0","10","2","1","2","3","1","2","3","1","4","2","2","4","3","5","2","2","4","3","1","4","4","3","2","2","1",""
"0","10","2","1","3","2","2","1","3","1","2","1","5","4","5","3","1","2","1","2","2","2","1","3","1","2","2",""
"0","10","2","4","4","3","1","5","3","3","4","4","5","4","4","3","5","3","1","5","3","4","4","3","2","1","4",""
"0","10","2","2","1","2","2","2","3","2","2","3","5","3","3","4","4","5","1","2","1","3","4","1","2","4","2",""
"0","10","1","3","2","4","1","3","3","2","1","1","5","3","4","3","4","2","1","4","1","5","3","3","2","1","1",""
"0","10","1","2","2","2","3","3","2","2","5","5","3","4","5","5","5","1","1","2","2","4","4","2","2","1","2",""
"0","10","2","2","1","2","3","2","3","3","3","2","5","3","2","5","2","5","1","3","2","1","4","5","1","1","1",""
"0","10","1","3","6","4","2","2","3","5","4","1","5","4","5","1","1","2","3","2","2","2","1","5","2","1","1",""
"0","10","2","4","2","4","1","3","4","1","2","1","5","2","4","2","4","1","1","2","2","4","1","5","3","1","1",""
"0","10","2","2","2","1","3","3","2","1","2","1","3","4","4","4","4","1","1","1","1","2","4","3","1","1","3",""
"0","10","1","3","2","2","1","2","4","2","4","3","5","5","5","2","3","3","1","1","4","3","4","4","3","1","1",""
"0","10","2","2","2","4","1","2","3","5","2","1","3","3","3","5","3","2","3","2","4","1","1","3","1","2","3",""
"0","10","2","2","2","3","1","3","4","1","3","1","4","3","4","1","2","5","1","1","2","3","4","2","1","1","1",""
"0","10","1","1","2","3","1","2","3","4","5","3","4","4","5","2","5","2","1","1","4","5","4","4","1","1","3",""
"0","10","2","3","3","2","1","2","3","1","5","3","4","4","4","5","2","4","2","5","2","1","3","5","2","1","1",""
"0","10","2","4","2","1","2","1","3","5","4","2","4","5","5","5","5","2","1","3","3","2","3","4","3","2","1",""
"0","10","1","3","2","3","3","3","3","2","4","2","5","4","4","5","3","2","1","2","4","3","5","3","3","1","1",""
"0","10","2","3","4","4","3","3","1","3","4","2","5","2","4","5","2","2","1","3","4","4","4","3","2","1","2",""
"0","10","2","3","1","3","2","3","2","4","4","3","5","5","4","5","3","4","1","5","1","3","5","3","3","1","3",""
"0","10","2","2","1","3","1","3","3","5","4","1","5","5","4","3","5","1","3","2","4","3","3","2","2","2","1",""
"0","10","1","3","2","3","1","3","2","1","5","4","5","3","5","5","4","2","2","1","3","4","3","4","3","1","1",""
"0","10","1","2","1","3","1","2","4","2","3","2","5","4","4","5","5","4","1","3","2","4","1","3","3","1","4",""
"0","10","2","3","1","2","1","2","3","4","4","5","3","5","5","4","3","5","1","4","1","4","3","3","3","3","1",""
"0","10","1","3","1","3","1","3","2","3","5","1","4","4","1","5","1","2","1","5","1","3","3","1","3","4","1",""
"0","10","2","4","3","2","1","3","3","2","4","3","4","5","3","4","3","5","4","3","5","3","5","3","3","1","1",""
"0","10","1","4","2","3","2","3","3","5","5","1","5","5","5","5","4","2","1","3","4","1","4","4","1","1","2",""
"0","10","2","2","3","2","3","4","4","5","4","3","5","3","3","4","3","2","1","4","4","3","3","4","2","1","1",""
"0","10","2","1","1","4","1","4","3","1","2","2","4","4","5","4","5","1","1","3","4","3","4","3","3","4","5",""
"0","10","2","3","6","3","3","1","2","4","3","5","5","4","4","2","1","2","3","3","1","3","4","3","3","1","1",""
"0","10","1","3","1","2","2","3","3","1","1","3","4","4","4","5","5","2","1","3","1","4","3","4","3","1","2",""
"0","10","1","2","2","2","2","3","3","1","4","3","4","4","3","5","4","1","1","5","1","4","4","5","3","1","1",""
"0","10","1","3","6","3","3","3","2","1","3","3","3","5","4","5","1","2","1","2","2","3","3","2","1","1","1",""
"0","10","2","4","4","3","3","3","3","3","4","1","3","5","5","4","4","4","3","1","1","3","4","4","2","1","2",""
"0","10","1","1","1","4","2","4","3","4","2","3","4","5","3","5","4","2","1","1","5","2","1","4","1","1","2",""
"0","10","1","2","1","2","1","4","3","5","2","3","4","4","4","5","4","4","1","4","4","1","4","3","1","1","2",""
"0","10","2","2","4","3","1","1","2","3","4","3","5","4","4","5","4","5","2","3","3","1","3","2","1","2","1",""
"0","10","1","4","2","2","2","1","3","1","2","1","3","5","4","5","3","1","1","2","1","1","3","3","1","3","5",""
"0","10","2","2","2","2","2","1","4","3","2","1","5","5","4","5","4","1","1","5","2","4","3","2","3","1","1",""
"0","10","2","2","4","2","2","2","3","1","3","3","5","4","3","5","2","4","2","2","1","4","4","1","2","2","5",""
"0","10","1","3","1","3","1","1","2","1","4","3","4","3","3","5","2","1","1","5","3","1","5","1","3","1","5",""
"0","10","1","3","2","3","1","1","4","1","5","4","5","3","3","2","2","1","1","4","4","5","5","4","2","2","5",""
"0","10","1","3","1","2","1","3","4","2","5","3","4","3","3","5","5","1","1","1","5","1","5","3","1","1","1",""
"0","10","2","4","2","2","3","1","3","1","5","3","3","5","5","5","3","3","1","2","1","1","4","3","2","1","1",""
"0","10","2","4","5","4","2","3","4","5","4","4","5","4","5","5","2","1","1","1","3","1","4","5","3","1","1",""
"0","10","1","2","6","2","1","3","4","1","5","2","5","4","3","5","1","4","1","5","4","3","4","1","2","2","3",""
"0","10","2","3","2","4","1","3","4","1","2","2","5","4","3","4","3","4","4","3","1","3","5","3","2","1","1",""
"0","10","2","3","4","3","3","3","3","1","1","2","5","2","3","2","5","2","1","4","4","3","5","1","1","2","1",""
"0","10","1","4","2","4","1","3","2","3","4","3","4","2","4","2","4","5","1","5","1","4","3","5","1","2","1",""
"0","10","2","3","1","2","3","1","2","1","4","1","5","5","4","4","1","2","1","1","1","3","1","1","2","1","1",""
"0","10","2","3","2","3","1","1","3","3","5","4","5","5","5","3","1","4","1","1","4","1","3","4","1","3","3",""
"0","10","1","3","1","2","1","4","3","4","4","4","5","4","5","5","5","1","4","3","4","2","4","3","2","2","1",""
"0","10","1","4","2","2","1","1","4","1","4","3","5","5","3","2","1","4","1","2","1","3","3","4","2","2","1",""
"0","10","2","2","1","4","1","4","2","3","3","1","3","4","4","4","2","5","1","4","3","1","4","3","3","1","1",""
"0","10","1","3","4","3","3","3","3","3","4","4","5","5","4","5","4","4","4","2","4","4","4","3","1","1","3",""
"0","10","1","1","2","3","2","2","4","1","2","1","5","5","4","4","2","4","1","4","2","4","1","1","1","1","1",""
"0","10","1","3","2","2","1","2","3","1","4","3","5","5","3","5","2","5","1","1","1","1","4","4","3","3","5",""
"0","10","1","1","4","2","3","4","4","5","4","3","5","5","3","4","3","5","1","3","2","2","3","1","2","1","1",""
"0","10","2","2","2","2","2","3","3","2","4","3","5","5","5","5","4","3","1","2","1","3","5","3","1","1","1",""
"0","10","2","3","1","2","1","3","3","5","4","2","5","5","4","4","3","4","2","4","1","4","3","4","3","1","2",""
"0","10","2","3","2","3","1","4","3","1","3","3","5","4","4","5","5","2","3","5","1","2","3","3","2","2","1",""
"0","10","1","2","1","4","2","4","4","5","4","2","5","2","3","4","3","2","1","5","1","4","3","2","3","1","1",""
"0","10","2","3","1","4","3","3","4","4","5","3","5","3","5","4","5","1","1","3","1","3","5","2","1","1","2",""
"0","10","2","3","2","4","1","1","3","1","4","1","3","5","5","4","2","4","3","4","2","1","4","2","2","1","1",""
"0","10","2","3","1","3","3","3","3","1","5","1","5","5","5","5","4","2","1","1","3","2","4","4","1","2","1",""
"0","10","1","3","1","4","1","3","3","4","4","1","5","2","4","5","4","1","1","2","5","1","3","2","3","1","1",""
"0","10","2","3","1","3","1","1","2","1","4","1","5","4","3","5","3","3","3","3","1","3","4","4","1","2","1",""
"0","10","1","3","1","2","2","3","3","2","4","4","3","2","4","4","4","2","1","1","1","2","4","4","3","1","2",""
"0","10","2","1","2","2","3","3","3","3","4","4","5","4","3","5","4","1","1","4","1","2","5","3","3","1","2",""
"0","10","2","3","2","1","2","1","3","2","4","1","4","3","4","2","3","2","1","3","2","1","3","2","1","1","5",""
"0","10","2","1","2","2","3","4","3","1","2","5","5","5","5","5","1","3","2","2","1","1","5","2","1","1","3",""
"0","10","2","1","1","2","2","3","3","4","4","2","5","5","5","5","5","1","1","1","1","4","5","4","3","2","2",""
"0","10","2","4","1","3","1","3","3","5","3","5","3","4","4","5","2","1","2","3","3","2","4","2","3","1","3",""
"0","10","1","1","4","3","1","3","3","4","4","5","5","5","2","5","3","3","2","3","1","3","3","4","2","2","1",""
"0","10","2","2","2","4","3","5","3","5","2","4","2","4","5","4","5","4","1","1","3","4","3","3","1","1","4",""
"0","10","2","4","4","3","2","3","3","5","2","2","5","5","3","5","5","2","1","4","5","5","3","2","1","2","1",""
"0","10","2","3","1","2","1","3","3","1","2","4","3","5","3","2","4","3","1","5","3","3","3","2","1","1","1",""
"0","10","1","2","2","1","3","3","2","3","4","1","5","4","3","2","4","4","1","1","1","3","3","5","3","1","1",""
"0","10","2","3","6","2","2","3","3","1","5","1","4","2","4","5","2","1","1","2","1","1","4","4","2","1","5",""
"0","10","1","3","1","2","1","1","3","4","4","1","4","4","4","5","5","1","1","5","3","3","3","1","3","1","3",""
"0","10","2","1","2","4","3","3","2","5","3","3","2","5","3","4","5","3","1","2","1","3","3","2","2","2","1",""
"0","10","1","3","2","3","2","4","4","5","1","1","5","5","5","4","2","4","1","3","2","4","5","2","3","1","1",""
"0","10","2","3","5","2","2","3","3","5","4","5","3","2","5","4","2","2","1","3","1","1","4","3","1","1","1",""
"0","10","2","1","5","3","1","3","3","5","4","3","5","4","2","4","3","4","1","1","1","4","3","1","1","1","1",""
"0","10","2","3","1","2","3","1","3","3","3","5","4","3","2","3","4","2","1","1","1","3","4","3","2","2","1",""
"0","10","2","4","2","2","1","3","3","3","4","3","3","3","3","4","4","4","1","4","1","4","3","2","3","1","1",""
"0","10","1","4","2","3","3","3","3","5","4","2","4","4","4","3","5","4","1","3","2","2","3","2","2","1","1",""
"0","10","2","3","1","4","3","1","2","5","2","3","4","5","4","5","5","2","3","1","1","3","4","2","1","1","1",""
"0","10","2","4","1","3","3","3","4","2","3","2","4","2","3","5","3","5","1","3","3","2","4","3","2","2","1",""
"0","10","1","3","2","2","3","3","3","4","4","3","4","3","4","5","4","1","1","1","5","3","4","2","2","1","1",""
"0","10","2","4","1","4","1","3","4","5","2","5","5","4","4","2","4","2","1","2","1","3","3","4","3","1","1",""
"0","10","2","4","1","2","1","1","3","1","4","5","5","4","4","5","3","2","1","1","2","4","4","4","3","2","1",""
"0","10","1","3","2","2","1","3","1","1","1","1","5","5","3","5","4","1","1","3","3","4","5","4","3","1","1",""
"0","10","2","2","1","4","2","3","3","2","2","3","5","4","5","5","3","1","1","5","1","4","1","3","3","1","1",""
"0","10","2","3","3","2","1","4","3","5","4","3","5","4","5","4","4","4","3","1","3","1","4","2","2","2","5",""
"0","10","1","4","2","2","2","3","1","5","2","2","5","4","3","5","5","3","3","1","2","1","3","3","3","3","5",""
"0","10","2","1","1","3","3","2","3","2","4","4","4","4","4","5","4","4","1","1","4","1","2","2","1","1","1",""
"0","10","2","3","2","3","2","3","3","5","5","2","4","3","3","4","4","2","1","3","1","1","3","2","3","4","1",""
"0","10","1","4","1","1","2","3","3","5","4","1","5","4","4","2","4","2","1","4","1","3","4","2","3","1","1",""
"0","10","1","2","4","1","1","2","3","5","4","2","2","5","4","5","1","3","1","2","3","3","1","4","2","2","1",""
"0","10","1","2","2","1","1","3","4","3","4","1","5","4","5","3","3","4","1","3","1","3","3","3","2","1","1",""
"0","10","1","3","1","2","1","1","4","2","5","3","5","4","4","5","2","4","1","3","2","1","3","5","1","1","1",""
"0","10","1","3","2","3","3","3","3","1","4","2","5","5","4","2","1","4","1","1","2","5","3","3","2","4","2",""
"0","10","2","1","2","3","2","4","3","3","2","2","5","4","5","1","1","1","1","4","3","3","1","5","2","1","1",""
"0","10","1","2","2","1","3","4","3","2","5","1","5","4","4","5","5","5","4","4","4","2","4","2","2","2","1",""
"0","10","2","1","2","3","1","3","4","2","1","1","3","4","5","4","3","2","1","3","2","4","5","2","3","1","2",""
"0","10","2","3","4","3","1","3","2","3","3","5","5","5","4","5","5","1","1","4","1","4","3","5","3","1","1",""
"0","10","1","2","2","3","1","3","3","4","4","5","3","4","4","4","3","3","3","3","4","1","1","1","3","1","1",""
"0","10","2","1","4","3","1","1","4","1","4","1","3","5","4","5","4","4","3","2","1","2","3","5","3","2","2",""
"0","10","1","2","4","4","3","1","3","3","2","2","5","4","5","2","4","2","1","5","1","1","4","2","2","1","2",""
"0","10","1","2","4","4","1","2","3","4","4","1","3","5","3","4","5","4","1","1","2","3","4","2","2","1","1",""
"0","10","1","4","4","3","1","1","2","1","4","2","4","2","4","5","2","5","1","3","1","1","4","2","3","2","5",""
"0","10","1","1","2","2","1","3","3","1","3","1","5","2","3","5","5","2","1","4","4","4","4","3","3","1","1",""
"0","10","2","4","2","3","1","1","3","5","4","3","5","4","5","4","3","5","1","3","2","3","3","3","2","3","5",""
"0","10","1","1","1","3","1","2","3","5","5","4","3","4","5","4","3","1","1","3","1","1","4","5","2","2","1",""
"0","10","2","3","2","3","3","3","3","1","2","1","5","4","4","4","3","2","1","3","1","4","3","5","2","2","3",""
"0","10","2","4","2","4","3","1","3","5","4","2","5","5","3","2","4","3","3","2","3","1","4","2","1","1","1",""
"0","10","1","4","1","3","3","4","3","1","4","2","5","5","4","3","2","3","3","5","3","4","3","5","2","4","1",""
"0","10","2","3","1","2","3","3","3","1","4","4","4","4","4","2","4","3","1","2","4","1","4","1","2","1","1",""
"0","10","1","3","3","2","3","1","2","2","2","1","5","3","5","5","3","5","1","3","1","5","4","2","2","3","1",""
"0","10","2","3","2","1","2","4","3","1","2","3","4","2","1","2","5","1","1","3","1","3","4","1","1","1","1",""
"0","10","1","3","1","3","2","3","3","5","4","1","4","5","4","4","1","2","1","4","2","2","1","3","3","2","4",""
"0","10","2","3","2","3","1","3","2","1","4","2","5","4","5","2","2","1","1","1","3","2","3","2","1","1","5",""
"0","10","1","1","2","3","1","4","3","4","3","3","5","4","3","2","1","2","3","2","5","1","3","4","2","1","1",""
"0","10","1","1","6","3","2","3","3","1","4","5","5","5","3","5","5","2","1","4","1","3","4","4","2","4","1",""
"0","10","2","4","1","4","3","2","3","5","2","1","5","5","5","4","1","2","1","4","4","1","3","1","1","2","1",""
"0","10","1","1","1","2","3","3","4","1","3","2","4","4","3","5","1","2","1","2","1","3","5","2","2","1","1",""
"0","11","2","1","1","4","3","2","3","1","3","1","4","5","4","5","4","1","2","3","2","4","4","3","1","1","1",""
"0","11","2","3","3","4","1","4","2","4","1","1","5","5","3","4","4","2","4","3","5","1","1","2","3","1","1",""
"0","11","2","2","6","1","3","1","3","3","4","3","5","4","3","1","4","1","2","5","3","4","3","1","3","1","1",""
"0","11","1","3","1","2","1","2","3","2","3","1","4","5","2","5","2","2","4","3","1","4","3","1","3","1","1",""
"0","11","1","3","1","4","1","1","3","2","1","3","5","4","5","4","5","1","4","1","3","2","3","2","3","1","1",""
"0","11","2","2","1","2","1","1","4","1","2","1","4","4","4","3","4","2","2","3","4","3","4","1","3","2","2",""
"0","11","2","2","2","3","3","2","3","2","1","3","4","5","3","3","4","1","1","4","2","4","1","3","3","1","2",""
"0","11","2","3","3","4","3","1","3","3","3","1","5","5","3","4","5","3","4","4","1","5","1","3","1","1","1",""
"0","11","1","3","1","4","1","3","4","3","1","1","5","2","1","2","3","1","2","5","3","3","3","1","3","2","1",""
"0","11","1","3","1","4","2","1","3","2","4","5","5","5","4","5","3","1","1","4","2","1","1","2","1","1","3",""
"0","11","2","3","3","4","1","1","3","4","3","1","5","5","2","5","5","1","4","1","2","5","1","4","2","1","1",""
"0","11","1","3","6","3","3","4","3","3","1","4","5","5","2","4","3","2","4","3","3","3","3","2","2","1","1",""
"0","11","1","2","3","3","3","1","4","1","4","1","4","5","1","5","3","4","4","4","3","4","2","1","2","1","2",""
"0","11","2","3","1","4","1","1","3","3","1","1","4","5","5","2","4","3","4","5","3","2","4","4","2","2","1",""
"0","11","2","3","1","2","1","2","4","3","1","1","3","5","3","4","2","4","2","2","3","3","5","2","3","1","1",""
"0","11","2","3","1","2","3","1","3","2","3","3","4","4","3","5","4","2","4","2","1","3","1","2","3","1","1",""
"0","11","2","1","1","4","3","3","2","3","2","3","3","3","4","4","4","1","1","2","4","3","3","4","2","1","1",""
"0","11","2","2","6","2","3","1","3","4","1","3","4","3","3","5","4","4","2","3","2","2","4","2","3","1","1",""
"0","11","1","3","1","4","2","3","4","3","4","1","4","2","2","4","3","1","2","5","5","1","5","2","1","2","1",""
"0","11","1","3","3","4","3","2","2","5","1","1","5","4","4","4","3","4","4","3","3","3","4","2","1","1","1",""
"0","11","2","2","1","3","3","3","3","3","3","3","4","4","5","5","2","4","2","3","1","2","4","3","3","2","1",""
"0","11","2","1","5","2","3","3","4","2","5","3","4","5","4","5","4","2","4","2","1","3","4","4","2","2","2",""
"0","11","2","3","1","1","2","3","3","3","2","1","5","5","2","5","5","1","4","4","5","1","1","4","3","1","1",""
"0","11","1","3","2","4","3","1","3","4","2","1","5","4","2","5","2","4","4","3","2","2","2","4","2","1","1",""
"0","11","1","1","4","1","3","2","3","2","1","3","1","5","5","5","5","2","2","3","5","3","4","3","2","1","1",""
"0","11","2","3","1","3","1","2","3","5","4","1","5","4","5","5","3","2","2","2","2","4","3","3","3","2","1",""
"0","11","2","1","1","2","1","3","3","1","1","3","4","5","1","5","4","1","1","4","3","4","4","1","2","1","1",""
"0","11","1","3","4","4","3","1","3","1","5","3","4","2","4","5","5","2","1","3","1","3","1","4","2","1","2",""
"0","11","2","3","1","2","1","3","4","3","3","3","5","1","4","5","2","1","1","3","5","3","4","3","2","1","1",""
"0","11","2","2","1","2","1","1","3","2","2","1","5","2","4","4","4","2","2","4","3","3","4","1","3","1","1",""
"0","11","2","1","1","4","1","2","3","4","1","1","4","5","3","4","1","2","4","4","1","2","4","4","2","2","1",""
"0","11","2","2","3","2","1","2","3","4","4","3","5","5","4","4","5","2","4","5","3","3","4","4","3","2","1",""
"0","11","2","1","1","2","1","1","4","2","3","1","4","5","4","4","4","1","1","5","1","3","3","3","3","1","2",""
"0","11","1","3","4","2","3","1","3","4","2","1","5","4","2","4","3","3","2","5","1","4","2","4","3","2","1",""
"0","11","2","1","1","2","1","1","3","2","5","3","5","3","2","4","3","4","2","3","2","2","1","4","1","2","2",""
"0","11","2","1","3","3","3","1","4","1","3","3","4","5","4","5","1","1","4","2","3","3","3","4","2","1","1",""
"0","11","2","3","1","4","3","3","2","4","2","3","5","5","4","1","1","3","3","3","3","1","1","4","3","2","2",""
"0","11","2","2","1","2","2","2","3","3","2","2","4","5","2","4","1","1","4","3","2","3","4","2","2","2","1",""
"0","11","2","3","1","3","2","4","4","2","2","5","5","4","5","4","2","1","4","5","3","3","4","2","2","1","1",""
"0","11","1","3","1","3","1","1","4","4","1","3","4","4","4","5","1","2","1","3","2","2","1","1","2","1","1",""
"0","11","2","2","1","4","3","4","3","2","2","3","4","3","3","5","4","1","4","3","3","3","4","4","3","1","1",""
"0","11","2","3","6","1","3","1","3","1","3","1","5","2","4","5","3","1","4","4","2","3","3","2","1","2","1",""
"0","11","2","3","3","1","1","3","3","4","1","1","4","3","5","4","1","2","2","3","1","4","1","3","3","4","1",""
"0","11","1","3","2","2","1","1","4","3","1","1","1","3","4","4","1","2","1","3","2","3","4","2","2","1","1",""
"0","11","2","3","3","3","3","4","3","1","5","1","5","5","4","5","2","1","4","2","3","3","1","4","3","1","1",""
"0","11","2","1","1","3","1","1","4","4","1","3","1","5","2","5","1","1","3","4","5","3","1","2","2","1","1",""
"0","11","2","1","1","3","2","3","3","2","5","1","4","5","5","5","1","4","4","5","3","3","1","4","3","2","1",""
"0","11","2","1","6","2","1","1","3","2","1","1","5","2","4","5","5","2","2","3","1","2","1","2","3","1","3",""
"0","11","2","2","6","4","2","1","3","4","4","1","5","4","4","5","3","2","2","2","3","1","3","4","3","1","1",""
"0","11","1","1","1","3","3","3","3","4","1","5","4","4","5","4","5","2","4","4","1","2","4","3","1","1","2",""
"0","11","2","2","5","4","3","1","4","2","1","3","5","4","4","5","5","2","3","5","4","4","5","2","1","2","1",""
"0","11","1","3","2","4","3","1","3","2","4","1","4","4","4","4","4","4","1","2","2","3","1","3","3","2","1",""
"0","11","1","1","4","2","2","1","4","2","1","3","5","5","4","3","1","1","4","4","4","1","1","4","1","2","1",""
"0","11","1","3","1","3","3","3","3","4","3","3","5","3","5","4","1","2","2","2","4","2","4","4","3","4","1",""
"0","11","2","1","1","2","3","1","3","3","3","1","4","5","4","3","3","2","1","3","3","2","4","2","2","1","3",""
"0","11","2","1","6","2","1","1","3","1","1","1","4","3","5","4","1","3","3","4","2","2","1","4","1","1","1",""
"0","11","2","3","1","4","3","4","4","2","3","5","5","3","4","5","3","2","2","2","4","4","4","3","3","1","1",""
"0","11","2","3","4","1","3","2","4","3","3","1","4","4","3","2","4","1","4","3","3","2","2","1","3","2","1",""
"0","11","1","1","1","4","3","4","4","3","1","1","4","3","2","4","5","1","4","2","5","4","4","2","2","2","1",""
"0","11","2","2","2","4","2","3","4","1","5","2","5","4","4","5","1","2","4","4","3","3","3","2","3","1","1",""
"0","11","1","2","1","3","3","2","3","3","1","3","5","3","4","4","4","1","4","2","1","2","2","3","1","2","1",""
"0","11","2","3","1","2","1","1","3","1","3","1","1","3","1","5","1","2","1","2","1","1","3","3","3","1","1",""
"0","11","2","3","1","3","2","1","4","3","4","3","5","4","3","4","4","2","1","2","4","4","3","4","3","4","1",""
"0","11","2","1","1","2","1","2","3","1","2","1","5","5","4","4","3","4","2","5","5","2","5","1","3","1","1",""
"0","11","1","2","1","2","3","2","3","4","1","3","5","5","4","3","5","2","4","2","3","5","4","3","3","1","1",""
"0","11","2","3","6","2","3","3","3","2","1","1","4","5","2","4","1","1","3","2","3","4","1","1","3","1","1",""
"0","11","2","2","1","2","3","1","2","1","1","1","5","3","3","5","2","1","1","3","2","2","4","2","2","4","3",""
"0","11","2","1","4","3","3","2","4","2","4","1","4","5","3","5","1","1","1","4","3","4","2","4","2","1","1",""
"0","11","2","2","1","3","3","1","3","4","2","1","4","5","4","4","2","3","2","1","1","1","1","3","1","1","1",""
"0","11","2","2","1","3","3","2","3","4","3","1","5","5","5","5","1","4","2","2","3","2","1","4","2","1","2",""
"0","11","2","3","2","4","2","3","3","4","2","1","5","4","4","4","3","4","2","5","5","3","4","4","3","1","2",""
"0","11","2","3","3","3","3","1","3","1","3","1","5","3","3","5","4","4","1","5","5","2","4","4","1","1","1",""
"0","11","2","2","4","2","1","1","3","5","1","1","5","3","2","3","1","1","4","3","1","4","2","4","3","4","1",""
"0","11","2","2","4","2","1","3","4","3","3","1","5","4","4","2","4","4","1","5","3","2","1","4","1","1","2",""
"0","11","2","2","4","4","3","4","3","1","4","1","5","5","4","4","2","1","2","3","2","2","2","1","3","1","1",""
"0","11","2","2","1","2","3","3","3","3","4","3","5","3","5","4","4","1","2","3","5","4","2","4","2","1","1",""
"0","11","2","3","1","3","1","1","3","4","1","1","5","3","5","5","3","4","2","2","2","3","1","4","2","1","1",""
"0","11","1","2","6","2","1","1","3","4","1","1","5","3","4","5","1","3","2","2","3","3","4","4","3","1","1",""
"0","11","2","3","5","4","3","4","4","3","5","1","5","4","5","4","1","1","4","3","5","5","4","3","2","1","1",""
"0","11","1","3","1","3","3","1","3","4","3","1","5","5","4","4","1","1","3","2","3","2","1","4","3","1","1",""
"0","11","2","3","1","3","1","1","3","1","1","4","3","4","3","4","3","1","3","2","2","3","2","4","2","1","2",""
"0","11","2","1","1","3","1","1","3","4","2","1","5","5","2","5","1","4","4","3","1","3","4","1","3","1","1",""
"0","11","1","3","3","2","1","3","4","2","3","1","4","4","5","4","4","1","4","3","1","3","4","4","3","1","1",""
"0","11","1","3","4","2","1","1","3","1","1","1","3","4","5","4","4","2","4","2","5","3","4","2","3","2","1",""
"0","11","2","3","1","3","3","1","3","3","5","4","4","5","3","5","1","1","4","2","1","2","1","2","2","2","1",""
"0","11","2","3","1","2","3","2","3","2","5","3","5","5","4","3","5","4","2","3","2","4","4","4","2","2","1",""
"0","11","2","2","4","3","3","3","3","3","3","3","4","4","4","5","5","2","4","4","3","2","4","2","3","2","1",""
"0","11","2","2","1","2","1","3","3","1","4","1","4","5","4","4","2","3","1","2","2","1","3","4","3","1","1",""
"0","11","2","3","6","4","2","1","3","3","3","1","4","5","2","2","2","3","2","4","1","1","1","2","1","1","1",""
"0","11","2","1","1","3","3","1","3","4","1","1","4","3","3","5","1","2","4","2","1","2","4","3","1","1","2",""
"0","11","1","3","4","4","3","3","3","3","3","1","5","5","5","5","1","3","2","4","3","4","4","1","3","1","1",""
"0","11","1","3","1","2","2","1","3","1","1","1","4","4","4","5","3","2","1","3","2","3","2","2","2","1","2",""
"0","11","1","3","2","2","1","1","3","1","1","3","5","1","2","5","5","1","1","3","3","5","3","1","1","2","1",""
"0","11","1","1","4","4","2","1","3","4","1","4","4","5","5","5","1","2","2","2","3","3","4","3","2","1","1",""
"0","11","2","3","1","4","3","1","3","2","2","3","4","5","5","5","3","4","2","4","1","3","4","4","2","1","1",""
"0","11","2","2","1","2","3","3","3","1","1","1","5","5","4","5","4","2","2","2","1","2","4","3","2","2","1",""
"0","11","2","3","1","4","1","1","4","4","3","1","5","4","4","5","4","1","4","5","2","1","3","4","1","2","1",""
"0","11","2","3","1","4","1","2","3","4","3","3","5","3","5","3","4","2","3","4","3","3","1","3","3","1","1",""
"0","11","2","2","3","4","1","1","3","3","1","1","4","5","5","4","3","4","2","2","4","2","1","1","3","1","1",""
"0","11","1","3","4","4","1","1","3","1","1","3","5","5","4","5","4","2","2","3","2","5","4","2","3","1","1",""
"0","11","2","3","1","4","2","3","4","2","1","1","5","4","5","4","1","2","4","3","2","3","1","4","3","1","1",""
"0","11","2","3","4","3","3","1","3","4","5","3","4","5","3","5","3","1","1","3","1","4","3","4","2","1","1",""
"0","11","1","2","1","2","3","1","4","1","3","3","4","4","3","4","1","1","2","5","5","1","3","3","2","1","1",""
"0","11","1","3","6","2","2","1","3","4","3","3","3","5","5","4","3","1","1","5","1","4","4","4","2","2","1",""
"0","11","2","3","4","4","1","3","3","1","1","4","4","5","4","5","4","2","4","4","3","4","1","4","2","1","1",""
"0","11","1","1","3","4","3","1","2","1","2","3","4","4","4","3","2","1","1","2","1","1","3","2","3","1","3",""
"0","11","1","3","4","2","3","1","4","4","2","3","4","4","4","4","3","1","1","3","3","3","1","4","2","1","1",""
"0","11","2","2","6","2","1","1","4","5","4","3","5","1","3","2","2","1","4","2","5","3","4","3","3","1","2",""
"0","11","2","3","1","4","2","1","4","4","2","5","1","3","4","4","3","2","2","3","2","3","3","4","3","1","1",""
"0","11","2","3","6","3","1","4","3","2","3","1","4","5","3","2","3","2","4","3","3","3","3","3","3","1","1",""
"0","11","2","3","1","3","3","1","4","1","1","1","5","3","5","4","1","2","4","2","5","3","1","4","1","4","1",""
"0","11","1","3","1","2","2","4","3","2","3","3","4","1","4","4","2","4","2","2","5","3","4","1","3","2","1",""
"0","11","2","1","3","4","2","3","3","1","1","1","4","2","4","5","4","2","2","4","3","1","4","4","3","4","2",""
"0","11","1","3","4","2","2","3","3","4","2","3","5","2","4","3","2","1","2","4","5","3","1","4","2","1","1",""
"0","11","1","3","1","2","3","2","3","2","5","1","1","3","4","5","3","2","4","5","2","1","2","3","2","1","1",""
"0","11","2","3","1","3","2","1","4","2","3","1","4","5","4","5","3","2","4","2","2","2","1","4","2","1","1",""
"0","11","1","3","1","4","1","1","3","2","2","3","5","4","1","3","2","4","4","3","3","4","4","2","3","1","1",""
"0","11","2","3","4","4","2","1","4","4","1","1","4","3","4","4","2","1","1","5","2","2","4","4","2","1","1",""
"0","11","1","3","4","4","1","1","3","1","1","1","5","5","3","5","1","2","2","4","3","1","4","4","2","1","1",""
"0","11","2","3","4","2","3","3","4","3","5","3","5","3","4","4","1","3","1","3","3","4","4","4","3","1","1",""
"0","11","2","3","1","3","3","1","3","3","3","1","1","5","4","3","1","3","1","3","1","2","1","3","1","2","1",""
"0","11","2","2","3","2","2","3","3","2","1","3","4","3","4","4","1","3","2","4","3","4","1","2","2","1","1",""
"0","11","2","3","4","2","1","1","3","4","1","1","5","4","4","4","1","1","4","2","2","2","1","2","3","4","1",""
"0","11","1","3","3","2","3","2","3","2","5","3","4","5","4","3","4","3","4","5","2","1","1","4","1","1","3",""
"0","11","1","3","4","2","3","1","3","4","1","1","4","5","5","5","3","4","1","4","1","2","1","3","3","1","2",""
"0","11","1","3","3","2","3","1","3","3","1","1","5","4","4","4","3","4","4","5","5","2","4","3","3","1","1",""
"0","11","2","3","1","2","3","2","3","2","3","1","5","5","4","2","4","1","1","3","3","3","2","4","1","1","1",""
"0","11","2","2","4","3","1","3","3","4","3","5","5","5","4","5","1","4","2","4","3","1","4","2","2","1","3",""
"0","11","2","3","1","3","3","4","4","2","3","1","4","5","4","4","1","1","2","4","3","3","3","3","3","4","1",""
"0","11","1","3","1","4","3","4","3","2","4","1","5","4","3","5","2","2","3","3","3","2","4","4","2","1","1",""
"0","11","2","1","2","4","1","1","3","1","1","3","4","4","4","4","3","1","2","2","3","1","3","2","2","1","1",""
"0","11","2","2","1","2","1","2","3","4","1","1","4","4","4","5","3","2","4","4","5","2","4","1","3","1","1",""
"0","11","2","3","1","4","1","3","3","3","5","1","4","3","2","5","3","1","4","3","3","5","4","4","1","2","1",""
"0","11","2","2","6","2","3","1","3","5","2","1","4","4","4","4","5","2","4","5","3","1","1","2","1","1","2",""
"0","11","2","3","1","3","3","1","2","2","1","1","5","4","4","4","3","3","1","5","3","2","1","3","2","1","1",""
"0","11","2","1","4","4","2","1","4","3","1","3","4","5","4","4","3","2","4","5","3","1","2","4","1","2","1",""
"0","11","2","3","6","4","1","2","4","4","3","1","4","1","5","5","5","4","4","5","1","2","3","1","3","1","1",""
"0","11","1","1","1","4","3","2","3","2","1","1","4","3","5","3","1","2","2","4","2","3","3","4","3","2","1",""
"0","11","1","3","1","3","2","2","4","4","3","1","5","5","5","4","1","4","1","2","3","4","3","4","2","1","1",""
"0","11","1","3","3","2","3","2","4","4","1","3","5","4","4","5","4","4","2","3","2","3","4","1","3","1","1",""
"0","11","1","3","3","4","1","2","3","2","4","3","5","4","4","5","1","1","1","3","5","2","2","4","3","1","1",""
"0","11","2","3","5","2","1","1","4","3","1","1","4","5","4","2","1","3","1","5","4","1","1","2","1","1","1",""
"0","11","2","3","1","3","3","2","3","4","2","3","5","4","5","4","5","1","1","3","4","1","1","1","1","2","1",""
"0","11","1","3","1","3","3","2","3","2","3","3","3","5","4","2","1","4","2","4","2","2","3","2","2","1","1",""
"0","11","2","3","3","2","2","2","4","3","3","1","5","1","5","4","1","1","3","5","5","1","1","3","2","1","1",""
"0","11","1","1","1","4","2","1","2","1","5","5","5","4","5","5","3","3","1","2","1","2","1","2","3","1","1",""
"0","11","1","2","3","4","1","3","3","4","3","3","5","3","5","4","1","1","2","2","3","2","1","1","1","2","1",""
"0","11","1","1","4","3","3","3","3","4","2","3","5","3","4","5","5","4","3","2","3","3","2","2","3","1","1",""
"0","11","1","1","1","3","3","3","3","2","3","1","1","5","4","4","3","4","4","2","2","3","1","2","3","1","1",""
"0","11","2","1","3","4","1","1","3","3","3","1","5","5","4","2","4","1","2","3","3","4","4","3","3","2","1",""
"0","11","1","2","4","4","1","1","3","3","1","3","5","5","4","5","1","2","1","2","3","2","1","4","2","1","1",""
"0","11","2","1","1","2","1","3","4","5","1","3","4","4","4","4","3","2","1","5","4","2","1","3","3","1","1",""
"0","11","2","2","1","4","1","2","3","2","1","1","5","3","2","5","1","1","3","2","2","2","1","4","2","1","1",""
"0","11","2","3","1","2","3","1","3","3","2","3","5","4","5","4","4","4","1","3","1","5","2","1","3","1","3",""
"0","11","2","1","5","4","1","2","3","4","5","3","5","1","1","4","4","1","4","5","5","5","1","4","1","2","1",""
"0","11","2","2","2","4","1","1","3","4","3","5","5","5","4","5","3","4","2","2","3","2","1","2","1","1","2",""
"0","11","1","3","1","2","3","3","3","2","2","2","5","4","4","5","1","2","4","5","5","4","1","2","2","1","1",""
"0","11","1","3","6","3","2","1","3","4","2","1","5","4","4","4","1","4","2","3","3","1","1","4","3","1","1",""
"0","11","2","3","3","2","3","3","3","1","1","3","5","4","5","5","1","4","1","3","3","2","4","1","3","2","1",""
"0","11","2","3","6","2","1","1","3","1","5","1","5","5","2","4","2","2","1","5","2","2","4","2","1","1","1",""
"0","11","2","3","2","2","2","1","3","2","1","2","5","4","4","4","3","2","2","5","4","4","3","4","2","1","1",""
"0","11","2","3","1","2","1","1","3","3","5","1","4","4","4","5","3","4","4","5","2","3","4","4","1","1","2",""
"0","11","1","3","1","4","3","3","4","3","4","1","5","4","2","5","3","3","2","4","5","1","2","2","2","1","1",""
"0","11","2","3","1","2","3","3","4","5","1","1","5","5","4","5","2","1","2","5","3","4","1","3","2","2","1",""
"0","11","2","2","3","3","3","2","3","4","2","4","4","5","1","3","1","2","4","2","1","2","4","1","3","1","1",""
"0","11","2","3","5","3","3","3","3","2","1","1","5","4","5","5","4","1","4","3","1","4","4","3","2","1","1",""
"0","11","2","3","6","2","2","1","3","1","3","3","4","4","4","3","5","4","2","4","3","4","5","2","3","2","2",""
"0","11","2","1","1","4","3","4","3","5","1","1","5","4","5","5","2","1","3","4","1","3","3","3","2","1","1",""
"0","11","2","2","3","2","3","3","3","2","1","1","4","5","4","4","5","1","2","3","2","4","3","2","1","1","1",""
"0","11","2","2","5","2","1","1","3","2","1","3","5","4","4","5","3","4","1","2","1","3","1","3","3","4","2",""
"0","11","1","3","6","3","1","1","3","4","5","1","5","5","3","4","1","2","4","2","1","3","5","3","3","1","1",""
"0","11","1","3","6","2","3","3","3","4","4","1","4","5","5","5","5","1","4","4","2","3","4","1","2","1","1",""
"0","11","2","2","1","2","1","1","4","1","1","3","1","4","5","5","3","2","3","3","4","4","3","2","3","1","1",""
"0","11","1","2","4","3","1","2","3","1","4","1","4","4","2","5","5","3","1","5","3","1","1","2","2","1","1",""
"0","11","2","2","1","1","1","4","3","3","3","5","4","4","3","5","1","4","2","2","1","1","4","4","1","1","1",""
"0","11","2","3","4","3","3","2","3","1","1","1","5","5","4","4","5","2","2","3","4","2","4","2","2","1","1",""
"0","11","2","3","6","4","3","1","3","4","1","1","5","5","5","4","1","2","2","5","2","3","1","2","1","1","1",""
"0","11","2","3","4","3","3","1","3","2","3","5","4","5","2","5","5","3","2","4","3","3","1","3","3","1","1",""
"0","11","2","1","2","3","3","3","4","4","2","1","5","3","4","5","3","2","1","3","4","3","2","1","3","1","2",""
"0","11","2","3","1","3","3","1","3","3","1","1","4","4","2","5","5","1","4","4","5","5","4","4","3","1","2",""
"0","11","2","1","2","2","1","2","3","3","4","3","5","5","4","5","1","1","4","5","3","2","4","3","3","1","1",""
"0","11","2","1","1","2","2","3","3","3","4","3","5","3","4","4","4","1","4","4","3","3","3","2","1","4","1",""
"0","11","2","2","1","2","3","1","4","1","2","3","4","3","3","4","4","4","3","4","2","1","1","2","3","1","1",""
"0","11","2","3","3","1","2","1","3","1","5","4","5","4","4","5","4","2","3","2","3","5","1","4","2","1","1",""
"0","11","2","3","3","4","3","2","4","1","1","1","3","5","4","5","2","2","1","3","5","2","1","1","2","2","1",""
"0","11","1","3","6","2","2","1","4","2","3","1","5","5","5","4","1","2","4","4","3","4","2","1","3","1","2",""
"0","11","2","1","3","2","1","1","4","4","5","3","4","4","5","5","4","2","4","2","2","1","2","1","1","1","3",""
"0","11","1","3","2","2","1","3","3","3","4","1","5","5","4","4","1","2","3","5","4","4","2","4","3","1","1",""
"0","11","2","3","2","3","2","1","3","3","2","1","4","5","4","4","2","1","3","2","1","4","2","4","2","1","1",""
"0","11","1","3","1","2","2","1","4","2","1","3","4","4","3","5","2","2","2","2","3","2","4","4","1","4","1",""
"0","11","2","3","1","4","2","1","3","4","1","1","5","5","5","5","2","4","2","5","1","3","1","4","3","1","2",""
"0","11","2","3","1","3","1","1","3","3","1","3","5","2","4","4","1","1","1","2","3","1","2","4","3","1","1",""
"0","11","1","3","3","2","3","2","3","1","5","1","4","5","4","3","1","2","4","4","1","3","1","3","1","1","1",""
"0","11","2","1","1","2","3","1","3","1","5","1","5","5","5","5","3","1","4","3","3","4","2","1","3","4","3",""
"0","11","1","2","3","2","3","2","3","3","3","3","4","4","4","4","5","2","2","4","3","2","4","3","1","2","1",""
"0","11","2","2","1","2","3","1","3","2","4","3","4","3","3","5","4","2","1","2","5","3","1","2","3","1","2",""
"0","11","2","3","1","2","2","1","3","1","1","1","4","3","5","5","2","1","1","5","3","5","4","1","2","1","1",""
"0","11","1","3","2","3","2","1","3","2","3","1","5","5","5","5","4","4","1","5","1","2","1","2","3","2","1",""
"0","11","2","1","1","2","1","1","3","3","5","1","5","5","4","4","1","1","1","4","3","1","1","2","2","2","1",""
"0","11","1","1","3","4","3","1","3","3","1","1","5","4","5","4","5","4","2","5","5","2","4","2","1","1","1",""
"0","11","2","3","3","2","1","2","2","4","1","3","5","5","3","3","4","1","1","3","2","4","1","3","3","1","2",""
"0","11","2","1","6","4","1","3","4","4","1","1","5","4","4","4","3","2","2","4","2","3","1","4","2","1","2",""
"0","11","1","3","1","4","1","2","3","3","3","1","4","5","1","5","1","4","4","4","3","4","1","4","2","1","1",""
"0","11","2","3","6","4","2","1","3","4","1","3","4","4","4","3","2","3","4","4","2","4","4","3","3","1","1",""
"0","11","2","3","5","2","3","1","3","2","4","1","5","5","2","5","1","4","2","2","2","5","3","4","1","1","1",""
"0","11","2","2","6","2","3","2","4","4","5","3","5","5","5","5","1","4","4","4","3","3","2","2","2","2","2",""
"0","11","2","3","2","4","2","1","3","4","1","1","5","4","3","5","3","3","2","2","5","4","5","3","3","1","1",""
"0","11","2","3","1","2","3","1","3","1","4","2","5","4","5","5","5","4","4","4","2","2","3","2","3","1","1",""
"0","11","1","3","5","3","3","1","3","3","3","1","5","5","4","5","4","4","2","4","5","1","4","3","3","4","1",""
"0","11","2","3","1","2","2","2","4","3","1","1","4","5","5","4","4","2","3","2","1","1","4","4","2","1","2",""
"0","11","2","3","1","3","1","1","3","1","2","1","5","5","3","5","1","2","4","3","2","2","4","4","1","1","2",""
"0","11","2","3","1","4","1","1","3","3","1","3","1","5","4","5","3","1","4","3","4","3","1","3","3","4","3",""
"0","11","2","3","3","2","3","3","3","1","2","3","3","5","4","4","3","4","4","4","2","3","1","1","2","1","2",""
"0","11","1","3","1","2","1","3","3","1","3","1","5","4","5","4","4","2","4","4","3","3","4","3","2","1","3",""
"0","11","2","3","6","2","3","3","3","1","1","1","4","5","5","5","3","1","3","5","3","4","4","4","1","1","2",""
"0","11","1","3","1","3","3","3","3","2","1","1","4","5","5","5","3","2","1","3","3","2","3","4","3","1","1",""
"0","11","2","3","4","3","3","3","3","1","5","1","3","3","4","3","2","2","1","1","3","3","4","2","3","1","2",""
"0","11","2","3","1","3","1","2","3","2","3","4","5","5","1","4","1","1","3","2","1","1","3","4","2","2","1",""
"0","11","2","3","1","3","1","1","4","3","3","1","4","5","4","4","1","1","1","3","2","4","2","4","1","1","1",""
"0","11","1","3","2","4","3","1","3","4","2","1","4","5","4","5","4","1","1","4","3","3","1","3","1","2","1",""
"0","11","2","3","2","4","1","3","3","1","2","1","4","3","3","4","2","1","1","4","3","3","3","4","3","1","1",""
"0","11","2","3","1","2","3","3","3","3","4","1","4","4","4","5","4","3","1","3","1","1","1","3","2","1","1",""
"0","11","1","1","6","2","1","1","4","2","4","3","5","3","4","3","3","4","2","4","5","3","4","2","3","1","2",""
"0","11","2","3","1","2","3","3","4","4","5","3","5","2","4","5","3","2","4","3","3","2","4","3","3","1","1",""
"0","11","1","3","6","3","2","1","3","1","1","1","4","5","4","5","5","3","2","5","3","2","4","3","3","1","1",""
"0","12","1","2","2","3","2","1","3","1","4","1","5","5","5","3","1","3","2","1","5","3","5","2","1","5","1",""
"0","12","2","4","4","3","1","1","3","1","3","4","4","5","4","4","4","4","1","3","5","1","4","2","3","1","1",""
"0","12","1","2","3","2","1","2","3","3","4","1","4","1","5","5","5","1","1","4","4","3","4","5","3","3","1",""
"0","12","1","2","3","1","2","1","3","4","5","4","4","4","1","5","1","2","1","1","2","1","4","1","2","1","3",""
"0","12","2","2","1","4","2","2","3","4","4","3","5","3","3","5","5","3","1","2","5","3","3","2","2","5","1",""
"0","12","1","1","2","3","1","3","3","2","4","1","5","4","1","4","1","1","2","3","3","1","3","1","2","1","1",""
"0","12","2","4","1","2","1","2","2","2","5","1","4","4","5","4","5","1","1","2","5","4","4","1","2","1","5",""
"0","12","1","4","2","2","3","4","4","4","5","5","1","1","5","4","5","1","2","1","1","2","4","3","2","1","1",""
"0","12","1","4","2","1","1","1","4","2","4","5","5","4","5","4","1","2","1","4","2","1","2","3","1","2","1",""
"0","12","1","1","2","3","1","3","4","5","4","2","4","1","4","5","4","3","1","3","3","2","4","1","2","1","1",""
"0","12","1","1","6","1","1","1","4","1","4","2","1","3","2","1","3","3","3","1","4","3","4","3","1","1","1",""
"0","12","1","1","2","1","3","1","3","3","5","1","5","4","5","1","1","4","2","4","1","4","3","5","1","1","1",""
"0","12","1","3","3","3","1","1","4","2","2","1","4","5","4","5","4","2","1","3","1","4","5","2","3","1","2",""
"0","12","2","2","2","1","1","3","3","3","5","1","5","4","4","5","1","2","1","4","3","1","5","3","3","1","1",""
"0","12","1","3","1","3","1","2","4","4","3","1","4","3","4","5","1","4","1","5","2","3","4","4","2","1","3",""
"0","12","1","1","3","2","1","1","4","2","5","3","4","1","3","5","5","2","3","1","5","2","1","1","2","1","1",""
"0","12","2","3","1","1","3","1","3","1","4","5","5","4","4","4","4","2","1","4","2","2","5","3","3","1","1",""
"0","12","1","2","2","2","1","3","3","4","4","3","4","5","5","5","5","2","1","2","1","3","4","4","3","1","2",""
"0","12","1","3","2","4","3","1","3","5","3","1","4","3","4","5","1","3","5","4","1","2","4","2","3","1","1",""
"0","12","2","3","5","2","1","4","4","5","3","2","4","4","4","4","4","1","1","4","1","3","3","1","1","2","2",""
"0","12","2","3","5","4","1","1","4","1","4","1","5","5","2","4","3","4","1","2","5","3","5","5","3","1","1",""
"0","12","1","2","2","1","1","4","4","2","4","2","5","1","1","5","3","2","1","1","1","3","5","2","2","1","1",""
"0","12","1","1","6","1","3","3","3","4","2","4","3","4","2","5","3","4","1","1","5","1","1","1","2","1","3",""
"0","12","1","4","3","2","3","1","3","1","4","2","4","4","4","5","4","2","5","4","2","1","5","2","2","1","1",""
"0","12","1","1","2","3","2","3","4","1","4","4","5","1","4","3","5","2","1","3","1","1","4","3","2","1","1",""
"0","12","2","3","4","1","1","3","4","1","3","1","4","1","4","1","1","3","1","1","2","4","4","3","3","1","3",""
"0","12","1","3","2","4","1","1","4","4","4","2","5","5","4","5","4","3","1","4","1","4","4","2","3","1","1",""
"0","12","2","2","1","3","2","1","4","2","5","1","5","4","5","3","4","3","1","3","2","2","4","3","3","1","1",""
"0","12","1","1","4","2","1","2","3","3","4","2","5","1","4","5","4","3","1","1","2","1","5","2","3","4","3",""
"0","12","1","3","1","3","3","4","4","4","4","5","3","5","5","5","4","4","5","4","3","1","3","3","3","3","2",""
"0","12","2","1","5","3","3","1","3","5","3","3","3","5","4","3","5","5","1","4","3","1","4","2","2","2","2",""
"0","12","1","2","2","4","2","1","4","2","4","4","1","5","5","5","5","1","1","4","1","1","5","2","1","5","5",""
"0","12","1","4","2","3","1","1","2","1","5","4","4","1","5","5","2","1","1","2","3","3","4","2","2","1","1",""
"0","12","1","4","2","1","2","3","3","5","3","2","5","5","5","4","1","2","1","3","1","3","4","2","3","2","3",""
"0","12","2","2","2","2","2","2","3","2","1","1","4","1","2","1","4","2","5","3","3","2","4","2","3","1","1",""
"0","12","2","1","1","3","1","3","1","2","3","2","5","5","5","5","4","4","1","4","4","1","4","1","2","3","1",""
"0","12","1","1","1","2","2","3","3","1","5","1","5","5","4","4","3","4","4","2","4","1","3","2","2","2","2",""
"0","12","2","1","1","3","2","1","3","2","5","2","5","4","5","1","1","4","2","3","2","1","3","3","2","1","1",""
"0","12","2","2","3","1","3","3","4","5","4","1","1","5","4","4","3","2","5","5","2","1","3","3","2","1","2",""
"0","12","2","1","2","4","1","4","4","2","5","1","5","5","4","1","3","3","1","3","5","3","4","2","2","1","5",""
"0","12","1","1","2","2","3","1","3","1","1","3","5","4","4","5","1","5","1","4","2","3","3","2","2","2","1",""
"0","12","2","1","1","2","1","1","3","4","4","2","5","5","4","4","1","3","1","3","3","2","1","3","2","5","2",""
"0","12","2","1","2","2","1","2","3","2","4","1","4","5","4","4","4","4","4","3","2","1","3","2","1","1","1",""
"0","12","1","2","3","3","1","1","4","4","4","3","4","4","5","1","5","5","1","1","1","3","3","3","2","1","1",""
"0","12","1","1","1","3","1","1","4","3","4","1","5","5","2","5","3","2","1","4","3","2","4","1","2","1","5",""
"0","12","2","3","2","3","2","2","3","1","2","5","5","3","2","4","4","4","1","2","1","4","4","3","2","2","1",""
"0","12","1","3","6","3","3","1","3","4","2","1","4","5","4","5","3","3","1","4","5","1","5","1","2","2","1",""
"0","12","2","3","1","2","1","1","2","2","4","1","1","4","5","5","5","2","1","4","5","3","4","2","3","3","1",""
"0","12","2","4","1","3","2","1","4","2","2","4","4","5","4","4","4","3","1","2","3","3","5","5","3","5","5",""
"0","12","2","2","1","1","1","1","3","5","4","4","5","4","4","4","4","1","1","2","3","4","2","3","2","1","5",""
"0","12","2","1","2","2","2","3","3","4","5","2","1","4","4","5","1","2","1","2","3","4","3","4","2","2","1",""
"0","12","2","1","5","4","1","3","3","2","4","1","5","5","4","5","3","3","1","3","3","4","4","2","1","1","2",""
"0","12","1","4","3","3","2","3","4","4","2","1","1","4","4","1","5","3","3","2","1","3","5","2","3","4","3",""
"0","12","1","3","2","3","1","1","3","3","5","2","3","5","5","5","1","1","1","3","2","1","3","1","3","2","2",""
"0","12","2","3","4","4","1","4","3","1","5","5","4","4","5","5","3","5","1","3","1","1","5","2","3","1","1",""
"0","12","2","4","6","1","2","1","3","1","3","4","4","4","2","4","4","1","2","3","1","4","1","4","3","1","2",""
"0","12","1","4","6","1","1","4","3","1","4","2","5","5","4","5","1","4","1","1","3","2","2","3","3","5","5",""
"0","12","2","3","5","3","1","1","2","1","4","2","5","5","5","4","5","2","1","2","5","2","3","2","1","1","3",""
"0","12","1","2","1","1","3","1","3","1","4","4","3","5","5","5","4","2","3","1","2","1","4","5","3","2","2",""
"0","12","1","3","2","4","1","4","4","5","4","2","1","5","5","4","3","2","1","2","3","1","4","4","2","2","2",""
"0","12","1","3","1","4","3","1","4","4","4","4","5","4","5","5","4","1","1","2","1","1","4","5","2","2","1",""
"0","12","1","2","5","2","3","1","3","1","2","2","5","5","4","5","4","4","1","1","3","1","1","3","3","2","5",""
"0","12","2","4","1","4","3","1","3","1","4","2","5","1","4","5","4","3","5","3","1","1","4","2","3","1","3",""
"0","12","1","1","5","3","3","3","3","4","5","5","1","5","4","5","1","1","2","1","1","2","4","3","2","1","2",""
"0","12","1","2","5","3","2","1","2","4","4","1","4","1","4","5","5","2","5","3","4","2","5","3","3","1","2",""
"0","12","2","2","5","2","1","3","3","4","3","2","3","5","2","5","1","5","1","2","3","3","4","4","2","1","1",""
"0","12","1","2","1","3","1","1","3","1","4","2","5","5","3","5","4","2","1","1","5","1","4","3","2","1","3",""
"0","12","1","2","2","3","3","3","3","2","4","2","4","1","4","5","4","3","1","4","1","1","5","3","1","2","2",""
"0","12","2","4","1","3","1","1","3","1","4","2","4","5","4","1","1","1","1","4","3","3","4","3","3","1","2",""
"0","12","1","3","1","4","2","3","3","1","4","4","5","1","5","4","4","2","1","2","3","2","4","3","1","1","1",""
"0","12","1","4","5","1","1","4","3","4","4","3","4","4","4","5","1","1","1","4","5","1","4","2","3","1","1",""
"0","12","2","3","6","1","2","1","3","1","1","3","5","1","5","1","1","3","1","2","1","3","4","2","2","3","1",""
"0","12","1","3","1","4","3","1","3","4","4","4","1","5","4","4","1","4","1","1","1","4","4","2","2","1","1",""
"0","12","2","3","3","1","1","1","3","1","4","2","3","5","4","4","1","2","1","2","3","2","3","1","2","1","5",""
"0","12","1","3","1","2","1","4","3","4","4","5","4","4","5","4","4","4","1","3","3","1","4","2","3","1","2",""
"0","12","2","3","3","2","1","2","3","1","5","2","4","3","4","1","4","1","1","3","3","2","4","1","3","1","3",""
"0","12","2","3","2","3","3","3","4","5","4","1","5","4","5","4","5","3","3","5","3","1","5","3","3","2","1",""
"0","12","2","2","2","4","2","2","4","1","4","1","4","5","3","5","3","2","2","3","3","5","5","4","3","5","1",""
"0","12","1","1","1","3","3","2","3","1","4","2","4","4","1","5","4","1","2","3","1","3","3","3","3","1","5",""
"0","12","2","3","2","3","3","3","3","4","4","1","5","5","4","5","3","3","1","2","3","2","3","3","3","2","1",""
"0","12","2","2","1","2","2","1","3","1","4","2","5","5","1","4","5","1","1","2","3","2","3","2","2","1","1",""
"0","12","2","4","1","4","1","1","3","4","4","5","5","4","5","5","4","1","1","1","1","4","4","2","2","1","1",""
"0","12","1","2","1","1","1","3","3","4","2","2","1","5","5","4","4","1","1","3","2","2","3","1","3","1","1",""
"0","12","2","4","1","3","1","1","3","1","4","3","5","4","4","5","1","1","2","1","2","2","4","1","3","3","1",""
"0","12","2","2","1","1","1","2","3","1","4","2","4","4","5","1","1","1","5","4","3","2","5","1","3","1","1",""
"0","12","2","4","2","3","1","3","3","3","4","2","5","5","4","5","3","4","1","3","3","3","5","2","2","1","2",""
"0","12","1","3","5","4","1","2","3","1","4","1","5","5","4","5","5","3","2","3","2","2","1","3","2","1","1",""
"0","12","2","4","5","3","2","3","3","3","2","3","5","5","5","5","5","2","1","3","2","3","3","3","3","3","1",""
"0","12","2","2","3","3","1","1","3","1","4","3","5","4","1","5","4","4","1","3","1","2","2","2","2","1","5",""
"0","12","1","2","4","3","1","1","2","1","4","2","4","5","4","4","1","2","5","3","2","2","4","2","3","3","3",""
"0","12","1","4","5","3","2","4","4","4","4","1","5","5","4","4","5","2","1","2","3","1","4","2","2","1","2",""
"0","12","2","3","1","1","1","2","2","5","4","1","5","4","4","5","3","1","1","1","2","2","4","2","2","1","1",""
"0","12","1","4","4","3","2","1","3","1","5","1","4","5","4","4","4","3","1","4","3","3","3","4","2","2","1",""
"0","12","2","4","5","1","2","1","4","3","4","2","1","4","3","5","4","3","4","3","1","2","3","3","2","1","5",""
"0","12","1","1","1","2","1","4","3","4","4","5","5","5","4","3","3","4","1","3","3","2","1","4","2","2","1",""
"0","12","2","2","4","1","1","3","4","4","4","1","4","5","2","5","5","4","2","3","3","3","4","3","2","1","1",""
"0","12","2","2","1","3","3","4","4","2","4","5","5","5","5","5","5","4","5","2","3","1","4","2","3","1","1",""
"0","12","2","4","1","3","1","3","3","4","4","1","4","4","4","4","4","3","2","1","3","3","5","3","1","1","2",""
"0","12","1","4","6","4","3","4","3","2","4","2","4","4","5","5","5","1","1","3","1","2","1","1","2","2","1",""
"0","12","1","3","3","1","3","4","4","1","4","4","4","4","4","5","5","2","1","4","3","3","4","3","2","2","5",""
"0","12","1","1","2","4","3","2","1","1","3","4","5","4","5","5","3","4","1","3","3","2","4","3","2","2","1",""
"0","12","1","3","1","1","1","3","3","3","4","2","4","3","4","5","5","2","3","3","3","1","4","3","2","3","2",""
"0","12","2","1","2","2","1","1","2","4","1","1","5","1","5","4","1","2","1","3","2","4","4","2","2","1","2",""
"0","12","1","4","3","2","3","3","4","4","5","4","5","4","4","5","2","3","3","2","3","2","3","1","2","2","1",""
"0","12","1","1","1","2","1","3","2","2","5","5","4","3","4","1","3","2","1","2","2","2","4","1","3","2","2",""
"0","12","1","2","1","2","3","2","4","5","4","1","4","1","5","5","3","1","1","1","1","1","3","1","1","3","5",""
"0","12","2","3","3","1","2","1","3","5","4","2","5","5","5","4","4","3","4","3","2","2","4","4","2","1","3",""
"0","12","1","3","2","3","1","2","3","4","2","1","5","5","3","4","1","4","1","4","1","4","4","3","3","1","5",""
"0","12","1","4","2","1","2","4","4","4","4","2","4","5","5","1","1","3","1","2","2","3","1","4","2","1","1",""
"0","12","1","1","1","2","2","1","2","4","4","1","1","5","4","5","3","3","2","3","1","1","3","1","2","4","1",""
"0","12","2","3","3","1","1","1","1","1","3","4","4","4","4","4","3","3","3","1","4","2","2","3","3","1","1",""
"0","12","1","3","4","3","1","3","3","5","5","4","5","5","1","5","1","1","5","3","3","1","4","1","2","5","1",""
"0","12","1","3","5","4","2","1","4","3","4","2","4","5","5","3","3","4","2","1","1","1","4","1","2","1","1",""
"0","12","2","1","1","4","3","1","4","3","4","5","4","4","4","3","1","4","3","3","4","1","4","2","2","1","1",""
"0","12","2","3","2","4","3","3","3","5","5","4","4","3","1","5","5","1","2","1","3","1","3","3","2","2","1",""
"0","12","1","4","3","4","1","1","3","3","4","5","4","3","5","4","4","4","1","1","1","1","4","2","1","4","1",""
"0","12","1","3","1","2","2","2","3","2","4","1","3","5","5","5","3","1","1","1","4","2","5","1","2","1","1",""
"0","12","1","4","1","2","1","2","4","3","4","5","5","5","4","5","4","1","4","2","3","2","4","3","2","1","3",""
"0","12","1","2","6","3","3","4","2","4","5","4","5","5","4","5","5","4","2","1","4","1","4","3","2","1","1",""
"0","12","1","4","4","3","1","1","3","1","5","2","5","5","4","4","1","4","1","1","2","3","3","1","1","1","1",""
"0","12","2","4","2","4","2","1","4","2","4","1","4","3","5","4","3","3","1","2","1","1","4","4","3","1","1",""
"0","12","1","1","1","3","2","3","4","3","4","4","1","5","5","1","1","3","1","2","2","5","4","4","3","1","1",""
"0","12","1","2","5","3","1","1","3","4","1","2","5","5","4","5","2","1","3","1","2","4","4","1","1","1","1",""
"0","12","2","3","3","3","1","2","3","1","4","2","5","5","5","1","3","1","5","4","2","1","3","1","3","1","1",""
"0","12","1","3","1","4","1","3","3","3","4","4","5","5","5","5","4","3","2","4","5","5","3","2","2","2","2",""
"0","12","1","1","4","4","3","1","3","1","5","4","1","1","4","5","5","2","1","1","5","4","1","4","2","1","2",""
"0","12","1","2","1","1","1","2","3","4","4","2","4","5","5","4","5","2","3","3","4","3","1","2","2","2","2",""
"0","12","1","3","2","3","1","3","3","4","4","2","1","5","4","4","3","3","1","1","4","2","2","3","2","1","1",""
"0","12","1","3","5","1","2","3","4","1","1","2","4","1","5","5","5","3","2","1","3","3","1","3","1","1","1",""
"0","12","1","3","6","1","2","1","3","4","4","1","5","4","1","4","3","2","1","3","1","4","5","4","3","5","3",""
"0","12","2","2","3","1","1","1","3","1","1","2","3","4","5","1","1","2","3","3","3","4","4","1","2","1","2",""
"0","12","2","2","1","2","1","2","2","1","5","2","5","5","5","5","3","2","2","5","4","1","4","4","3","4","2",""
"0","12","1","3","2","2","3","4","4","2","4","2","5","5","4","4","4","4","1","5","3","2","3","1","2","3","2",""
"0","12","2","2","5","1","1","1","2","1","5","2","5","4","5","4","3","1","1","2","2","1","4","5","3","5","3",""
"0","12","2","4","2","3","2","3","3","1","2","2","4","4","4","5","5","3","1","2","1","3","4","1","2","2","1",""
"0","12","2","3","5","4","2","3","4","1","3","2","4","4","4","5","4","5","1","4","3","3","3","3","3","1","2",""
"0","12","1","3","4","3","1","2","3","2","4","1","5","1","5","1","3","3","2","3","3","2","4","1","3","1","1",""
"0","12","1","2","1","4","3","3","2","1","4","2","5","5","5","5","2","2","2","5","3","2","4","2","2","1","1",""
"0","12","2","2","1","2","2","2","3","4","4","5","1","5","4","5","4","1","1","5","3","4","4","2","2","2","1",""
"0","12","1","4","5","3","1","3","4","1","4","1","5","5","5","5","4","4","5","1","4","4","1","1","1","1","5",""
"0","12","1","2","5","4","1","1","2","3","4","2","3","4","5","3","5","4","1","3","1","2","1","3","2","1","1",""
"0","12","1","4","2","1","2","1","3","1","4","4","1","4","4","5","3","4","1","3","1","1","3","1","3","4","2",""
"0","12","1","1","4","4","1","1","4","3","4","2","4","4","4","1","3","2","4","1","1","3","3","3","3","1","1",""
"0","12","2","1","1","2","1","3","3","3","4","1","4","4","4","4","3","1","1","1","1","4","4","1","1","1","1",""
"0","12","2","2","1","3","3","3","3","5","4","1","1","5","4","5","4","3","3","2","4","1","3","3","3","1","1",""
"0","12","1","3","1","3","1","3","3","3","4","2","1","1","2","5","4","2","5","1","3","3","4","2","2","1","1",""
"0","12","1","2","3","1","2","4","4","1","4","1","4","3","5","4","5","3","1","1","2","4","5","2","1","1","1",""
"0","12","1","4","2","1","2","1","1","1","4","2","4","4","5","5","4","1","1","1","1","5","5","5","1","1","2",""
"0","12","1","4","1","2","1","1","4","5","4","1","5","5","4","5","4","1","1","2","1","1","5","2","1","1","3",""
"0","12","1","4","1","3","3","3","2","4","4","1","4","4","1","5","1","4","2","2","2","1","5","3","3","2","1",""
"0","12","2","1","2","3","1","4","2","2","4","4","4","4","5","5","5","3","5","4","1","3","3","3","2","3","1",""
"0","12","2","2","4","1","3","1","4","3","3","2","1","1","5","5","4","4","3","1","4","2","4","3","1","1","2",""
"0","12","2","3","1","1","1","2","3","2","4","1","5","4","5","5","5","1","3","1","1","4","3","2","3","1","5",""
"0","12","2","2","2","1","2","4","2","4","5","2","4","4","5","5","4","1","1","1","2","4","5","1","2","1","5",""
"0","12","1","1","1","2","3","3","4","2","5","4","5","4","1","5","3","3","3","3","4","1","4","2","2","4","1",""
"0","12","2","1","2","4","1","4","3","3","4","2","5","4","5","5","3","3","1","1","3","2","4","4","2","1","1",""
"0","12","2","1","1","1","1","4","3","4","4","2","4","4","3","4","5","2","1","3","4","4","4","4","2","1","1",""
"0","12","2","2","3","2","1","4","4","3","5","2","5","4","4","5","4","5","1","1","3","3","5","1","2","1","2",""
"0","12","1","4","3","2","3","3","3","2","2","1","4","3","5","4","4","3","1","1","2","1","4","1","2","1","1",""
"0","12","1","4","1","4","1","1","2","2","3","1","5","1","4","5","5","3","5","3","3","4","4","4","2","1","1",""
"0","12","2","1","2","2","1","3","3","2","2","2","1","4","5","4","1","3","1","1","1","4","4","2","2","3","1",""
"0","12","1","2","2","3","1","1","3","2","4","5","5","4","4","5","3","2","1","3","1","4","4","3","3","2","1",""
"0","12","1","1","5","4","1","1","3","1","4","1","5","5","5","3","5","3","4","3","5","1","4","1","2","2","1",""
"0","12","2","4","1","1","2","2","3","1","4","1","4","3","4","4","4","3","4","1","1","1","4","3","1","1","3",""
"0","12","2","4","3","4","1","2","2","3","4","5","1","5","5","5","4","1","1","1","1","2","4","2","2","2","2",""
"0","12","1","2","1","2","2","1","4","1","1","4","3","4","4","5","4","4","1","1","2","2","4","4","1","2","1",""
"0","12","2","1","3","4","2","4","3","1","4","1","1","4","5","1","4","4","1","2","1","1","4","3","2","2","1",""
"0","12","1","1","2","2","2","1","2","3","4","1","4","5","4","5","3","1","1","4","5","5","4","2","3","1","1",""
"0","12","1","3","1","3","1","2","4","4","5","4","5","1","4","4","3","2","1","3","2","3","4","1","2","4","2",""
"0","12","2","4","2","3","1","1","3","4","2","3","4","4","4","3","5","1","1","1","3","1","3","1","3","1","2",""
"0","12","1","1","2","1","2","1","3","4","3","3","5","4","5","5","4","3","2","4","3","1","3","5","3","4","1",""
"0","12","1","2","1","2","1","1","3","3","3","1","5","5","2","4","1","3","1","4","5","4","5","4","1","1","2",""
"0","12","1","3","1","4","1","1","4","1","1","2","4","5","2","5","5","1","1","4","2","2","3","3","1","1","5",""
"0","12","1","1","1","4","1","3","3","4","4","2","1","3","4","1","4","2","1","4","3","5","4","2","2","1","1",""
"0","12","2","4","1","3","1","1","4","1","4","4","4","5","4","5","4","2","4","4","2","3","3","1","3","1","1",""
"0","12","1","4","4","2","1","2","3","2","4","1","5","1","5","4","1","3","1","3","3","1","3","4","2","1","1",""
"0","12","1","4","3","1","1","1","3","1","4","1","4","5","1","3","3","3","1","3","3","3","1","4","2","1","1",""
"0","12","2","2","3","4","1","2","4","3","4","2","5","5","4","5","1","1","1","4","2","3","5","3","1","1","2",""
"0","12","1","4","3","4","3","1","3","2","4","2","1","4","5","5","3","4","5","4","2","1","3","5","2","3","1",""
"0","12","1","3","1","3","2","4","4","4","4","3","5","1","4","5","1","3","1","2","1","3","4","2","3","3","3",""
"0","12","2","4","4","3","1","3","3","1","4","4","5","1","5","3","4","4","4","3","2","2","3","3","3","2","2",""
"0","12","2","3","2","1","1","3","4","3","5","1","5","5","4","5","3","2","2","2","3","3","1","2","3","3","1",""
"0","12","2","3","1","4","1","2","3","3","3","4","5","4","5","4","1","5","1","4","1","2","1","3","3","1","1",""
"0","12","2","1","1","4","1","4","3","4","4","5","5","5","2","4","3","4","1","1","3","3","4","2","1","2","1",""
"0","12","2","2","4","1","2","4","4","4","4","2","4","5","2","4","4","4","1","3","1","1","1","3","3","1","2",""
"0","12","2","3","5","3","3","2","4","1","4","4","4","4","5","1","5","4","1","4","1","3","4","3","3","1","2",""
"0","12","2","1","2","1","1","3","3","4","4","1","5","5","4","5","3","3","3","4","1","1","4","5","3","2","3",""
"0","12","2","4","6","4","1","3","3","4","2","3","4","4","4","4","3","2","1","1","1","3","3","5","3","3","1",""
"0","12","2","2","1","3","1","1","4","4","4","4","4","4","3","1","4","5","1","2","1","1","4","2","3","1","2",""
"0","12","2","1","1","2","1","3","4","1","4","4","1","4","1","5","5","3","1","1","1","4","4","4","2","3","2",""
"0","12","2","3","1","3","1","1","4","4","3","1","4","5","5","3","4","3","1","1","1","3","4","3","2","1","2",""
"0","12","2","4","1","3","3","1","2","1","4","4","5","4","4","4","5","1","5","4","2","3","5","4","1","3","5",""
"0","12","1","4","1","4","1","3","3","4","4","2","4","5","5","3","4","4","1","2","3","2","4","3","3","1","2",""
"0","12","1","3","1","1","1","1","4","4","4","2","5","5","5","5","1","2","2","1","1","3","1","2","2","1","1",""
"0","12","2","1","1","1","1","1","4","4","3","1","4","4","3","5","5","1","1","4","3","3","3","1","3","1","1",""
"0","12","2","2","2","2","3","1","4","4","4","1","4","5","5","3","1","2","5","1","3","1","1","3","2","2","1",""
"0","12","2","4","5","2","2","3","3","4","4","2","1","1","4","3","5","1","1","2","4","3","4","3","2","1","2",""
"0","12","2","1","5","1","1","2","2","1","4","1","5","4","3","5","4","5","1","3","3","4","4","1","3","1","5",""
"0","12","2","3","6","2","1","3","4","4","5","1","5","5","4","1","3","1","3","4","2","3","3","4","1","1","1",""
"0","12","1","2","1","1","1","2","3","1","5","2","4","4","1","5","5","3","1","4","3","5","4","1","3","4","1",""
"0","12","2","3","1","4","1","1","4","1","2","1","1","4","4","5","1","3","1","1","1","4","4","1","3","1","1",""
"0","12","2","3","3","4","1","1","3","1","4","2","5","4","5","5","5","4","3","4","2","4","1","1","2","4","1",""
"0","12","2","4","1","1","1","3","1","4","5","2","5","4","5","4","5","2","1","5","3","1","4","4","1","2","2",""
"0","12","2","1","2","3","3","3","3","1","4","1","4","4","4","5","1","3","1","1","3","3","3","4","3","2","1",""
"0","12","2","4","2","4","2","3","3","4","4","2","3","4","4","5","3","2","5","2","3","2","3","2","3","1","1",""
"0","12","2","4","1","4","1","1","3","4","4","2","5","4","5","5","3","4","1","2","3","2","5","3","2","1","2",""
"0","12","1","1","2","3","3","3","3","3","4","1","5","5","1","5","1","3","1","3","5","2","4","4","2","1","2",""
"0","12","1","4","1","4","1","3","3","1","4","1","5","4","5","5","4","3","2","5","2","3","4","1","2","1","1",""
"0","12","2","1","1","3","1","3","4","2","4","3","1","1","4","4","5","3","1","4","1","4","4","4","3","2","2",""
"0","12","2","3","3","1","2","3","3","1","5","2","4","5","5","4","5","5","2","4","3","2","5","5","2","1","1",""
"0","12","1","1","3","2","2","3","3","3","5","3","5","5","5","4","4","4","1","4","2","1","4","2","3","5","2",""
"0","12","1","1","2","4","1","3","3","3","4","2","5","5","2","3","4","3","1","2","3","2","3","3","3","2","1",""
"0","12","1","1","4","4","2","2","3","1","5","5","5","5","4","4","5","4","1","3","2","1","4","1","3","5","1",""
"0","12","1","2","1","1","1","1","3","1","5","5","5","5","4","1","4","5","3","5","2","1","3","3","3","1","2",""
"0","12","1","4","1","3","1","3","3","1","4","2","5","5","5","4","3","1","1","1","1","1","3","2","3","1","1",""
"0","12","2","3","2","4","1","3","4","2","4","2","5","5","4","1","5","3","1","3","3","3","4","3","2","5","1",""
"0","12","1","3","2","1","2","2","1","4","1","4","4","5","4","1","3","4","3","1","2","1","5","2","3","1","1",""
"0","12","2","3","3","2","3","3","3","1","4","2","4","5","4","5","5","3","3","2","3","3","4","2","2","1","1",""
"0","12","2","4","2","4","1","3","4","2","3","1","4","4","4","5","2","1","1","3","1","2","3","2","2","1","1",""
"0","12","1","2","1","1","3","3","4","1","4","1","4","4","4","5","5","3","1","4","3","4","4","1","2","1","1",""
"0","12","2","4","3","1","1","1","3","3","4","5","3","4","4","5","1","3","1","2","3","4","4","2","3","1","2",""
"0","12","1","4","1","1","1","1","1","5","4","2","4","5","4","3","4","3","2","3","3","4","3","5","3","1","1",""
"0","12","1","3","3","4","2","1","4","1","5","4","4","4","4","5","5","3","1","1","5","4","4","3","3","1","2",""
"0","12","1","1","6","4","1","3","3","4","4","5","1","5","4","5","3","3","2","1","1","1","4","4","3","2","1",""
